annual_income,loan_amount,credit_score,existing_debts,loan_duration,approved
74901.42459033697,29645.158085383347,684.8286247666819,0.0,48,1
55852.07096486446,40835.01610839041,678.3323592535667,4175.215295946922,36,1
79430.65614302078,32078.568168645714,556.3480154194509,11194.57390561121,84,0
105690.89569224077,53312.541408383586,707.9584221763738,22245.03366387037,48,1
52975.39875829992,85915.35594385739,500.99173244233816,35362.43489910317,48,0
52975.89129152458,26868.73528576386,584.5815674239672,30412.039150576464,60,0
107376.38446522175,80024.61493305242,450.0912187102192,2310.128023287718,60,0
83023.04187458726,26549.837829593373,805.8626516962814,14424.316067515214,120,1
45915.768421951434,24571.183625093472,626.8450506054704,21145.6338305385,120,0
76276.80130757893,74557.8385502964,850.0,16066.893133302508,84,1
46097.46921562613,77658.09134022851,730.2949926519495,15960.571611975585,48,1
46028.10739289229,75542.29810287963,694.8098213351025,0.0,12,1
67258.86814698103,10526.077753455764,591.3772305719001,2708.9877329053925,84,0
20000.0,36021.47065783848,545.364996431258,13955.902262910902,48,0
20000.0,74689.65776009964,702.2971573896946,0.0,24,0
43131.37412277082,51246.25521691684,642.8485990727017,29609.664800147817,84,0
29615.066389967287,17789.214614076074,516.0729684514699,0.0,120,0
69427.41997785821,63749.538173763256,498.3141583491681,30302.571998977066,24,0
32759.277734363674,28555.782230255885,554.1296270856416,28983.74006706365,24,0
20000.0,103835.74545176636,832.0967225266231,11844.604353314237,24,1
103969.46306764662,96345.24387254776,850.0,35008.224885523065,36,1
53226.71098540393,68122.92279066701,670.498914730891,31147.960173873995,120,0
62025.84614063772,90830.2011430932,664.8942796241288,15365.577937480391,12,1
20000.0,51943.74050370143,616.3679628170479,13673.605772124523,36,0
43668.51826424452,72963.12483125048,556.5514651690498,36458.49178496535,36,0
63327.67769129598,94331.60885906225,787.5179057607244,23480.207591114962,24,1
25470.192677330917,57364.96045382938,837.3576393897135,35670.457525522135,12,0
71270.94055037016,42344.384854571486,560.6580914160714,0.0,120,0
41980.83930243585,5000.0,641.7161621575399,21477.276455291933,12,0
51249.1875062017,47505.99422835518,605.0133699289833,0.0,48,0
41948.80163311809,74702.69553686935,607.9760925135023,19613.172387698552,84,0
115568.34553526813,78369.00282702889,768.5908255429862,30707.303125188257,36,1
59595.08325786198,65130.95197155229,518.8038454633878,46087.102186236545,84,0
28268.67213132299,33761.0271511328,696.6469690936307,5927.49907344221,84,1
84676.34736309567,5000.0,722.8238107305865,12114.427920470256,12,1
23374.690500869336,35143.54705985795,635.7848826398181,18567.006393866937,120,0
66265.90785014266,40869.65386838146,739.3067826986772,5382.033478071642,60,1
20000.0,40612.130984299576,664.765184053745,34678.39593183886,84,0
20154.418533047086,68556.69070933774,771.7129921156112,18948.581819515646,36,0
65905.8370760737,109570.2923304452,497.77946950741455,21829.35535064069,84,0
82153.99739986232,53705.87605523279,615.122473899313,29302.596901612378,12,0
65141.048435699115,43498.04632530615,642.8186857148966,18924.327254368858,60,0
56530.551528352786,42223.34560987722,382.7792615528651,7736.913077362022,84,0
50966.88913232133,53731.54300723143,541.4047266421466,19054.696425522994,60,0
20000.0,25151.187189548033,568.6400745641214,7157.279607299162,60,0
38404.67374815874,53605.956762381655,744.820599482335,21619.713336747292,24,0
46180.836871206375,63524.370089954,579.31566536854,34954.06581202695,120,0
91713.66678656747,56290.58190723464,568.1921012694023,2375.3256159150224,120,0
70308.54868705384,63726.25802014343,731.7485780656192,0.0,120,1
20000.0,63012.42828045606,488.2089354209945,20738.74903879511,48,0
69722.51908184384,5000.0,442.8755932556428,8483.005748841411,84,0
48447.5315875105,69106.10475186209,613.8407699930654,20476.179116179534,84,0
39692.33999082124,29869.554630126393,505.22932319216443,24806.052809145513,48,0
78350.28866522603,17124.82510988126,509.0320705340351,0.0,12,0
90929.98567487852,16866.445164350116,707.3433791687982,30347.74141487813,120,1
87938.40357348596,63006.24831417588,737.5973837912579,2454.9724556712645,12,1
34823.47430332084,43322.752183254415,728.8864215852125,19664.780741529652,84,0
50723.62872446356,5000.0,760.8776660307233,10109.264968423548,120,1
69937.90294210691,64341.1344557685,774.1134320014802,11720.644778235584,84,1
89266.35381367078,6811.756076035177,437.1409791173069,45409.36909426982,48,0
45624.7728646413,54194.64075554632,695.0411959929467,24789.012811934917,60,0
54430.230700085485,57154.96777019162,597.0391800430441,33570.32604430386,12,0
26809.950779819155,76567.31245085134,575.2575754009564,22264.120313041145,84,0
24113.801277579878,103450.54359400555,706.0414632208706,29300.203619824308,24,0
84375.77467182594,9059.710222983747,476.9704520104248,26260.67543215178,120,0
100687.2008571247,48425.78431810852,474.88913941276803,23816.842170302385,24,0
57839.696352589985,41709.94114867348,713.3572744081717,36607.338637470195,48,0
90105.98693676072,63012.49057882887,698.7786017510898,22347.58180766405,12,1
70849.08075142902,56470.06312800856,663.673265587151,54277.228583265576,12,0
40646.40736184627,39423.6127179014,562.0086595276863,34407.973592186565,84,0
70841.86816525241,36772.934341674336,724.3829634582124,2906.889533904654,84,1
106141.09699397907,16506.47434447857,718.0302892060475,17351.754365255263,120,1
58925.21882670146,79635.84747219528,658.5304515047454,25956.163992360023,60,0
106939.30967442019,63776.125447985876,532.2678958730229,20667.452535680553,12,0
20000.0,77533.04593385413,607.4751654270493,30303.101284582517,48,0
84657.07513125672,40688.115905734594,733.7833677524443,31955.250572508103,12,1
62611.41204714514,30294.935939167088,782.7191222801787,0.0,84,1
51029.779486023974,17650.548001123167,617.3463396623672,39216.163170747415,12,0
62752.82329606507,60767.527512219785,625.0327032191738,12547.738017709335,24,0
20000.0,18806.203264152962,633.8310891974938,11061.432412028642,48,0
53409.84336487464,105459.8920689965,677.4893008910972,11013.164109416894,36,1
70713.3771453524,10770.72256719679,591.8932699939976,32128.646089858747,48,0
104336.82134224547,58209.80357637505,360.58149424284164,15993.98452778321,48,0
44451.89345179058,97005.64121641358,769.2769001647097,10046.725334934388,84,1
35745.19191320437,67972.69277791427,829.4688947162549,13640.612638346942,36,1
44947.2886924639,55270.21137475338,588.7600140394287,0.0,120,0
87462.06353106222,20945.49059114313,543.3346631081226,7367.543540727698,84,0
69862.53328979053,8546.92434296888,636.2899477609778,1406.2467702035065,36,0
44107.19388698884,73101.50326752757,631.2496116271227,15962.460042561632,24,0
75398.02299340068,95184.4172232484,749.5518577162959,29962.899054103887,60,1
62912.32648044121,36834.50028565485,655.4639441645038,28308.138513998405,48,0
89059.34971598667,15828.154771509471,570.7377169628817,38851.257463198745,48,0
38938.40718367943,5000.0,518.1590549441951,35509.63725944931,48,0
50170.135602066955,20577.05469012387,736.5634184819673,12071.049276224343,48,1
48236.75540603527,46590.2947250288,709.9511241164249,20286.0710113057,24,0
20000.0,97973.69722510202,756.0559878091819,19511.65858667872,48,0
68883.60831193728,70194.01076698906,553.1813249278906,0.0,36,0
67831.65816539669,59152.562141202594,833.8436899528328,1741.106946353837,36,1
60153.403699273826,37996.41016096607,475.6305492942763,17490.699842733313,12,0
52962.385998745594,32505.02848232131,720.9601021401479,17406.553472887874,24,1
20000.0,92169.42792523891,459.04172328030984,27684.875813077502,12,0
47380.64031703923,56022.156222751684,570.9668618301532,26954.62444303772,48,0
49718.56450419691,5000.0,806.1022930447959,0.0,120,1
35931.68192335143,29793.810563082716,733.136425447599,27778.95101686295,24,0
55161.42865001973,24253.519046851197,595.3779584512818,22678.808096806457,120,0
72121.52570443615,33612.07972467605,598.1162957178312,29350.59772466944,24,0
116585.5770363159,66887.31980855255,660.0622110835442,36002.98381462384,60,1
65237.33438495517,46776.653546172514,701.4140990760723,17856.755408180423,60,1
67726.51172168294,47694.03778989014,775.1579382682696,38683.8235547012,120,1
57766.62252701498,89404.1948397571,604.3765995391506,6658.993191604302,12,0
20000.0,29106.167306399348,488.82149365127987,5813.928194416723,12,0
59204.58373652349,105925.98577662048,665.696862704876,26431.582852033116,36,0
61806.906298230795,29860.77225886742,604.2569162491606,14468.486820422302,120,0
133897.2633745586,52675.94589837714,519.9366295251552,23924.488469284544,36,0
54229.17105656632,41563.89213791699,679.7668915312794,49894.73179766737,84,0
69046.42027000837,53702.57400502883,628.6886245907211,25902.426102559635,120,0
58958.646908842704,63337.75985219387,680.6512206469795,23182.543082961794,84,1
24939.658871414038,63015.0572026663,560.555579981282,6961.69432022229,120,0
94284.68443545062,27406.4800813826,698.6710530325498,0.0,84,1
82557.99098060322,16312.559676572877,518.2901803245022,18911.800770897342,36,0
83730.95841129142,125095.15372717132,567.2268610303418,36003.053699122946,24,0
32718.37635615783,35480.46981198341,625.7085768912723,15155.92989408989,48,0
102083.82932808297,70976.3731601596,824.1818414959714,26021.937488080534,12,1
20000.0,5000.0,728.4825368548494,41397.459090778735,36,0
77605.7128140081,41611.6184028597,757.719250426779,41022.7446984554,120,1
125713.66877429935,46184.01848052671,791.7077033343144,26432.238314026737,24,1
30283.91024607935,64184.452097834976,850.0,22551.597179860142,60,0
43011.068111916844,5000.0,654.1589067558434,0.0,48,1
62989.540952629235,54984.21839234992,792.0400923129855,10547.080337345893,60,1
44895.730376514024,15507.756338963212,751.2635254401941,15788.662879728903,84,1
20000.0,59730.37133584771,749.6032503307525,7215.025828487718,120,1
62056.88924418082,18910.124094855113,827.4239618040181,23726.798944291466,60,1
28130.888588216854,24335.51912223256,608.0686969015524,48674.72275229152,120,0
74207.77291905545,41791.171688201954,600.131497606362,42766.42388992425,48,0
32417.272972985906,18430.11591190414,681.9765513481861,23658.197927468107,24,0
106498.03215052618,35733.966597939354,631.7300228078113,31691.511080372427,120,0
36502.40122991289,14198.726943700538,681.8500852998174,9070.935269658215,60,1
50338.15451382974,5000.0,806.2748785053011,41961.340260032026,24,0
84405.51652109009,80538.71157288078,602.1853277293721,0.0,60,0
23074.07050698134,11118.539215282151,619.532103740627,33692.42241629244,36,0
66823.79803812389,44639.573371760496,667.4311003526577,27433.84565299662,120,0
99214.28262847284,72586.73244481355,627.1681573974831,8662.109198683633,84,0
20000.0,31551.676924518706,458.5994171986513,16868.198648930935,48,0
65539.01575596913,25245.023007633863,591.987235730106,2986.20945265911,12,0
67796.4838274527,56787.14266002264,718.7373242237504,3625.3992829665185,48,1
83454.68615331932,83538.01468181456,793.7546750932646,0.0,60,1
22891.47867365754,14920.542047405936,534.5381432462273,31512.70853301067,60,0
20386.30160747171,45495.56503947683,534.0717600769157,38080.174541400214,84,0
75658.24696850692,5000.0,653.0233802717336,0.0,120,1
68909.54019699559,38203.9698895343,442.44049351221634,47574.58274227259,36,0
67514.7855103763,51026.140536142266,605.5029797012872,19819.876450447402,36,0
70393.44628490927,24361.260747348028,476.3957940448606,24347.79807315257,48,0
39599.25835264528,36290.24498524306,786.9061299842465,0.0,12,1
66967.6109148301,7753.196950776495,573.0668845649595,39812.38625247298,84,0
68792.17419896043,52312.35834144481,815.2834186339028,23003.75139750251,48,1
38569.45745920896,81670.82746649449,761.3521353458339,37082.39359656948,12,0
115973.2353343427,17085.683906886094,585.3682702302583,38312.87480971615,24,0
74214.98762735362,31319.847003428513,542.8040363153923,40023.11634081905,60,0
24260.895083920543,65076.38739362545,630.6454250832411,10275.788362216957,24,0
79696.60825901489,86362.72157968208,639.5353375741797,16880.569881601932,48,0
30759.549893180356,5204.3056337320595,684.6146943952401,10824.46887905728,12,1
83612.53811227356,44936.45787752152,572.3456710469821,33426.44694111925,12,0
94757.86737022211,58493.92466958575,724.6394873522203,24993.33844045611,24,1
35379.530449448685,46938.30828113456,676.53280549999,36037.17296019857,36,0
88901.28387732965,5000.0,615.9604843284136,36691.082045858486,36,0
72383.42780809494,65032.700279263154,578.7959344581977,0.0,84,0
84661.8047998347,95580.09053271933,631.5115016901314,40261.55195830809,24,0
116903.78947961843,53499.852535085105,568.3098748172431,34262.914366485755,36,0
52638.35651991388,19066.818401172102,655.8438694883588,14461.626752217537,12,1
37387.91506927532,34606.182609071504,658.5438685219909,25246.891497944434,48,0
33314.5671112343,103097.3920296678,676.1707283476339,18144.95642625944,36,0
35525.69145103685,77298.87622581676,826.6242409671854,29240.83517946764,84,0
57686.94871757687,69200.79855152988,636.7555280300428,14429.054289426855,12,0
70234.55924449931,60692.377506031284,750.4597867124482,27183.908617536614,84,1
68300.72397990058,30165.886634270828,672.9587396975702,21009.57956989028,120,1
84815.49747108071,43982.86458032695,626.1755698101546,13517.091447570421,48,0
60390.05675633721,47662.31792964452,638.0840730048766,22852.043673530883,12,0
103606.0223147195,66487.22948193332,644.117359083195,60597.04360233137,120,0
52060.29500286132,95267.56682800711,677.9767707728216,9716.950552614773,120,1
141605.07499768859,83550.14410379383,554.067923478103,16250.846131076461,120,0
78770.02043295019,7418.469326118779,503.4659616555033,9978.314005504539,60,0
34285.273307511525,56719.849067031464,715.4297393474276,11551.754217086243,120,1
27873.22505816663,72102.90035503691,739.8123832581259,32236.615300780373,48,0
74474.17245729556,68565.80990433905,724.5635832802802,30738.23689454102,60,0
53296.116440224476,31122.987098377416,665.4972018556473,19912.047450180355,120,1
81420.01482276275,137423.27647305085,726.7224627453288,35394.44877903668,36,0
74197.12873720634,11687.463130066433,721.3429026017143,31901.64943241465,84,0
57815.132620293814,17504.3466000185,728.7629358954955,17564.98720960679,36,1
34596.18845794785,57007.85243784729,564.0459178657886,0.0,12,0
20000.0,113504.09164891561,540.3048202845368,32446.74511923504,24,0
46604.55143798937,24914.154478874872,611.1430753247729,22544.969315029623,12,0
85691.96382970417,42025.14903059023,648.2615890457345,20333.35195550888,120,0
66422.81232390612,82318.81019047079,625.807887286771,13009.279699854269,84,0
22627.836638640358,49464.135353367994,462.3309668662124,31169.73423674474,84,0
65195.427775535456,39961.88436409113,822.1692612135142,25227.443786427513,84,1
71559.5213918651,66968.9870566016,622.5954011114264,16447.579357965547,60,0
33484.27691396601,58175.539706887794,667.2704416576954,1618.181791716328,84,1
64611.753178365834,80913.16356910374,774.4548990763059,36018.93652820114,48,1
61746.26155338,88744.0666719609,415.5027730478795,29073.578347338156,24,0
25710.891065081305,59210.09180016085,598.8306128088288,23831.043499183936,12,0
70733.6208104485,58751.98176134927,611.2882726420196,0.0,60,0
76823.53579104703,56423.32946858401,616.3689954549355,19431.5861432591,60,0
92491.53729525831,64673.91669947863,632.6513409286047,16381.94444786505,36,0
91614.06156104708,51655.11913614392,794.7134798444845,10722.564724184891,12,1
20000.0,49981.74553033132,717.3458875727223,31313.529178464265,12,0
31865.248802546317,85898.81362481727,745.8035268628829,30722.90051250916,84,0
75451.05801625979,95483.4854106513,654.7120271810924,26552.370757885816,120,1
75413.57852736626,5000.0,510.06269538544984,35568.36372151614,84,0
75451.43058918143,50300.634552217074,442.0302964853993,4665.522289492363,60,0
175581.94471964164,29339.166996642958,497.05922767683694,13195.1891484604,12,0
77126.71532079502,40670.85600541783,685.9765704166019,21121.883947787086,84,1
94066.96920541796,62075.48629205964,653.1769712697635,10669.969711581272,120,1
88620.05290479607,70083.15114627406,628.9836352443992,30907.538325553134,36,0
79541.73753917395,46636.20669165965,613.1423093259864,12166.987278024571,24,0
50541.92266078963,5000.0,850.0,39475.55006670132,60,0
82769.07661479802,21048.63258271461,567.7096409023526,6032.608973747154,36,0
36815.24356387285,76894.99010600497,742.7819456116059,51979.75474250926,36,0
52895.44179779974,5000.0,650.1912936020994,50439.46033403634,48,0
45439.093565126896,85622.81455046,643.9060488214003,18578.70280526983,24,0
62456.22418158968,65636.89971933624,767.6637548616744,37192.55676388623,36,1
129439.75700020527,89485.28244590067,796.2530382691444,13993.579092370896,48,1
20000.0,44042.924393571186,626.0450543115162,35199.29747347017,48,0
80587.8057112354,5000.0,729.9202719242143,17360.325028148436,12,1
20000.0,62910.87924519494,686.3891362150054,718.4015223727401,84,0
45842.044026316995,88239.59372115025,650.7437138809914,0.0,36,1
92668.51790902099,77741.65416540264,670.4254942657026,15969.298308940844,60,1
61928.40057286388,30119.25549535894,581.1991185155163,24185.93763027939,12,0
27667.656662120815,52602.8322638794,619.3900606668915,39954.74639054325,24,0
38540.88872220095,34014.91193660228,591.9364720247294,20549.375482270858,84,0
80387.93246804028,25422.006074318837,740.137671642892,35043.65202076383,60,0
38089.0010484859,78661.65713539554,640.4798884458937,13190.876791677098,60,0
66493.75768745925,14074.030662045137,520.2285975384962,14940.815457028322,48,0
61367.155197114414,23185.50708255162,577.6562776836912,35810.53523792878,36,0
40451.989571825485,16879.23099582844,330.07353547878216,0.0,48,0
124318.32267975976,5292.574301028602,600.5507398117852,20194.75743354374,48,0
79017.57066954034,54392.4287552781,653.7645065097149,14000.579756662026,36,1
20000.0,84845.09145445928,636.3864151133026,40409.16807278426,36,0
65593.62944308283,44453.697312642034,848.0154351531393,12076.3055753027,120,1
40146.406056948355,5000.0,707.4906040915037,27748.774543551415,36,0
85573.00004388671,75198.33619226083,703.045185308915,33822.75454002041,48,1
36224.37784701898,100571.05262104914,485.6730965429722,0.0,84,0
56557.906755993026,30612.730275602164,613.5357945882868,17909.445375891482,120,0
75149.61836941371,35643.37199846845,601.3337192676304,13525.453488710931,36,0
85972.65582510365,65469.81890250183,571.3918801191992,34194.39870244391,36,0
23991.107788326713,98656.21243355154,570.0119334486653,30126.227612182905,60,0
49964.96292477155,34404.97562824321,469.18770460583767,16501.96954911227,48,0
45751.64066517132,10026.506570053847,522.4146795318671,4288.879243759226,36,0
40400.12302278864,68942.55818817219,737.409340276495,35572.20044030135,48,0
112963.62720843291,73972.04219426899,635.7085308006817,18985.20835101828,24,0
72149.45132882867,50183.94351305681,599.3597581725666,0.0,12,0
22173.481369948648,33256.00221027648,649.4588665347292,0.0,60,0
87535.85841164328,79831.36192976139,766.7390678701152,26564.501451094646,120,1
123664.68591037899,65841.08013643893,650.4210520875786,862.9071085172218,60,1
90973.95781653441,26946.934492895212,704.0374130931039,47894.712404054204,120,0
20000.0,51472.841939170146,565.3395157611742,5943.945734610041,48,0
45472.97781401246,9448.774039260607,588.137004925328,19994.58911964086,36,0
98007.33447559868,70576.7136931376,685.3976885063676,22386.679492404583,120,1
38769.91603143657,42132.99291851433,839.2653708337114,9059.333911447315,48,1
73314.58284438685,36928.67502845789,792.9774859514874,0.0,84,1
83239.02160288011,49013.76544542697,708.2828069456139,22863.426464243414,12,1
32192.08585265751,51209.230979907436,665.1433760160718,8701.400148466128,60,1
58214.239318146,76847.90184696682,790.1069355627171,21748.076414246647,60,1
20000.0,67732.71593975664,729.4678323045124,18165.034216419364,12,0
29268.370759971305,45307.721636215916,420.6337977629339,23949.36872107705,48,0
52422.95545820519,72910.04449156986,544.6069152144778,43428.051809840894,60,0
22566.504541054514,62022.11761074839,683.8140325357932,11807.254809093163,36,0
108972.33911794906,37202.01091141889,471.30324344490276,12967.33018486256,48,0
20000.0,46258.45525290542,560.2410995243138,0.0,36,0
46798.66539909049,45553.31333470638,580.0185056342026,17072.24073351058,120,0
63922.21731858274,65157.84029522605,624.3834093754166,26148.049839124495,84,0
103238.19867198347,38989.32155835075,621.2569791773792,12747.576836434597,84,0
20000.0,38287.724407351,621.0879572833173,26246.457506082366,84,0
94894.91256464878,109062.71928301876,732.5307517240313,17337.372117662133,24,1
60306.99183058761,78192.06445241312,623.4776134549465,466.00643046515324,12,0
30554.74046856147,27181.98006724583,611.5369867928766,24679.77606774657,84,0
73863.10422789812,67128.22981826594,515.0827895856484,16912.51799652474,60,0
65971.79086720411,53550.50196965532,752.4346201985825,21841.36732114037,12,1
41993.49368523616,61746.53525780281,582.8502486052514,11495.751751843754,12,0
62094.06254970057,54120.23973695314,541.2969671998725,10168.962155136578,36,0
48440.59209414719,85689.27936455706,671.3090574868971,22361.16211329448,120,0
63405.52035753744,60368.610339543375,573.3058737616938,16541.001319367977,60,0
79863.9202356314,48137.33905357138,597.4047260205706,45864.17373753898,24,0
107580.50448436057,81265.71730949052,675.846017431907,31980.95768241747,12,1
22865.53503519453,56998.551232636164,617.3517376220443,28175.06389201532,36,0
123991.00123968799,53644.35737987173,850.0,17337.787977478783,84,1
20000.0,59420.67807458343,642.5171456680802,0.0,36,0
55446.4471489325,47191.729299009006,711.7838218879222,7886.076085734816,84,1
77649.5161945373,50276.80978986407,455.83059525070547,10290.598211235229,120,0
68429.75603205098,32399.162337143818,563.935086808527,15875.23420565129,60,0
41319.014405382186,27464.983411283636,541.3086305083287,19499.607509150694,48,0
53756.33248928175,20042.888405526814,554.5620276697371,29841.12448228243,48,0
45209.971960235016,8240.501396087719,691.5537993837003,24097.183416050975,120,0
42319.05729167366,23608.479158463306,753.556506777741,37388.04787204857,24,0
85488.06291063075,44771.988965992234,684.463050463451,15321.470397211257,120,1
70710.46457895142,53093.52747336911,627.3355376433691,23857.444162552427,84,0
39212.712142180375,41861.103105570786,586.9144961287581,25157.663416682015,36,0
86987.99626299752,5000.0,761.3599751186509,23685.894265378836,48,1
69218.98562629828,97237.59073287027,850.0,39228.35371910213,120,1
84385.86356516881,82594.40368671145,663.5055704783691,32056.61484120789,12,1
78888.86525770837,63372.79553651386,743.9363064071572,208.9517074786636,24,1
35130.14967233784,107224.72017659804,684.3370349795475,18285.033514109902,84,0
43194.56879409091,20679.07647548868,725.550490646559,19790.394766553072,12,0
82418.80815369786,106628.75361878015,533.5453221889884,52273.115955425084,48,0
78311.10796300395,21043.57769748356,601.1863719857876,15053.13228131795,36,0
59372.952181075554,57162.1377587407,689.5469440045584,5262.7414499572715,48,1
63519.82149926346,11784.880245973873,771.249094408198,26574.881442149657,24,1
98329.94687365275,50440.822866331,568.1865778362326,27454.785794356685,84,0
42252.8583349251,61584.99493995166,446.6700888959873,18893.40704405462,24,0
76412.92143510113,45359.29006596336,600.1735573558751,16696.08495543665,12,0
53934.22042698318,71416.32332270412,751.013071434825,34233.55934093128,12,0
53469.56390318339,52970.43348461772,491.61044089121503,7196.027686102694,24,0
92963.3055596157,34327.558148674725,532.3080107868416,14885.699856971958,120,0
84762.49046964089,32995.60046592982,665.5918586051112,12167.752068299187,120,1
84405.28908001915,74327.41317847089,638.4028747238536,36408.41896430882,12,0
99164.36421462987,30387.739105790974,709.4466481553227,24282.413049295155,120,1
60630.11524898277,77462.08911454811,527.1273239554421,4025.0885401809446,60,0
80458.58913884891,86681.35378495793,617.5021405831333,5532.404101058466,84,0
50691.99730219632,5000.0,769.5185402403098,48101.22685418227,24,0
69724.99057465326,83987.79161903105,530.7103806363216,36248.2662216056,84,0
56095.70836896946,111812.68095334097,797.6912296310269,32623.254222852192,12,1
62909.878949781545,57560.11283605785,543.2583014111311,20183.704114600136,120,0
77854.7107631074,67972.52555884467,734.9381577377611,42627.09860180614,84,0
35453.37950299583,81110.15973107476,612.7041489786874,3448.928210326121,48,0
122771.6182705638,41735.530544629335,535.5091742361024,31294.512683067358,36,0
29819.47855500894,55468.40670613609,600.3100952847402,13350.897402116549,120,0
23574.341616368038,10574.014111306722,704.4929188178994,16266.600205171555,60,0
94743.32620500203,54159.05085591353,649.314600509851,30886.838972485806,60,0
83749.88081888808,64943.359869336244,761.8469411443343,17846.637369777385,36,1
78723.59451156465,65484.890687794075,793.5740060934882,13479.502108081131,36,1
78850.3652779284,81962.74170792742,531.696933468215,12572.635278681119,84,0
59632.59681459256,26755.93465593413,524.3730855089655,0.0,84,0
33082.368855425055,34021.79729979511,519.5206226379158,31448.054289134845,48,0
62274.13674581179,106865.22037974065,560.080390395198,4900.5489080181,84,0
39685.14865463665,45490.1487870887,760.4214520819744,47876.14108488917,36,0
89253.59200253253,56001.01361936984,706.0361950666735,15685.81175277511,60,1
55588.27855493584,47989.69874824337,595.4972427077569,39641.59696168936,48,0
35235.08409622466,25349.57521084933,648.8897409377165,0.0,36,0
50358.424750410195,98705.8763267542,790.4305505165938,30972.24531797898,48,0
72387.94362826872,34168.95764238183,840.8010850979119,34828.33598767717,48,1
43088.26341588076,16181.434288792101,675.9384333442803,39553.45451546651,84,0
35333.38813300706,36477.79168091745,384.07188159526015,0.0,84,0
67310.61634475736,5000.0,679.7287094759973,9459.220443696064,12,1
67348.99713326168,30461.376050504547,743.4748129541348,28647.6492913412,36,0
44791.70473886611,20956.1420644302,672.4632315856076,22226.62968266164,84,0
45868.85083145031,68522.85892781973,722.6514918734783,24400.39463845752,12,0
66961.49812072908,29797.572813203828,685.7065374460384,14595.700912860018,84,1
20000.0,76634.11806736546,526.5354582518135,43261.97922583537,60,0
20000.0,91954.51979207963,561.3761566636538,59126.981724197205,120,0
38446.67336242692,73435.26008862798,617.8847812869843,21559.698860136337,48,0
53596.58544864458,43538.3513341977,756.5414778238352,26801.318682578778,60,1
69327.22696794014,54233.43490116779,573.4115931679379,20843.656184342264,48,0
104260.68650848656,5000.0,695.5902633167647,39260.800985711554,36,1
85729.78869606058,45986.61882436281,680.3692593921197,32436.744263852168,120,1
55201.84410109719,24186.845957995007,808.619726507913,4004.291440447345,24,1
59429.513762919334,70829.79143447898,645.8320221870586,10809.469842580324,36,0
29924.119060865734,127182.57167733421,474.52415817237414,4860.548104911695,48,0
59444.6059202283,64994.64907921428,714.6870464896778,60422.334982932654,24,0
51340.24083239585,5000.0,850.0,29529.676753731033,24,1
69681.55681014269,39163.09421256881,721.2383344866456,11064.706608353266,36,1
35183.07169343031,53674.72776123364,571.2338408189593,9866.719390627399,60,0
75580.39542723517,52620.72275780791,541.8054120821035,32078.469094503656,36,0
105982.16739007733,28075.606231737405,554.7031166492595,33573.802244887,48,0
56737.19554629427,57358.752279108056,850.0,31971.615696266155,120,1
72051.35166296824,12724.97489241838,617.2672559478564,13616.639620254206,60,0
80704.31975133337,21652.73831944799,583.7356606171973,24587.654666212664,48,0
47963.38584342491,69373.92924811135,634.1563355872767,21663.726464500764,84,0
66722.7744543125,19530.103073605223,618.3092951394299,5956.094413423598,84,0
60377.77202345384,66146.34816476771,806.7650359787503,6102.592356859674,120,1
62930.28295646495,8916.086760318256,548.5522508983697,26179.475668147028,60,0
36809.706484336006,102944.77651375209,768.0643231660447,22946.766215654876,12,0
60735.30522776828,26771.90232787836,662.2092096451084,28300.275662633172,60,0
74939.94873736349,43290.00284589668,770.7026513427686,31865.345580405774,12,1
103534.30823385125,59918.39783271217,808.2619043734051,42490.73933746293,48,1
88778.1247825562,33039.501424967166,658.4797633913095,8361.4342082593,36,1
124595.47372534669,54302.178832139136,618.4936390400834,29453.54298088073,48,0
36979.573113358514,67260.70173560377,656.6178831865103,31237.982247930275,36,0
86169.61910162034,78818.39697510455,640.5229327994869,15318.043812118332,84,0
65500.26017215055,73744.92307918871,484.30335442612716,21827.94775353903,12,0
125694.08799653017,44845.68608591978,805.2480373785073,15701.621649558892,36,1
35751.05143934545,45601.04677869193,674.578501738119,51628.85575035762,48,0
34808.34473457672,120473.25674075098,533.6900814948946,21572.79035661659,48,0
42018.22063667934,78496.67204747876,443.2476679801591,26772.576630670905,48,0
20000.0,22345.29031039359,417.2400767069651,16040.235546241829,120,0
44227.34934957717,52999.644912966556,727.0480436687503,12805.481506238153,60,1
37226.020153389065,39945.705836654226,588.1022431592904,469.96007447484226,48,0
64511.81359428623,45939.97298230671,604.5099331894867,36498.029370879995,60,0
70252.67927331479,13115.145268757362,698.8154264538823,31526.56246094901,24,0
116285.12517647658,37642.302968421405,598.3951843898221,15483.553333403226,12,0
88512.7151455815,104346.67319581739,704.6524416053513,6494.451454040862,24,1
42692.890330127906,67372.28902626509,659.5264064376715,22698.627896302147,24,0
33047.55985954926,5000.0,641.5870416850764,12534.54790554546,60,0
74757.57514519517,86501.70477493841,492.7249594308511,16669.36147051818,60,0
20393.00378938073,82688.88568727483,568.0268643561141,1046.6008309567405,120,0
114943.76297563061,39221.440870807506,710.2535365586866,23256.04370972045,12,1
95383.20362163862,71517.90631349645,581.7978185135948,23555.048029831243,12,0
45924.73043685885,24218.02367548398,770.5369555784491,36420.84326359526,84,0
20000.0,35892.32851200928,850.0,17738.8764705109,12,0
100616.1712249624,94956.3908200956,715.6385300841323,14996.562841942457,120,1
56563.80464242146,41848.098803908746,799.2831891365157,0.0,48,1
97134.48935920384,5000.0,722.0727238296068,36514.41422543944,48,1
20000.0,48100.903316559896,596.5737977327813,33392.34674835439,120,0
42018.74931138681,47642.3482125693,670.0151664807424,20431.076621102027,12,0
60157.31099154549,85951.05708120379,850.0,61.5341820444155,60,1
61409.417812942265,50430.0926652728,597.6446257372548,1782.094533677875,24,0
46498.03585562269,37352.53065679122,546.0672701121925,11793.411068535657,12,0
78685.49797042497,81351.68435693618,536.580557688473,34478.385632999954,84,0
27971.38711852217,53623.70697503331,628.247061616645,24355.06452862456,12,0
55728.6154493612,27499.31955302849,549.6527911356937,0.0,24,0
63608.86895135696,84649.92681624854,817.4019427437238,26063.178719003314,36,1
75433.16502176247,55809.85293550398,671.6356534591288,7412.801312437141,12,1
81348.44634266669,50087.77900038313,747.1726309760503,12166.816602317816,12,1
26260.73724486392,55337.25174234963,620.1334609420302,34576.07018782558,48,0
20000.0,17879.94885750209,535.9802802243881,31482.561256712477,24,0
98330.30465695527,34170.38671464988,519.0606054566723,36396.49824238135,84,0
69969.42035938775,50107.4780549835,559.200825782188,19652.997213736817,12,0
37545.40390330339,44160.0891492596,684.7525494026711,33245.36836799281,84,0
106534.55926567569,88172.85148449786,701.9882931767947,11207.956043554143,12,1
63470.23902878576,56522.1755818101,710.3196073058684,16136.510980920597,36,1
95378.9155219148,75647.11767909207,501.1327316218143,15105.601633928138,24,0
62025.55444230327,50281.86063727548,649.959081410173,20357.97527336741,12,0
121822.43774645962,81688.65451238368,547.3938169107607,702.6337053188254,36,0
112660.22527329614,61925.832697194615,690.1465967584528,16624.926453149576,12,1
52531.0755456278,50402.614561653805,697.9077055497452,41774.85952278109,60,0
89147.12852863067,49601.50733122941,532.7826952973562,3612.07757282849,36,0
79361.27848755443,21366.8412112711,746.8029607196348,60.18077127451397,84,1
101058.94672597045,65207.471604089325,850.0,1269.6750850665812,120,1
31052.296182596867,48793.85796390863,733.4835737584663,59927.89166111962,60,0
80581.54379995319,34940.24119456386,633.7165960448896,26972.779713055665,120,0
91752.73460548764,83193.85312436215,618.3454296790258,15946.019234879259,12,0
20000.0,12493.519223155963,629.0936018327492,21024.806195122048,36,0
24502.244620026744,37325.12313702698,573.926615322299,23414.590988702264,24,0
20000.0,80831.562463386,675.2398206652049,10393.250364059295,120,0
51917.79496666326,59465.6882276076,536.1537408845695,12241.748769363458,120,0
81526.26767387887,48564.23217041728,461.03022134021,17634.75301696955,84,0
105070.71156288084,57530.106294504396,671.9601681813549,9128.673676476406,48,1
62222.843412593254,55382.425131465236,652.1233065775821,14045.980894682172,12,1
108858.46636713875,5000.0,592.8829983562806,25296.373659955185,36,0
20000.0,39522.14343956116,521.7303377389633,5042.702305698507,60,0
20000.0,98495.64963541247,678.9744026914035,59149.24131421778,36,0
58333.569033101434,30220.275956684975,550.9824961429549,31297.349163292994,24,0
71521.96346817922,40450.969576869975,636.1055649134665,948.7289223102234,36,0
59019.157557177205,33751.37710072438,826.4971854126444,0.0,60,1
20000.0,47389.54330045588,715.1189769575384,9687.450722933321,12,0
57326.39881461635,32506.315060271056,513.0867337618304,30265.40974410871,84,0
20865.914984854404,64602.2450647418,522.5148428987698,27357.048416751575,60,0
80090.17646490116,55919.402368708,665.1819092743759,18337.27234477081,84,1
70997.94738290545,73206.42845321054,512.4679317940979,10978.363082853717,84,0
31803.60641017934,18471.765014331184,449.82745187657133,6438.029390121048,60,0
44583.99247989919,39789.78551351291,703.2372011296724,13961.253933357393,60,1
28223.594343331453,43228.32105163595,682.0935754320867,4814.300392585967,48,1
58119.62708180484,63669.40730265784,695.0598331279132,14016.833656873257,84,1
88654.26961503715,26203.364083788965,676.3035181817904,39964.264037342335,12,0
30428.218609933687,77469.61412775032,643.4689288327605,8431.403011259006,48,0
75121.39546553533,85592.46771552827,583.781145232334,29163.219245779823,84,0
44092.271448826774,20333.829570932485,701.6134966087943,31451.357194763044,36,0
36213.81503212967,35273.81315319303,802.9883488405151,3805.9802219612575,12,1
56789.08920136326,34042.05475123723,599.8770992556546,7349.421881607446,12,0
28942.730327418776,128971.58614032496,547.9259789791702,36034.15155480184,84,0
43390.52083958454,37102.9968437634,536.488058058876,6113.539405239531,36,0
24063.663222334544,100328.76326468404,563.3269766666283,19137.71376183795,36,0
118941.75398749168,12001.040146801708,670.2598524476074,50599.75733252788,60,0
61057.90655915186,20310.471015069095,436.037243644644,34697.48385592046,84,0
39008.23476022243,29401.864044553975,693.9170424432326,21278.45677603349,84,0
66419.39732202666,24629.32065660433,714.3913010296156,32610.958617968812,12,0
56630.158509275105,41963.03797524504,470.192164005712,19161.168720289726,120,0
53370.91201400331,28736.653918355056,552.08195637224,35273.47749805211,24,0
78425.00100130276,25419.752217962796,657.9680979845414,0.0,84,1
82725.23130141915,84754.15989419984,635.6530269695602,17911.010054375824,60,0
44084.96557168417,86713.80867539495,701.963746826859,0.0,12,1
42725.4527806596,78478.89495125947,635.8863178483634,22420.327823477433,36,0
51748.44908545068,65719.96866752984,776.4769526774966,16457.33152590952,36,1
20000.0,52782.29197338657,617.8830600956318,40410.94769963495,24,0
20000.0,35089.079280022735,551.6967013280246,30677.41052896501,12,0
101006.22802333575,21405.27485734724,543.6558133738243,12108.684686899003,48,0
109349.03140503852,60889.87110298062,723.5468509281689,13906.756151287027,60,1
52528.91881330865,14791.08822359606,652.9621141956916,25710.44795344671,12,0
77296.70889167298,20182.372124738202,713.3715900725194,11411.591111700907,48,1
69337.50463630608,84587.3976861443,711.3122499229185,19514.408204231826,36,1
152366.4242536571,107019.47125166262,448.01501472361593,39750.47096772304,36,0
93587.2473430373,61798.854144994424,535.9917398976556,7563.047247044322,48,0
56162.472255577006,83193.71456883932,547.937495949618,13284.884510654065,48,0
31333.786781987226,42624.550476680495,568.3935811508238,15388.514818260253,24,0
20000.0,9869.774417369474,607.9644673423475,67371.10139278436,12,0
66103.90907601669,68365.14855855753,749.9149594617186,29123.639937607506,36,0
37309.477641470905,67078.67969810191,769.8482352383899,36981.02508571763,60,0
20000.0,52150.056616407324,620.7109169797003,31521.885678175764,36,0
40602.8134727242,42728.73625684666,624.8719138675256,32530.907989779487,12,0
27553.55989156815,78866.31735743294,579.4566275942714,27103.603059984325,48,0
110614.24905217695,20428.008997175766,658.9187697238544,25479.038000886383,24,1
86449.19270848352,26786.582633280268,670.2520882733936,0.0,120,1
59760.820760501476,19756.80479718716,730.6475555002265,25367.968345144094,36,0
104398.32416670077,52549.18887907482,729.8438725982553,18374.846114105632,24,1
62321.04922942855,17363.20963672225,419.7881948930949,28181.85354274243,48,0
34161.473960152085,29472.734584542693,634.7455052362882,18937.112500393294,84,0
105693.72231808971,28827.333133184064,788.4100030890104,31447.46439091988,12,1
76167.30131053975,42181.75002998125,606.1885072695084,34098.988567237706,36,0
28882.61537020631,5378.766607880694,763.9241818363289,0.0,12,1
54289.83965749176,52616.14976111801,619.3548199988811,13491.607727510627,60,0
33731.45239845729,87419.10951994034,667.4923467441964,0.0,12,1
20000.0,54064.74116950286,536.3109307600851,23584.168319629916,120,0
87785.32642594924,96239.63434403963,540.0751442433485,15489.374332189993,84,0
117282.49921410391,90019.94557630776,722.5491572263014,40337.42705879908,48,1
20000.0,73332.05141743564,738.1818280200665,23108.669927013158,48,0
76889.07710071713,52240.57527910657,652.6428906200492,12717.050353044302,60,1
40480.72292634519,50675.011647363186,527.2475757361609,34078.573097683766,120,0
45386.23848705912,72913.9931708978,654.3804556607215,15226.963132588357,12,1
42228.182272833925,38249.881714879026,775.7234960674277,12530.036661594973,84,1
34080.27690960552,5000.0,824.2866470051761,25904.381219627834,48,0
61455.64883834481,64760.121623088795,618.3292067674086,44194.570849092066,48,0
35071.49650766887,16067.941101950863,484.013214974221,32803.27862359733,48,0
68113.70477339516,21135.76315428846,734.0363599554779,28503.964479222144,48,0
58492.856716525894,50006.71843987364,622.4036903544999,61264.22800282495,24,0
52831.55859400771,47146.253673395906,744.304064156104,9013.84945460761,120,1
32773.090138752064,7637.7318105310915,678.107222501762,8679.232445868394,36,1
42696.86008295002,54964.74692399421,561.655589423815,22183.54220659614,24,0
82661.73677477268,78984.18982583145,655.8244360659381,42725.39576157072,48,0
75027.51562873142,16149.752892026518,780.8338367054328,5874.710355580959,120,1
30673.342656043467,88174.49992546278,635.0846011032756,46318.5889634459,84,0
62979.969162876776,5000.0,546.5194836554622,0.0,12,0
82541.61370115366,113519.7243311286,491.13558314033435,18181.72923918232,24,0
20000.0,37662.1870854955,572.7835313135348,22601.984985029747,60,0
76300.80577139805,54368.509904806735,608.9863738229018,6760.521255231468,36,0
40121.2872316246,5000.0,731.9999135917259,10681.48452601699,12,1
77117.96005779479,48135.91800592074,537.9150732188378,31949.457190034984,24,0
37102.225303724495,56854.465331545754,805.3751885729636,41623.336137668506,36,0
20000.0,47415.13687701516,516.2847789158809,0.0,120,0
20000.0,33107.56768842879,850.0,22703.54578188972,84,0
61442.54839984146,21603.064444165553,822.5518556754471,18300.366445762957,120,1
67791.67505164446,83915.79858611933,664.1166249387992,21610.945334359254,24,1
32870.501246867745,50924.214049938506,485.2306465230408,15248.502865756971,60,0
79157.77376332122,96222.57129550318,644.4575938017579,642.6954566550885,48,0
20000.0,34205.529356152314,611.3159042013494,43134.454670669315,60,0
58017.606040580504,36956.15919883349,522.5712776949076,37389.94397496049,48,0
23669.5140071263,74467.82733788488,679.1009627247442,18440.162166546765,36,0
40444.916765935224,5000.0,567.6356870144356,12675.30181289986,24,0
61421.96013949242,13596.09919541231,578.5094152950419,10858.390564911804,24,0
34187.59904148143,82924.5491405949,629.6321365427644,0.0,60,0
48463.33367310524,14841.982123304158,592.5091171294297,25307.301119036172,12,0
90188.78427643322,5000.0,850.0,31704.853854542664,36,1
42693.24391430554,106055.81564219273,596.428536700045,22068.53174164653,84,0
85070.76336195425,8185.470563773837,694.0881011394475,18704.95348100371,48,1
26108.79436027146,55523.58194984509,664.5522492210362,22000.752627298767,120,0
75894.12533745848,52072.55578172814,685.2750225258872,7201.6102886363515,36,1
103247.05861973701,5000.0,692.9088403610932,12506.67158944503,120,1
20000.0,41980.48930496573,738.1361486606122,17505.00457651763,84,0
36093.1423358857,63452.39748437329,676.6446075618642,30450.148621473432,60,0
77312.16381541619,60629.281445565815,672.489579488632,40682.875599426676,84,0
53908.63841871022,77105.62051410505,655.8477068468139,16562.782355405656,24,1
71134.37620113927,38375.260552836975,636.1582147660025,4328.216936518762,48,0
41880.44439852538,71375.13326276482,558.8202118339323,20534.701861451453,48,0
62597.693624187,29320.127957597844,643.9131622579798,50172.36668883382,84,0
55329.682938237616,7685.97750761675,674.1267375265534,5632.903472993987,48,1
95033.46184979423,11068.148729563021,690.2164556572795,33287.61120699219,48,1
67632.62529903639,6136.686344137561,668.0284772990236,40039.40834180908,36,0
70128.07986225607,80287.57903673581,626.7044986551466,14599.777102617707,36,0
47643.691016325974,5000.0,644.2920096804103,9489.131334214395,84,0
45371.81327782519,58221.165219479095,594.6353515449208,28624.35024249879,120,0
47023.25436541137,42022.274177827014,681.3223991006564,25298.251592062476,120,0
71833.5642713489,46920.54279648105,627.8871772085878,30421.612569813304,60,0
47370.46557539211,90908.218855991,668.056093819747,51105.64147234707,84,0
68693.24570689238,36847.178983541795,750.0803043382552,22505.698300648455,84,1
122262.02395936317,68348.0468464905,579.0641090357581,2116.627265658466,120,0
86133.74110295076,51126.90054143335,709.6695380910485,20999.600032526363,24,1
50219.29403496477,45439.43283101906,653.3210179885373,23623.351913080714,84,0
96036.41766491835,118999.07373159421,850.0,39007.52955632373,84,1
47757.73880935346,6759.747628538913,628.369967153649,17048.534068584453,24,0
20000.0,88673.95506312334,719.5164583151067,13863.982494569227,36,0
29757.410672477876,69692.19696469916,651.5353451755977,0.0,60,1
20000.0,35614.25016104648,511.16954916865063,28211.191880961953,120,0
49454.59547876074,98879.55552324836,597.9310904480856,70223.10778308462,12,0
60552.55137568655,5000.0,738.0471105428394,16661.13523994092,84,1
110293.11936825849,34347.00028102785,606.7305539391726,26779.324317829232,84,0
69807.82121292487,13745.533871927713,427.97436851603857,11782.507200275553,84,0
53426.98413573407,62362.50394614381,646.8596983075496,780.7262000623923,48,0
84882.16743550467,16608.076964384672,540.766370204899,26513.53908800796,84,0
20000.0,62991.91840223957,663.1817732596719,20422.824251557882,24,0
67068.43674325699,44406.90752535338,805.1147081398019,0.0,48,1
83125.955816609,35619.38172031747,726.9457310802903,44150.430736101785,24,0
20000.0,61659.417380999315,803.6655828739978,26239.465645056738,84,0
94312.62129620787,41941.35128185808,593.8487978555509,21108.433251554063,12,0
70154.89222483242,17340.95470822884,635.6833666364467,13670.347038615371,120,0
47541.36258297596,134041.18968904935,545.5563803192221,26079.41165739638,84,0
78983.45598318854,35384.984509125665,581.5956554959905,26770.939286240526,24,0
128120.78573413187,5000.0,557.311516771382,26019.82060590068,84,0
65455.987651754855,24737.039308358344,519.3277030788042,36019.89566755234,12,0
67446.61758901009,11981.699348818096,786.585662533134,39429.06850750018,24,1
46219.17301379268,74784.36848121547,440.8039704973578,50083.89595427595,36,0
34504.668916056246,59649.57978774758,787.0138904804556,7447.367263269174,48,1
84910.07449632738,61961.384053710324,774.6058924920231,11398.67729349174,60,1
34317.48522273399,38899.32602488267,699.9792675478998,25417.73250562457,60,0
62146.987116581775,41619.492588292356,538.5492731905931,8313.637118933226,24,0
45670.2765970465,38872.06689176995,491.7824888556793,10729.77391441669,60,0
74369.39477239175,47564.204475935905,595.1596318736435,27128.443722599448,84,0
70009.86315860845,75060.00306094506,712.5120456339924,33512.63532469775,48,0
91126.19832773697,60082.2623751604,650.3063637440674,39138.91929168295,36,0
44699.50803435759,65003.384888626,545.6500504905242,17110.78379363599,36,0
51903.75194119886,64986.767247476084,764.820478465649,26947.29445306956,12,1
30637.08852653078,76533.27312145213,818.4383328181538,23641.36603840655,60,0
46671.20219771665,58644.50124620764,627.3400835985402,20264.86167769979,84,0
71319.01479134557,60765.442180367565,660.9336903597346,7759.862521879739,48,1
82709.65849936055,85664.1872357947,499.11513163705035,5851.833661962177,60,0
32335.04027467124,30048.622459906637,608.5613283890965,30000.121699339346,48,0
86088.17760316981,24327.722601454785,701.0439978000994,7507.70930173697,120,1
100669.13576414852,14422.35202439432,685.4856540257778,0.0,12,1
72403.04709671103,55487.43690860768,599.2332150790294,19523.580150647183,120,0
116303.87437674198,5000.0,622.5756491523553,41828.604532246245,84,0
36786.324026892806,63864.62288179032,605.2789263455448,0.0,120,0
22660.35890065749,46724.20716498342,622.1535286281616,15675.045902697319,60,0
20000.0,84039.1909946317,692.3234802518127,30128.222979893493,120,0
104881.3293446755,29842.480686050283,453.24629146308774,0.0,36,0
79630.96969062173,43900.451437474796,642.5650485192078,16800.00625698377,12,0
58332.45987268635,83666.09999880106,684.9975535625689,2908.1413317118677,84,1
68399.05878959461,91494.06940334456,592.9515314358923,4892.328289896712,120,0
26235.328581048707,29595.4290274454,602.0666956035119,13963.726884469692,60,0
133372.55938850477,55453.4369776148,604.960555918455,3152.781648017448,36,0
63876.635459256824,58832.569330521444,602.095002646284,1905.4894527228134,36,0
63281.843838146786,61209.60216863445,650.5883777850373,19111.523726869935,48,1
81772.99871696076,42122.73022053133,662.9002758013784,53407.08590803529,36,0
74430.2769521014,88441.50194370904,439.9485683766201,31366.149761717843,24,0
66716.52072837394,5000.0,715.2880371472288,35157.99150557532,120,0
36285.76633664064,37366.09295596748,621.0001115653041,31958.93657628267,60,0
74144.05071407987,63437.92198318841,843.2963175468534,9537.295809811741,60,1
116460.73489425101,63716.744358480304,530.8351461101291,24662.483436742405,48,0
100362.60138464933,90582.7709184429,563.2685491245668,36465.41391413502,36,0
107795.59879918191,85946.76179603861,629.7091021416738,32425.062016726868,48,0
44663.529707064445,41433.751240783284,691.3225449686036,22918.26511052578,24,0
30311.855392242574,88996.13730591814,454.92326726284983,27800.69741290841,48,0
56226.39239701055,28578.747686676354,567.0899947883893,56943.109477537284,60,0
61671.747368660835,77926.62148375512,709.1320160573844,32591.648257345187,84,0
92825.74555412846,104315.6743526298,555.1876053567457,15272.60964203527,84,0
20000.0,86448.32320564907,787.0026376376227,18889.444906031047,48,0
105886.5095838184,53173.1115057237,604.6116401150928,4187.729051128297,60,0
55259.763042630315,40046.636846836336,560.0626798658103,55205.53921919445,12,0
47193.5679015774,5000.0,711.0244257789519,44058.04588165315,24,0
29636.868742194976,59316.18913742612,810.7617386824446,21248.195544081715,120,0
20000.0,16543.483160872427,691.6396258743896,52712.30178150165,24,0
84695.11751885744,26205.960091581896,776.0429399223258,29486.000674324663,60,1
62199.53901565212,14277.62597789985,817.6635340636964,13537.303735762733,84,1
21301.173007768382,36188.23002030035,557.8141320072422,33596.788107796965,12,0
21147.636838091516,49160.91756539053,743.8391334059586,25979.652076949773,36,0
49926.459021296156,58208.43743497116,497.6529490696453,32567.85167414599,48,0
110070.64575868179,31984.8009375811,692.4902531786385,0.0,120,1
52212.25945909186,82078.5111918555,642.868210948518,7845.287642040954,120,0
20000.0,43753.84226030102,774.2950203042062,42327.062451847625,36,0
52627.708077421674,26368.327002034424,767.2251512984841,45397.062373460845,120,0
51818.292907569885,56788.76801730309,706.9783350534402,41226.690904520816,12,0
20000.0,108906.58500631448,679.8427899482818,53279.703553802865,24,0
58371.154004465636,60054.81699605353,700.8368676721951,28660.524473207948,36,0
53071.96409373966,39114.331178791785,656.1770871376546,27606.25044245646,12,0
80886.19094440255,5000.0,643.8804258892096,6301.896481642812,24,0
115468.68284836036,43417.63037083789,794.2578172252443,11292.028387305423,84,1
93796.95088643272,57047.843752643465,806.2889819678177,0.0,36,1
51933.33928335508,38372.573262332895,635.8340802297793,15177.709814484399,120,0
26804.222737749893,5000.0,673.7636403010745,0.0,84,1
137200.7940974958,24483.038314896985,658.1655224772775,36214.49256295541,24,1
61776.55302043465,93636.15382663273,488.8301558062805,25825.98302825679,60,0
60417.87875738839,93020.03011191383,616.3564422387993,0.0,120,0
59276.2473866999,23400.82492386206,809.9704201048103,17152.04461754777,24,1
65942.54282303565,70182.70361598265,575.0224124968189,49514.8343352275,24,0
55669.18764228173,14642.81645689479,850.0,18115.007737463846,120,1
42790.13979359291,92129.48845984857,767.2126309589382,5024.435845430115,12,1
43594.23176278824,57357.075436827094,690.1498150546208,0.0,12,1
59017.40189352005,78489.24495849601,706.0843285976421,0.0,48,1
43697.25686598705,5000.0,558.2793303664974,28033.699517840025,120,0
38614.62651968507,70329.11305774664,623.4771247775298,13491.91066512883,12,0
63192.9068307569,49769.7780894649,794.139911032176,14735.087876008422,60,1
52350.68347737434,75557.87212372528,588.5470660826467,13553.800048340461,60,0
105119.78965748067,77446.0339429355,756.1131756948799,17896.400758028845,84,1
20000.0,51973.540684242485,512.2959810562942,1592.5550194542811,24,0
92745.20555767385,31975.11082712256,530.1841587524989,24741.574905340676,12,0
97382.55577492887,73390.88546538482,840.1384665586315,0.0,120,1
20000.0,48195.36501784617,648.8162853759676,8662.363129381194,120,0
49719.37217758954,23816.451394170723,596.1500113005659,35162.41546497686,120,0
48856.77402012626,22395.433056269427,786.2740826998962,25643.074995877832,48,1
20000.0,5685.067510628549,774.5821554963504,30285.227693020737,12,0
36665.49937227374,34691.265213108105,742.0754565257239,52255.825892268294,120,0
26682.724636025137,83080.76138223134,593.0102080587894,19105.18984543254,48,0
112568.11330270869,55334.89399116303,621.3082424062325,20321.903900374666,24,0
88070.35179442383,34106.96882230878,681.162882372473,16035.185662244892,120,1
98146.65284982476,74145.67814540239,719.4399342147237,13348.787789117792,120,1
81650.16192129705,25025.70134829834,599.1516425981463,4841.137589093203,84,0
26128.44686348312,52860.50822998336,667.0737110620696,21260.972167937784,84,0
44264.39201160679,44611.08881823454,676.7391300797406,25325.729098942345,60,0
74681.23683683755,73373.91876765057,778.6769756375254,26161.55508789344,12,1
23336.165733241636,5000.0,725.4465828935118,20965.45740300617,12,0
81389.95290517164,24494.067625560325,499.3198355164709,33892.56207229973,60,0
52790.23805525595,5000.0,628.6369691514615,20441.550361135807,60,0
48755.375773512074,42212.0983457219,557.1216630016584,13860.471676490575,84,0
81328.79904610474,86342.82510897292,706.8087420611673,6095.1772703822335,84,1
73327.8993445812,34836.58371039419,742.3153350505045,0.0,84,1
49171.0150254276,34679.48185413048,660.1555985610245,41906.22766904728,36,0
94779.89410092744,76151.7327255241,623.187296937215,9514.180617690039,36,0
27568.10017200308,82056.48675365899,656.9169793035983,6114.992850690605,36,1
78478.06820832791,47342.8679819363,670.8919273477754,13736.926575095404,60,1
77793.0377390515,70541.44562149676,585.9900348283093,15824.168201993056,36,0
50713.60682058029,17691.363773661607,528.1288899230634,44577.6865385416,12,0
69783.99066726354,91339.23001776241,444.9860957444647,15077.793453632436,60,0
22466.592708440912,114461.18881811155,776.7182131738884,59500.75348102465,12,0
87720.81057620703,65636.47373566174,699.6366243634966,20955.458069797736,60,1
54452.93590671033,5000.0,686.2511011344172,50855.42373456886,120,0
44318.309384428816,33253.09212806647,776.519888795295,33408.939221460816,24,0
91470.27677510667,68384.75965007964,524.4531990307584,25415.561297671426,12,0
38869.68928371722,37355.51008500912,476.4369124144981,43667.72199856231,120,0
20000.0,88165.95662750292,688.423191651909,36833.446909104496,60,0
20000.0,67644.71793307595,679.327137544343,29520.186262791332,48,0
78180.29854036919,28805.734977026103,476.86931903272466,54763.91014657538,60,0
21587.11942511151,50967.944323137584,685.9521062140473,12524.109320695658,24,0
112643.82545953094,23185.003380827296,609.9777047600433,5076.2948605740185,60,0
20000.0,44522.453647626746,569.2911940262418,9856.538872820693,24,0
110893.69104870115,33362.202787023445,616.6576291717587,46284.09785125332,36,0
66330.52401607855,85242.85400699114,405.847142908153,41761.40031629144,12,0
57098.606643888226,113480.36170492985,590.8625776608062,12121.071507794222,24,0
43652.42739573151,7064.350002927436,579.5705430515795,0.0,48,0
71974.08343056212,5000.0,705.7102446936141,16912.32445431917,12,1
58870.95892725455,42644.82734445843,634.1769863489114,4801.03537113092,60,0
93099.05646049565,5000.0,713.8868873678881,12590.96042765819,60,1
63426.82945986119,51386.34811012752,395.0460655263319,4183.864283811226,24,0
64509.05284385633,72468.0834141778,566.0901777428952,0.0,120,0
49091.63363358432,94824.25691800474,705.5997051571444,48248.06552496352,48,0
58291.63128836798,56041.836761458435,619.1135369426845,9744.976940848725,24,0
69234.05306676177,44205.34325451263,734.5460532974367,41190.0170488875,120,0
20000.0,5000.0,469.5397090610777,16679.436352297143,48,0
20000.0,50785.554475573954,723.1110839689475,3037.9369317133387,84,1
82297.92282068144,52138.61781648385,586.086078221496,27636.025848935045,24,0
65125.96314383826,69168.70442638236,576.3802915617325,14134.14714600606,36,0
54480.499909419625,28745.356954127266,749.1047046927451,16893.48341505129,36,1
60553.017991961795,36948.42199292421,766.1901129956506,22173.58901509652,36,1
70427.45116085013,5659.932340874475,753.4699696087282,7816.8074637696645,24,1
43807.209590719154,5000.0,850.0,0.0,120,1
36650.85823793062,16745.0872760965,776.6803608443334,19230.95577898493,12,1
65875.35765293044,5000.0,570.4563416267702,34458.765539507534,60,0
30648.816671549037,60101.368862618336,664.1638128135651,6476.131116323671,12,1
72247.58267143415,34455.97829999428,613.9802091515065,22309.433993984527,60,0
20000.0,33852.88609775632,850.0,42582.607228237954,48,0
90874.66911976931,20467.608614743636,760.486995469871,18653.526690892282,36,1
74177.92447239129,5000.0,631.1119863286544,21291.415576937885,36,0
67680.89202941627,95249.32246242651,737.7909797753002,20828.18530400579,60,1
89480.72951836542,19991.884316696352,526.7801533686895,9764.833611604101,36,0
109964.2333338773,37627.39790450279,675.0261737645473,5099.68222349936,12,1
90431.10195054392,6353.2350413206805,556.2077507396916,5161.064460183883,24,0
20000.0,79157.91030321902,481.1407799372593,25522.7479551091,36,0
21612.690997928956,54302.86811111974,728.4536237529834,31368.08542899116,84,0
41255.44266912964,25209.041442023943,740.8591095187552,32076.233576567778,120,0
60782.73150632501,38233.111659679285,695.7212636211987,14321.857193668062,120,1
75529.7706140737,100345.3976637461,631.7032959433499,36399.6281139597,36,0
38227.68560539604,47810.917043561654,523.3641345153591,24610.4572926564,84,0
65603.00293431235,44547.99387152283,533.8653129282752,21061.133326865285,48,0
37338.51202940033,21758.555415822044,553.0720020261202,0.0,24,0
41654.46591024155,5000.0,626.6326708275076,7738.855825904253,60,0
20000.0,45198.83979261967,757.6178733604916,0.0,24,1
32303.00261667287,59764.553369738525,756.0404211078653,29406.10260596164,24,0
20000.0,82987.5339298301,485.1432400387123,21425.49997895049,60,0
30723.80241068002,5000.0,580.6766663283053,3920.204204223366,24,0
91609.25389823518,16247.110189309133,577.9838980428161,24565.43837701492,48,0
31518.03333504171,32577.76728330649,396.84168714987544,0.0,84,0
138971.46194512173,49895.574542803944,706.6120946949908,4343.553525986235,12,1
74799.53702642668,45648.989254147324,625.3840175681478,9346.680037025895,24,0
65545.08371084621,46349.339429381915,638.6857463369024,28102.044827672977,12,0
34249.266594563596,62242.88175709834,784.5871058375639,40991.62518805855,48,0
81009.29638226973,22901.206676626723,658.8309013284357,11209.873274840977,48,1
42730.86521286678,78024.24326701084,606.9269535033982,39836.87962412416,120,0
63660.29443936084,63003.573250984424,707.2077621004943,20711.053259171902,120,1
136802.53614806384,40405.032076157615,755.8871846575562,23542.072413878348,24,1
57118.203008260505,98027.23975666746,679.6467566049225,19042.931634088338,36,1
94478.19978857027,96692.48106715301,718.9189598698149,17040.293699209018,24,1
38904.70724622338,77986.86065581426,635.4432350257116,26589.500551083875,12,0
58950.34528509115,5000.0,641.8142253640337,31104.817792730668,48,0
113124.0190690653,97368.35278153926,661.3020710298829,6730.830445462199,12,1
41190.98826636698,73842.75567415802,574.6879049567339,17160.492956457405,12,0
114373.45673990785,110192.2591313881,593.1938385630399,45039.126458348976,120,0
81232.55806366427,87123.93775200615,787.7879641818473,22657.829814777848,60,1
43125.99672317197,97350.28032491857,850.0,24300.40781643723,48,1
78972.23217166563,76359.64550541138,809.219791403818,37509.0280845114,48,1
89176.63348880189,90460.79595936536,517.6742643231453,12481.332510730073,12,0
78654.29886651589,109823.7122220332,508.01424654150276,19490.590671481223,84,0
20000.0,56496.642151346176,530.9290568054839,32252.673448978698,48,0
38185.88472525394,5000.0,663.438744187948,38583.533469175134,84,0
52574.440933454855,40776.172999545735,369.12754076423363,0.0,84,0
57766.99712699861,61698.3679815031,591.1198433380499,8949.968136569401,24,0
78620.16292652034,52246.62753114673,790.7099289161113,5024.520404760879,60,1
65331.030027997615,12603.141015217203,748.2438830728908,18142.62344911928,24,1
20000.0,5000.0,599.0905349426492,6159.90835109798,120,0
71405.93553017889,27765.119940955123,606.6644558829362,29961.58249264863,36,0
78317.57235851469,74232.18667952453,706.7241706806905,22586.155115733516,36,1
76793.71343793119,97410.19312468907,743.5268755244199,33337.852540312466,84,0
92423.42176663865,77497.02841333103,596.686273226024,34295.11936060352,12,0
85017.66463646712,81722.81861342408,626.5633978280563,30186.29027623773,84,0
73775.4023768531,47575.53280509327,593.3990271479977,14963.14173334963,36,0
57895.02865624059,5000.0,516.8650558624786,21564.163081349347,24,0
20000.0,36343.38257351884,628.0256251978186,13086.89142020297,36,0
72888.54657397757,42237.06764382864,620.4072459791237,0.0,12,0
66230.63061489334,35088.42539492953,523.9355884011344,34306.817706315735,48,0
68147.3651158612,51640.84596123878,714.6080937637729,18739.03059096054,60,1
21697.54272539072,63242.592796788515,698.3320678625889,0.0,12,1
27568.303787752127,75590.45564730493,719.5719700845076,28054.243566314013,12,0
91594.5855999871,41656.40406900998,573.1929644535631,16640.766235658783,12,0
58813.34538430035,5000.0,451.6424321885353,0.0,24,0
80445.02092117873,35513.66842126595,696.733112964565,0.0,48,1
60849.55128391383,51311.31190975952,583.5887285370286,9490.832620083556,12,0
60892.684184872356,86684.23766400226,560.9331866754299,23157.68087665829,48,0
88148.51417927993,32965.764734476834,524.2946925356557,31820.299775758416,84,0
44518.658153478784,65376.30885198205,622.4677471912846,31306.53396046335,120,0
62883.6233082295,58702.63698906297,807.7327297050473,29042.944323954536,120,1
46131.741338848726,51317.01599370165,599.4550478644485,19484.564424620312,12,0
46965.11317703054,77915.99957973775,541.0196955833067,45833.48465897326,24,0
50724.83629594082,30174.764097422576,715.1933401030028,30498.068659998295,12,0
66664.01314901139,32744.40651069451,667.2812279771284,23331.58053863435,120,1
45637.54135009568,49642.975307173154,438.0698632311793,28498.821585955404,84,0
97672.68376720563,30795.604847189006,716.2346319753286,14014.474952665954,36,1
33161.780933414884,65240.36873163799,850.0,19141.345984475687,24,1
54393.85067515923,28604.230869016017,389.94640725709763,0.0,120,0
46808.06825177475,56789.12623235403,526.4293975977876,14198.785062835967,12,0
103409.336530612,46994.8169363973,365.14729113483935,46398.320236501604,12,0
65896.64329534724,56447.77894330117,642.4695579259165,22225.62915930644,12,0
90955.33618405904,36207.75814810883,749.0386236611353,21601.096660424177,36,1
20000.0,39827.35116419519,660.5500749796279,34979.06142723921,36,0
68011.50797607776,52880.2780399115,789.1995698112669,25367.38123433566,120,1
86688.9238687031,56062.23518483938,733.0550290330134,8202.742936151079,12,1
62468.519678262724,49873.94253826532,820.2147323502177,20354.862682854855,120,1
91964.41125196054,101160.87069539251,766.0210768107095,2971.713129822281,36,1
44481.34649698884,20277.892437761475,609.7056931390496,22754.182559304256,12,0
102280.42320556741,48073.88615141859,656.672645623484,7433.750713940884,36,1
128966.94370857751,5000.0,563.1323084519026,33924.41918050616,48,0
49114.84318681023,61162.44436002159,626.9343831131952,12346.390673430074,84,0
46634.924357976844,16542.60390869558,656.183167201812,7629.441362981826,120,1
103601.53431353102,41650.69232370271,641.5092676464647,18307.52017532782,12,0
107387.16437192136,38838.070240060224,784.225352630361,25480.8772869457,84,1
44314.19918540195,58426.733798035144,616.9831937493169,1890.0200474023732,12,0
47394.39548712428,33416.272473644596,556.7913586442643,12181.001040146202,60,0
51546.461734184784,32140.82906918053,563.0388965096813,21577.434585401046,60,0
20000.0,93075.69392257693,715.5100271622531,40075.52824304791,24,0
32440.441605474054,58537.00371423579,509.68615919110005,0.0,48,0
29875.776997437963,33168.474439331956,629.8813829849082,29227.44805524857,48,0
36966.07304687615,42474.989845663076,782.7500245455421,14246.516533908389,24,1
58959.45337839657,99360.64856812236,679.259844574083,12580.84479656498,60,1
67026.44197609562,42945.05365246709,642.5394610881245,9783.095597963626,120,0
106515.0147844223,29321.70130542837,646.408959636157,14541.566245486158,24,0
30049.37877783627,29450.11549620822,547.0435407772827,29312.258013679915,60,0
89529.67195429752,33526.20557031268,564.2865289565459,11948.202932670873,120,0
53580.33467323473,32165.06832719833,630.4818327085422,44878.88023720434,12,0
58516.088710427015,11610.564549522707,677.1273030109293,29358.00176438607,84,0
80244.58476499812,16273.99709159066,744.8150011802111,22969.581877293058,24,1
26318.339353131043,25120.3887691589,659.2560617171434,17509.158232750648,36,0
71472.29238552152,67747.13055359293,785.2774175754248,37847.81305742153,84,1
64993.56624639168,38562.88138181379,810.5198015209526,40040.29530137473,60,0
74773.53792024447,43785.14932717879,729.5267212482204,2579.267791186332,12,1
68675.05931723454,88102.6407576469,772.4981408055885,9471.52841901365,120,1
133659.00419732684,88850.21449815255,550.9286478611906,29519.45309588041,36,0
40867.80047246052,41536.25170586795,535.0801065311938,34050.214166660335,36,0
44070.09134994547,31074.09467949773,701.7973376290165,15494.891775360975,120,1
41305.784207257064,24067.090589793865,515.8790188132953,8863.327104312453,48,0
43335.68642519236,70783.27309124713,620.9628155984067,21179.189389498166,60,0
40878.38618080447,43858.78299433137,727.1191905329739,42150.40146118976,12,0
95670.49593322656,38405.153290316295,791.3372924685207,20615.51390078213,60,1
102615.12743969564,25590.062745873416,624.5784349711935,1040.8884526230322,12,0
42877.61118751571,26910.007729658344,585.005570469231,21643.74841366131,120,0
35029.332806873135,59601.745744797336,682.0461621511582,31741.221068447805,84,0
74142.46669159213,10536.85202338214,542.6456556476111,18479.340329753628,60,0
43433.30867157086,79846.06081363815,632.6721351706573,38872.50218725865,84,0
78987.95453266532,33984.660685552444,649.1999951723718,32987.735532762286,36,0
66087.69062553899,45510.921672446224,647.2016007329205,19073.616144554675,48,0
20000.0,9890.661255783372,658.8503473817882,20647.160294606925,120,0
106425.15603990185,49629.02185272906,566.5485144427859,0.0,84,0
113876.33019286566,40150.371719283205,577.3007007381583,38153.40087368245,120,0
41616.33928546841,48497.582034306004,575.288373896738,15057.239769945338,24,0
48368.95320192048,94151.26695085672,487.9905660804943,14000.648910854768,60,0
68575.96172174715,55330.941373707195,684.1830321846106,11752.195902088744,36,1
70033.70369961075,26160.22447562588,739.4657451692005,26850.463437351442,120,1
79756.32818018491,28660.402683602955,729.6310082853536,3069.6049885601133,24,1
120306.13616299049,67853.93557741305,623.7503139539245,5237.40827431184,84,0
54691.583175178515,88960.79872980271,568.8994760536112,19212.123474509703,24,0
36051.08266384639,58457.5406225315,724.4314642362689,10602.300026226978,24,1
20000.0,70661.38233664309,713.8923022374552,25028.50360059623,84,0
38072.098801742424,68292.13170010115,671.7420642436296,11151.660809507259,36,1
59006.19081378609,92571.93240072564,824.4311252423273,43925.5439656338,84,0
113836.73590553363,5000.0,647.3574478632937,30401.862601766064,12,0
44471.66102891486,70016.56817913585,624.3110016075111,30213.293185684226,24,0
66713.63854916695,79512.08131710692,610.0182668925399,10925.573692680378,48,0
59507.31311781744,9838.2888159328,493.9122293519193,56085.19511659173,120,0
95651.79820344252,23429.95447980752,716.1339964142293,13414.834785885081,12,1
135807.97277620865,24476.517541155397,639.4514632842223,9292.845840648255,36,0
44073.936812390384,28136.2941086785,700.9931241356795,30601.13895433022,24,0
45316.81672445334,35548.48847193422,834.187800209124,22928.421994104967,36,1
91324.82631207217,57278.08439164824,610.9248230095383,7724.2353613823325,36,0
80456.74468878935,75970.2395350211,416.19912832084486,52937.707431328716,24,0
115401.219772081,82439.5087330561,698.1070369510772,34633.99247289257,36,1
77517.84555977891,24865.308164966544,666.6859389892676,20060.079519019084,120,1
49221.237276388216,24658.91003891052,576.754612402868,56016.651966248915,120,0
77719.64492076928,89474.65520048668,689.7266335621498,32161.70216432379,48,0
93261.10741748723,69402.31806255934,728.6096320104375,19821.4854531066,48,1
84614.46543592092,52485.945256069885,555.3390089788453,54221.564677653914,60,0
75218.22093321894,64200.10026664901,619.8668138596618,29884.7710021131,120,0
92000.24068767461,49105.88654445678,797.6753729848928,29228.678934805546,24,1
95078.86771337019,65737.54049142844,577.8377808770636,14204.785592592465,24,0
101464.76973112582,39917.99910482779,656.6669755413785,20741.202285494706,120,1
79461.29662768928,58064.14803317693,387.55888339561153,13839.605062036775,24,0
54986.45759049437,5000.0,501.8154498918705,41596.03619062179,60,0
64401.41059299969,29366.471155237068,665.75174973328,0.0,84,1
96195.2689952507,29689.664696289696,772.7987809585601,40488.05649597272,48,1
35491.92987038292,38768.29900379258,513.7970317999,6839.862069530847,48,0
71060.19926618703,22204.602356607556,657.4564062060497,19131.18195254732,24,1
48199.83563017918,33993.69122530754,612.4282090946283,15571.754182636549,36,0
60862.344688044526,5000.0,745.3088054992494,12197.712702571898,12,1
98353.55587821896,66461.01429184701,528.2196694677415,30346.762222032397,12,0
65732.9720405971,47524.59443265817,693.0077648367485,19922.161800067865,24,1
61393.09644468447,5000.0,584.6309313003743,9984.518597766706,24,0
20000.0,24955.102683599805,672.3038024826475,22309.932952666906,48,0
82387.60698081662,60098.04282686501,656.8931052308473,9558.699100002357,120,1
79364.52543423226,33709.34160842631,624.8220925857382,11933.36751497867,48,0
124897.6416991638,29091.7561958571,697.7811846269384,0.0,36,1
50766.652951409975,47762.21968975771,654.3652734302962,13245.365097728554,48,1
66574.50982991817,60307.926055346485,636.7193697923306,27413.067895918015,12,0
67481.51051132266,6909.426288825183,614.3583465977257,20556.87376937056,120,0
107323.59839290424,66503.85443653638,657.7598389745337,47225.95503459714,12,0
57141.13402839144,25991.2015517787,672.2043548146072,59192.26210581958,48,0
68370.64577311018,49462.16095250604,551.0857919919379,13036.724055189152,12,0
78236.89529149618,48937.395779254715,615.0528762082623,7500.233634435672,84,0
65598.27369469074,34188.016452806776,544.4814055368827,36947.24819538416,12,0
46606.99156348415,19290.20761607857,646.0154577219214,25028.123630488182,12,0
65822.69978694923,41429.40355723209,590.7667795145971,37038.1141552246,12,0
92208.95249579316,98759.90927225584,727.0783147981256,25982.460968067637,60,1
29204.541017668194,9149.74908609107,717.2726977756689,17084.63229986338,24,0
63989.09022440628,100769.39057314626,557.725143643563,17169.724276718316,120,0
38996.37555182481,42208.364867704026,649.7692654601525,26491.651675490757,36,0
95851.39886774527,51061.14251265917,713.8516579248363,16833.291564277108,60,1
20000.0,17398.67565845818,632.4691679835971,38292.51864796804,120,0
43232.34458185235,26861.917499675576,577.1782475194456,464.94140748206337,36,0
71316.35625193562,34912.71049885942,540.7596471955204,38212.154540916454,60,0
106965.72087703021,18629.150873662635,735.4267561578363,0.0,60,1
58027.492167810364,43732.461278873845,740.271314828497,22176.534295418332,36,1
43344.014199204044,37789.52324579687,629.2052401125951,15034.359040646768,24,0
116434.7120832177,105523.434273072,726.6137584526678,0.0,120,1
20000.0,15020.77442958617,353.4789470114659,0.0,48,0
20000.0,53080.71550245762,782.7554650709236,3537.2799484224706,60,1
73200.43350159997,57435.388457054745,634.3055194722821,20685.26489840509,120,0
44938.37326942167,17890.383540444876,664.177656079949,10967.238068304225,120,1
29363.015486078602,70604.82486358515,617.9482276334031,4385.766482432329,24,0
81250.6934189806,38050.189613551156,789.5707481867505,40284.21624383578,48,1
67314.02141313597,5000.0,543.9268376044466,1517.2298310715742,120,0
43077.64107789815,69795.48836313694,797.4460326606836,30186.7599732417,36,0
21590.868039873167,16491.773476929084,689.6270920945111,6665.0448742669305,60,1
86173.71984840435,18566.75161582703,712.2664215918157,3157.9110026215785,48,1
79506.03533875983,70637.06248677195,617.0795436671084,10942.420596156633,24,0
57024.72408661852,39585.155527446506,519.178080210363,29298.740708061672,120,0
115399.10988142998,77533.16451654502,743.0510765536102,0.0,48,1
27897.45701021542,86304.98286095957,681.1408351189331,24311.828907600524,36,0
20000.0,30652.146190331063,786.1623458308818,5588.600034929204,48,1
39242.75790356267,73797.87487865092,630.6223679784301,8288.496946309226,12,0
58632.419509335065,27336.175958213546,608.0768621101086,26009.623835615974,60,0
67300.18347968075,116993.47751396529,788.8088236640302,52602.24244916716,24,0
52762.9182643101,29211.289864063547,841.1894164497444,6334.745150186014,84,1
70561.6618954289,80782.62322880012,650.934717636573,30798.20875485502,24,0
22453.81727428668,75313.70077644727,574.7242503142894,15309.3143415056,60,0
103312.93812219778,59482.634663268014,731.0530762789549,12878.84817804805,60,1
57535.46464822294,29883.705157499506,624.5979433829326,36070.640146252306,12,0
93518.87494764384,45458.075241757724,709.9262825400798,7347.157837101646,12,1
70281.76039133112,5000.0,624.0724025621247,2688.301598078673,24,0
73702.59657461352,56732.60115146751,806.4014018211813,26902.636928286287,84,1
77093.01840696612,60488.45993085156,580.05104949493,43921.756947301204,48,0
73431.25680051945,54004.982571841145,698.052966252196,31249.920579367274,84,0
79281.68279602632,5000.0,601.1298029767876,0.0,60,0
99874.57590397295,12030.906647305674,621.8493438579231,10770.004340466234,12,0
65895.63509104411,27557.270514540123,608.7944345239423,34693.973623652135,12,0
81270.11272765537,58749.767995671384,723.8608066093416,43716.653268629,12,0
57307.9291713832,58680.16716928953,741.836311493387,23430.66987911632,48,0
103203.51646348418,44893.286240864625,705.7738828932371,11312.4119883831,120,1
39708.23093822191,69057.3660981187,639.201653325473,44690.282590529285,24,0
114028.21298732447,19212.728740913,664.0180031001593,18881.096222672477,84,1
58795.261480669695,68307.05017081989,739.7721568459425,10912.871387684592,120,1
20000.0,64242.26314519673,742.9311587207605,8376.011927374506,24,0
63843.132447323675,61326.641985137314,380.9724368646465,2074.7247951671743,12,0
39568.450275753574,44538.78706743033,622.7777828227304,62503.70644184899,48,0
85219.30646966172,104922.31474493784,627.5741208560514,41314.36798190884,48,0
40421.28062092827,64795.87065469636,716.9252564126161,10155.600259245834,24,1
46614.49700355661,20949.924102393234,643.3229182289255,45977.38890082875,60,0
20000.0,57449.16427207953,721.9183380949287,27999.532601047264,12,0
46430.8104225277,72574.50131222655,542.1339228969448,27111.62001978722,48,0
20000.0,32356.742032270715,676.005451546078,9231.24454825957,60,0
20000.0,82678.16740793297,740.0205653450495,12288.092327810813,36,0
82812.43968432891,61461.01117148032,502.5617130681852,19363.63948125139,84,0
83574.00475952496,5000.0,850.0,0.0,12,1
72763.72685354894,58990.15932013779,769.088593286652,12697.697849013959,84,1
30990.71570612361,37819.12536761854,650.1353302465642,20067.344468501404,36,0
58568.6593157406,66115.39443625209,567.1591892761232,39642.78359700856,24,0
59891.923827282946,78326.44520755442,632.4914849726295,10751.786808971434,24,0
25249.059324223716,55854.86141425454,658.3802359611341,32182.0716667171,84,0
105101.94905301451,99957.56701834087,694.0662556812048,0.0,24,1
86320.86871727015,44638.79346309513,800.0660849460031,37505.45263209102,120,1
53371.07478511008,68744.53469161625,602.3901530557154,6494.795493323534,84,0
60806.57516983592,74148.27720912042,706.2709837572561,21954.0945361214,48,1
66251.48423842658,47079.620933218015,520.7570837399887,26095.14678768828,48,0
20000.0,73363.22923933346,608.6399285674732,23152.693360337893,60,0
52584.67852438209,32159.810385134937,687.6716847869359,18398.303620190523,36,1
39540.472560066046,37322.94742936344,719.1262491008805,1377.255719400655,24,1
29951.399703152536,10625.339289910626,574.676752333538,6656.8862256576085,24,0
51566.99121342135,57242.27349110141,605.9208303988086,34946.479148324055,48,0
113930.59580548567,59757.55027563032,796.0556635583546,11039.338118098796,48,1
79225.2858380103,85377.89475737687,766.1908619628045,18450.566099547617,48,1
42864.6303065161,73734.2001306765,670.8457217052367,0.0,12,1
77177.48344068477,41456.13330057701,426.33548467792843,32878.60042287389,36,0
101980.66309758007,14654.609379971691,850.0,207.7543978986505,36,1
87739.01048738306,62985.51207559922,648.0068438342755,33739.44212903161,12,0
61788.911097605225,83322.59517243927,618.7432941978673,4059.3235903484674,24,0
40591.89666883278,72655.5492141183,597.7640074145885,35217.62045491662,84,0
80946.6994084077,82534.32574571863,687.6367037199109,20152.89372959489,120,1
71804.5615626525,43643.31406405273,688.658258917093,11618.639053293644,120,1
86855.79660083196,36001.43095473063,745.0627873126513,44006.026331721856,84,0
79055.15405045908,27892.95943304603,557.3937835650987,18967.175107726507,60,0
91486.58145958005,48323.10600159213,618.7505121858738,14572.815601160313,60,0
43942.94365318296,47642.27612093542,850.0,33636.76891397014,24,0
99521.82196902977,56200.32885617349,672.4590633249992,0.0,60,1
65927.988140772,46121.07628893476,632.7475626673254,0.0,48,0
122257.82617875797,45991.16810819686,555.8382234416298,37369.69960455315,36,0
39324.36545731296,26699.178410835684,700.5934305820751,7455.468820219523,84,1
112078.91409495748,78248.57040654472,753.1018217042445,32969.33638079749,48,1
65937.32350387944,52295.54186731134,737.4587645809808,20692.43557667031,60,1
40457.45989156655,44766.68197144153,624.1199136391083,2540.158038087826,60,0
45483.424978370356,27577.12240252386,686.1252283363536,29109.236295112947,36,0
50389.5807541704,10042.60668826742,817.1659436648612,13847.447146533836,120,1
72724.9783920575,89238.92577648032,757.0882292171469,3839.894955402324,84,1
75685.064641065,66639.16124395421,571.583725780668,4230.554417048712,120,0
42788.999881842625,5000.0,395.399493537853,0.0,48,0
59269.36223217051,72894.26902128971,679.6772507084235,26045.37323274107,36,0
124268.1107583559,77674.43510699327,729.8568126748432,5968.9888333221115,84,1
111826.29510302134,53731.283669027885,541.0775508126737,19479.168084427176,60,0
73089.71009022096,97943.32687255277,649.1210477877222,17274.162582314406,120,0
61140.104345046006,56501.58926368649,623.6300934126921,5876.649782304938,84,0
63600.93980154784,7495.2941615243035,660.4286322232199,0.0,36,1
78405.53918191249,60955.07003144963,595.5303712880287,58005.662436951934,36,0
29316.223044047834,57346.919051381876,779.0510997627994,19272.01211032627,60,0
52278.703877299646,31901.094536655353,664.7968880632762,47350.744291404466,120,0
20000.0,67206.76510632275,562.098311383525,37474.05175590185,36,0
71976.69367815838,5000.0,741.7462153593721,15182.520477643871,48,1
79415.87819108223,79717.00482328369,523.5812404008295,22714.46956009713,120,0
45504.40613101878,23656.34889183642,778.4494377535133,22278.73672950722,60,1
107219.60289870098,20451.61624648903,749.1059424222564,47663.0103339866,36,0
23227.030109929765,46585.256830775696,788.9775295320786,32447.50537465119,24,0
20000.0,62989.18784130906,634.1753627558384,7890.908809605937,48,0
66733.55455679916,54917.72190780289,600.3886020216623,25274.282548320873,48,0
91412.94907836463,27720.22502682865,658.4021760933093,32064.715121303794,48,1
110517.83074373606,34817.32126424334,641.5563213644468,2370.214266423882,84,0
46233.4721139318,16008.729578676139,584.7263714436488,27412.240172080274,12,0
92360.42500293886,43259.602951103894,594.6376685874358,40182.33434307681,60,0
58844.74591497878,82250.6364353273,613.3627152733536,7137.910225622809,12,0
54821.18100177541,49872.111870683715,532.9996313560138,9210.221486232358,36,0
86509.79812460017,75782.42764278359,717.7963289599335,37407.08758021009,60,0
79569.68635240258,93662.04013178575,644.7702862428994,14686.455306402611,84,0
20000.0,32359.44442889099,619.1621530766353,5269.873798713517,48,0
104296.21049177687,44402.80240833906,538.9645839058322,33234.09564551113,48,0
101402.74062442355,115135.78583187485,533.9627022332535,28652.8135508876,84,0
41233.11895471412,93330.30235939835,843.5914050722413,21415.90861244117,120,1
71874.10600312227,5000.0,587.274253713843,36868.739426730564,48,0
74820.90558848216,61614.44948182719,711.0528394209326,37934.528647918334,48,0
67820.21297471721,50016.79977019086,666.2634469900177,18757.656367658303,36,1
43490.845384637396,74793.59332576286,372.4811538891898,49614.89581329055,120,0
39851.298961858454,27650.636975448342,829.2450823138593,43750.84930140497,120,0
59233.37787025664,24811.748838779833,718.4083978776116,0.0,24,1
95181.87057778094,29717.878541191716,573.2329845695191,4548.23864850228,84,0
76308.00463783297,32842.14361404702,647.1633495570404,0.0,60,0
48881.57003741682,74459.72500427043,535.0816632596334,15129.275079128687,120,0
83150.96131945035,14563.9648055336,832.6220478461134,1831.7270254990508,24,1
20000.0,31321.58300122043,559.2342291758536,7785.224018904881,84,0
94462.97101116311,5000.0,597.691600330534,36358.522201743086,60,0
20000.0,80213.5347023712,577.0438921852409,0.0,84,0
49126.77175790603,88130.90298293422,658.0379400209171,21946.03611546219,48,0
26409.903161215683,40187.797074086404,787.0316500139313,21855.146637206213,84,0
21159.555728372827,41061.51905560331,828.9374449095158,18764.160686717834,120,0
94824.80362135559,63596.65706848692,610.1003855777703,21961.680229696605,12,0
45968.96396064326,94234.46022134766,687.8258982317923,0.0,120,1
70395.11645192147,62258.32242691752,658.1905412604074,7856.68226303462,36,1
58592.382633624475,29073.741725746564,551.8390735555942,43145.01297886085,60,0
74311.22481669365,5000.0,850.0,2046.9337173547865,48,1
62304.65673180766,16546.21212009537,786.2759562296255,44999.16220346299,12,0
21510.233274342914,52196.58350937395,668.9115849711035,0.0,48,1
89888.00458341421,30340.17430397617,808.1876093498988,0.0,120,1
45187.302505160624,55849.031179722755,771.2106712717805,5723.317741038554,36,1
20000.0,33412.27951291298,658.1861341081756,36936.24452430378,120,0
47156.545171022626,18255.607061167655,682.5963605327993,11808.187553759333,120,1
105022.79371902932,14689.051056407865,801.2126142376654,25181.104826587143,12,1
85506.65226340479,96870.63528119688,555.384641887032,21104.55383025806,84,0
49540.43596776422,76669.6324755093,817.369069732134,19183.06725904521,60,1
49522.26887044714,101915.53855483876,627.4887439314883,39111.77138911361,84,0
50350.94846347852,66198.52702265308,802.4676742847568,31572.769114805582,60,0
122302.43950682523,37100.25774155483,649.477340253718,2856.452042564357,120,0
71458.0635669466,89700.22767469814,683.7606222472972,15866.438246125035,84,1
72901.24941573209,49007.95995914697,646.5691643427541,46151.59730046248,60,0
90908.50362095526,56625.25310871057,596.8156377188773,24793.426837519033,60,0
67163.6747707954,48715.26862773443,622.9945101855687,0.0,12,0
52228.735625378904,5000.0,787.9111403168567,0.0,36,1
54109.504527450656,98142.0503688456,418.58360173275315,33352.17962849336,12,0
57851.96221757808,64730.1183787326,526.1034055195163,30536.559757640956,60,0
58883.33290470475,59894.6918260553,577.4528290641898,6179.516372940025,36,0
81828.8863091094,48146.71813188318,542.1655207563979,31214.4526846152,24,0
61558.376574218986,54902.83461158393,800.9979610415489,43990.88205078874,24,0
81979.20231646737,32081.631924612568,775.7676977853205,41867.88259490902,120,1
57578.50259674253,68497.38056921813,709.2031809394615,44064.17055233686,84,0
62359.055709482716,10787.049668026026,586.2195932522465,28332.331625942068,12,0
20000.0,55582.05297411641,783.5051866794137,17335.10271305168,60,0
87489.83024107444,66847.20411713314,491.1870074004456,13962.798792997462,84,0
70394.65427693978,44039.92598531291,850.0,19739.196670807352,24,1
89940.30329578956,61126.033774130745,581.537020282245,6859.650433147011,24,0
20000.0,20259.968232972493,623.7964778158562,14610.519132214544,120,0
122651.24114342182,21025.196873121076,607.0656149505286,39126.796224464015,48,0
55812.31115534479,57101.51363079179,542.6892585901323,0.0,48,0
93245.4845021255,70356.48963863155,842.5113123936919,0.0,84,1
28802.822186234072,5000.0,728.8894630784487,32457.95906627643,120,0
78383.21715187709,65660.619053323,771.5470542079787,14747.406129747878,84,1
28397.533104790316,33703.954988709884,527.6330727939229,0.0,36,0
41286.93117912585,44215.817380777626,668.0937827004,19079.987654893393,36,0
117420.94061600359,9814.462293048884,702.1028689331404,16938.176227795888,60,1
54279.5279770996,24451.482794398755,677.0756523549843,13533.732852629992,24,1
66522.98619539168,78983.75976590934,533.9626548932,30285.59039722226,12,0
86102.03192066263,50985.9012194064,757.5500021130637,2.0664681260423094,12,1
74870.45663917814,38516.647948713246,662.1550082785154,20194.781222893922,48,1
64512.56715430729,46505.34942106896,554.5035964356997,16835.41258081344,120,0
70948.83007398676,64676.35473992904,464.47494604473366,20567.378418675562,120,0
132102.46755714825,63214.834884900134,710.666651348988,0.0,120,1
58271.436088992436,47749.189988095975,850.0,12160.26667789987,36,1
66032.97140144903,82788.77332690006,548.4745726653719,20296.537865558414,60,0
91519.63188022836,79113.87910719999,667.0447050412965,28117.394544468443,120,1
93165.77798873952,62401.16087391187,761.0497279091577,47695.94758118749,48,1
95610.90916681141,51638.35348730211,523.0347733898699,32089.22583108531,48,0
79161.90666087554,69719.63285358617,602.0043230914976,26917.32800950123,60,0
25709.852618085497,59428.0226540355,563.9841220738598,39072.121884205655,60,0
109002.94596903288,81824.00215417842,748.4676694824547,15442.66330185149,84,1
25609.638209439363,76986.84130214923,782.5522569354059,43308.92245452283,24,0
69079.06395717099,19452.382957468144,665.9036264731735,36789.09185093173,120,0
37371.72449941926,17421.10487774881,565.8265931005899,13311.83314036307,60,0
58075.849602210226,28962.513667877713,605.7209062072152,48859.32763599936,60,0
69862.87230910441,79284.16070200763,586.9501485753246,26704.02972360018,48,0
69640.71646350819,5000.0,552.2731138376994,52894.534640926075,48,0
72657.62262705855,61842.7216732398,639.7961799181535,24547.73381424959,12,0
108411.33807175941,60876.29273278884,707.4826484461862,11571.052107340462,84,1
73606.02904541939,84879.44176058579,699.025744442852,8486.950349698902,12,1
52675.30094128054,55410.160719916625,649.1767635430489,14663.848179005912,12,0
88922.61504865071,9703.71828248298,655.7053836825364,11430.575869555008,60,1
95684.11466773922,21219.351180556314,641.8449204910221,39070.82835438041,24,0
23171.765545890223,14540.134343065263,520.2788460833726,19565.386331746224,48,0
77922.00209549574,33861.68101000579,666.0134896982872,0.0,36,1
81035.18226932695,44512.95297728219,591.6374414545351,23195.06473807533,120,0
51073.09489920024,15036.754213368295,515.2656780840562,21882.695646654298,120,0
101271.20439934859,94119.85971956869,687.0705567115584,12970.88568246484,24,1
55498.332389024195,10241.55884142677,588.8269963581455,24013.88032976406,84,0
63767.29360414627,90383.10271587441,672.7753921258836,19338.35850306654,120,1
54807.84527148391,85554.89094318022,734.7637815069427,29506.480510648496,36,0
60467.37142744403,76949.07649067105,554.9761278854768,28624.68408024831,84,0
27111.747393143945,29187.001775097488,659.2121282072972,25473.542845986078,120,0
20000.0,60273.52637530705,468.9577118269639,517.1614434490257,60,0
107835.15189674916,11678.865993481464,803.2533090609277,51785.25092213467,84,1
34591.15955045017,77327.21105101248,514.0933503111219,0.0,120,0
30258.229516310785,47780.456553911936,598.5180337602625,18069.362347773647,36,0
20000.0,37720.39356239945,783.8379903763957,3583.4997297679583,84,1
40831.14756931493,13287.654600311922,626.5477073919014,25945.072424901882,84,0
20307.306197775048,5000.0,530.26023136997,22076.085872109627,12,0
109260.45480409107,18843.77428892732,721.3073232286536,17468.508730696867,84,1
90294.51268027903,83383.94586838719,719.0532462151185,42766.591759067785,48,0
39355.48964466828,37914.99714575588,586.6813660634766,36627.438757656746,24,0
127573.07416032927,44920.13428654858,597.5073479219601,15093.26985362704,12,0
89452.96460974783,69666.63074865358,606.4591029381913,32062.01962874381,48,0
50255.05849474133,104170.06634348795,629.2976039313969,43470.203867576805,120,0
20000.0,89750.13964836916,460.7028923078193,36520.17559314444,84,0
128728.27717772225,20829.949885514357,631.85761388819,17956.72121798744,120,0
20000.0,5000.0,828.3914198183148,0.0,12,1
20000.0,120788.42777300312,560.4030032763296,24869.7185737979,24,0
90677.1129602892,118069.74834978361,591.6506406530236,30029.15503090985,60,0
133192.57219017818,55653.607892878485,531.6382336803604,8455.74649574718,36,0
101528.18455531554,11885.35263254535,711.2161926395354,20338.179005870625,60,1
76917.27360157079,78896.79601681817,770.3197358142377,18756.68286850962,84,1
77842.63024995857,46760.48941962169,768.0317839177625,40815.65953707864,84,1
85602.46676340923,46610.56630680169,525.198941110634,47807.24263385135,120,0
82767.85769360296,76833.76529315388,699.979173049696,37628.217054510525,36,0
68435.74271908127,60031.24240619896,793.3750034214236,18716.664752358345,36,1
63126.03311855628,14425.552669551646,700.9663107710123,37215.74370421725,120,0
58122.20616301433,40257.74194754078,697.8409683343776,29731.823087454046,84,0
37381.06233399971,69834.5878598404,602.8357421364841,18876.506354273894,24,0
51579.747693996775,65307.566672150555,672.0109823793664,51385.85433504949,24,0
20000.0,57860.49723075427,773.6318179706406,8929.723401762489,60,1
57049.811196157505,78002.68863427592,682.8208968428764,29058.634634143138,48,0
30342.266785472475,39148.49036548207,525.1725243970274,32593.409683308848,48,0
26892.32048352687,55360.09325657216,604.3958325714028,15687.517407143998,60,0
65396.824534604355,5000.0,770.9279538888993,28387.07281819012,120,1
101760.06859033798,36510.494184715586,682.4743320351096,34182.45875331717,36,1
87549.4981800694,72917.08725726933,661.9062078243077,23669.516307918715,120,1
20000.0,38288.16598648572,594.59844667533,27087.433450141725,24,0
30311.155902889874,36013.17824848664,768.8599180534435,21581.466844235314,60,0
88223.13563964647,18756.411446755443,816.2412597822257,31962.801672900656,48,1
30525.378193850713,80100.97678187437,776.3189123018033,16565.319962092915,36,1
53261.00550008926,66453.89820621713,794.2591621445373,15323.033249107179,48,1
76501.56297073656,74762.43793469254,614.1293759233833,20308.402307737266,36,0
30949.66635409094,5000.0,599.9830902626096,37755.03311297465,48,0
63161.2651843788,45186.49870203098,634.3654826500814,0.0,84,0
20000.0,41596.669767499814,653.8573241976254,6359.460249337746,12,1
41958.97068146359,41582.84880204342,793.1019780125256,54136.550724281624,36,0
69593.45802427611,31519.173688461324,766.5886739468417,24127.826251614493,36,1
20000.0,39616.87184659954,703.8469387254495,13894.45929555947,120,0
73214.24213881197,75489.34348119955,506.8813234153113,31922.77753232431,36,0
59410.86603219956,5000.0,481.1978155403125,8224.594996969616,12,0
76574.69863251442,103318.8430409136,674.0462744801703,0.0,12,1
66717.42402193985,64515.23375079384,738.0263205600717,25321.999216210832,120,1
100924.21289921532,48730.04313019362,642.0432951013862,9038.24248932757,48,0
63756.73507943722,77205.02439118779,841.4904504978405,21520.846671948497,24,1
47117.83376624241,6444.957644946946,541.7558956219564,24941.01184757704,120,0
63668.925090968514,30058.97284546958,529.1648050504401,22131.742543486656,84,0
76298.94087109163,46367.73702828339,583.571902552568,0.0,48,0
61465.80210977113,90966.81111296533,579.7702786808765,20394.212638811125,36,0
61217.75073611647,48605.10256620326,702.6285868681979,26669.029120466104,36,0
38940.24936579734,63501.640135554386,607.8288148156497,0.0,84,0
40112.97247347156,32312.63012191617,495.2159538721338,0.0,120,0
20000.0,64605.26206902473,739.1578456695117,3964.631212184053,48,0
112487.30229560818,100317.1877892337,474.00480739278703,31201.471081403546,60,0
22684.10293826145,79865.80075022342,542.8781776989291,0.0,24,0
39212.84406612278,47556.32036666362,487.7293429256131,32446.60776716531,12,0
38447.78203292408,70264.72541796409,670.7121277070873,25880.83622435345,24,0
86847.73130833324,67325.50863821636,668.6047712151212,16137.47074202128,60,1
51151.50965123917,65197.63015091827,841.6454321016354,0.0,48,1
97432.26218021201,83358.60082581226,741.382665614555,8052.986826631726,120,1
39795.28127268395,83134.33111512399,794.16461833422,31728.560780159518,48,0
68369.82486671406,46185.24209375347,678.8609651298493,38850.87802765041,36,0
34939.58840220728,69256.37184433307,552.3068178909436,4529.557735381044,84,0
124354.47383320166,38507.15236520619,662.8107601993496,37127.952654256675,48,1
24372.047429114617,22307.82811053267,709.2421007387306,30288.12849062193,60,0
69294.62130681082,41915.187328880405,720.3807382251575,19897.44203352823,48,1
79013.30642796296,47711.65544781252,602.7587855891658,8932.173055393972,120,0
72413.97292354495,5000.0,698.8786473782399,11279.149680800148,48,1
54441.37023366875,75809.97678250162,556.6972029158735,47343.8392423145,60,0
56105.37900799722,5000.0,545.6722405889283,22676.627213195865,12,0
61314.344159373286,131444.50818458965,538.4215288614515,39948.02513016363,24,0
55589.93995114534,95056.37401388957,652.4625988556797,23623.369749322115,120,0
88916.3735038473,42169.73827483059,532.2163644923696,13209.531116128503,48,0
126315.69004774054,50282.7908169132,607.5255610128992,28761.35270652704,24,0
43275.24644976499,59089.15620761849,740.2916551413958,52367.52608119838,24,0
20000.0,32325.18836033174,547.0870321921695,10338.250092708548,36,0
57351.538549462355,55778.57442760809,599.5687966495683,33708.03355171029,12,0
137391.28012962954,45680.00066895017,657.163127677617,22857.634734314397,24,1
35889.762960908076,47171.81848307102,674.6886901532266,0.0,36,1
109173.50416332202,55443.83190441916,600.070940919444,0.0,60,0
110331.02442229322,10594.166049380168,728.6860068735157,13220.243795921808,60,1
43392.35274876017,51187.09172400944,709.0452300784725,25212.328762113786,60,0
77069.49237555826,54903.43239852432,763.9856604361703,33175.594545327695,84,1
108851.89869385614,53865.48864067743,641.839807565294,0.0,84,0
48626.16777037539,43525.07733691537,598.7181190543656,29790.462802357055,120,0
53892.58919692915,84135.73327908115,581.7367977987878,18224.296167046923,60,0
42549.57258154069,39390.423353553466,680.7027517929363,20049.706722988227,60,0
29557.298079213993,56819.77720469571,612.2844217188727,28829.177690492685,36,0
40521.67364801979,88918.92601776638,593.0830222319211,46191.57980175986,12,0
23281.791997132306,47618.71579939063,605.1712735754678,24554.62700609147,12,0
61022.50404777678,56433.89802402654,581.6309514875747,0.0,36,0
36900.80306824075,47108.46091055308,669.9021112762732,17193.612306061637,36,0
67013.57735372243,87121.09380690797,508.74168174559395,32782.010347197225,84,0
20000.0,42268.26315241114,680.3016292474963,33275.650953748205,48,0
69926.40696643371,88500.63731864616,717.654876040295,29987.36561135461,24,0
85005.86884826774,46892.36316058806,591.9120861822702,12349.532669913968,84,0
20000.0,24216.208296559496,842.2036939606547,0.0,120,1
71221.69709542717,70381.19511722363,651.7621310976854,28842.61633735893,84,0
96830.06977419877,40859.96498733032,493.8657016900112,1786.4471060310243,60,0
23710.769439263837,68615.02697297488,621.8757093663329,30395.16524637775,84,0
110177.1716051311,5000.0,656.2656144935796,30399.340380419515,84,1
72570.57028098135,50156.15785684839,694.8967555570214,12984.605949034543,24,1
38849.64432724773,36211.84103727559,624.2569475889153,18313.050650237717,48,0
58326.92767026882,18102.239404061656,548.842972429561,22980.168006793298,120,0
76749.80737565167,33402.769944806016,540.5019381887718,10777.779900183363,12,0
62280.161742372344,32788.905671220455,584.6400714818328,0.0,120,0
76162.67977339108,48560.426154482564,594.2224637481237,19411.71084429644,60,0
32379.79220761901,8980.206161451322,536.5025835100743,20975.48915719767,84,0
65080.82472108234,59488.21340779141,576.71868388963,40415.710454795786,84,0
20000.0,90986.44355617365,715.9458524439355,8270.118925582112,12,0
56663.21815953899,58427.85490843479,814.8412607694487,36027.442606716664,36,0
32882.77075605631,74269.65827687026,725.5461713870964,2793.9578161034624,120,1
37934.10172230701,82836.87363841388,780.5861086186812,0.0,24,1
97082.79525631311,87094.6853655253,747.4118468233698,15487.063329360873,12,1
92739.30361782807,106104.16078463916,733.3130328398345,5886.3648408541685,48,1
78274.14362721531,35023.94005172209,616.2203736942672,0.0,12,0
27230.61705982263,28445.480445166508,664.0910878386948,49164.954737221604,60,0
50507.74650915594,73503.96944974204,607.9380657543978,13225.285454660867,60,0
96392.9309993755,71247.98658972199,628.0892837666373,54669.55380134373,24,0
64251.50740919714,73270.25898847068,656.8167100386586,5078.993016521357,36,1
129579.88619945083,106678.47362750757,721.3566151579026,0.0,84,1
71799.53518183116,50341.09726395483,692.3323381515124,39369.34578392486,60,0
65761.47349470094,62784.69678938555,633.8170736985644,9100.150516096264,48,0
50726.50607392496,20588.352455495755,655.5538740891666,22082.98697298229,120,0
64006.227143468466,114059.63371927873,693.3463674193526,0.0,24,1
55425.90490858368,39903.652363726665,716.7394438057835,19428.302871049345,60,1
81243.26030065771,40753.5221551751,498.10048367427976,0.0,48,0
88701.06950383753,39597.50326975272,542.2611036101063,18891.389034335534,84,0
36420.31618476151,30653.12424066987,760.7310533939342,12891.0119076728,12,1
20063.011393266657,28116.888534570524,643.9130430068942,23454.015955791554,84,0
20000.0,34288.87151331424,607.5923406633021,29385.370566632177,48,0
75239.73980737632,9026.122158471662,623.6500527073961,23616.199987988308,84,0
26899.00181478379,26440.46239210285,623.6294694423447,26765.698132432233,24,0
20000.0,108468.89334342857,705.7937781524374,18364.50986900714,60,0
71657.35813592892,72069.65430924106,539.1983606019232,13470.219476515444,36,0
134789.9855229837,77777.12530183155,652.4777746496761,27051.78024184352,36,1
59817.8726538032,85316.26362250745,674.6117729450405,18328.282761827228,48,1
85154.72323354926,105024.03693087172,689.6267916565503,18900.35326828784,48,1
62454.88075642695,5000.0,672.2863996210293,25966.174481702925,48,0
57033.31040426572,13103.506541403782,701.5906230314029,4501.766029662234,60,1
87572.29448963306,25888.290173159443,592.7303848941688,41444.16641141649,36,0
51291.76367434046,35908.10610531207,555.8197267675044,16259.651291656057,36,0
68021.76942215709,40982.91828244253,850.0,21862.724239551066,24,1
69650.93418588041,36590.673415818776,619.8735315425763,19332.20828104133,24,0
39957.28639070854,56579.26739396162,631.5545529345432,29791.1473085318,12,0
89761.27048609569,51058.86172235648,717.7840097717884,25087.72506456259,60,1
54751.20729913774,28314.95614465251,809.6089292194241,19251.140796957574,48,1
37327.64521521466,5000.0,595.5471883065304,41731.311742053076,24,0
76095.2953071121,20213.938838639053,550.1184731810474,0.0,12,0
33045.96054626888,33522.84040062274,525.784664920839,38640.11570700421,12,0
60845.43472107385,42587.61689576841,809.3106221502926,33803.23107786439,36,1
59726.4301006739,16109.976220683893,546.1893013538966,0.0,60,0
92576.86697494733,35275.8060051074,647.2444063484434,33939.24826575879,60,0
74240.94698639859,16070.378345432408,552.2715167957031,35877.01168339308,84,0
59249.19123764568,46225.41945355001,505.1644082041696,28426.452348215844,48,0
84532.98897600861,17807.26014912154,620.7624646906314,0.0,60,0
101706.22647051941,24532.860308886065,556.221333365884,30239.79076346338,84,0
76734.30919055587,10739.476070325829,580.8371574576687,35107.95284002893,48,0
60310.57859530142,45394.97913290648,850.0,11416.902578286914,60,1
20644.913029495212,24006.56690142805,692.4896104172403,26617.00783979085,36,0
28046.590107738823,77203.52800026289,743.1469519553989,14701.881567208226,84,0
50843.25886935997,62175.50800078697,732.4659562849253,33280.654857752634,12,0
41714.63393522151,47904.44395449071,639.9139076920975,15297.39972158385,60,0
54390.86091043662,26075.435079686344,606.0281640622376,11298.238057309813,120,0
61699.49774691321,61415.60915948909,674.8934611861117,19410.551859954212,60,1
75890.78263070193,70721.02668045911,666.8450769932494,0.0,36,1
57885.03665822726,54280.65236604891,593.1194582834692,17921.27025151458,24,0
74595.04931478605,98111.05566400792,662.9847830466861,25431.391060373575,48,1
61934.232444303605,63789.11954224448,579.3670293303708,33049.38904049527,24,0
20000.0,77408.21652704102,632.8542069359161,23734.351079572993,12,0
31819.93818543737,54006.96246607935,616.4716525482663,0.0,24,0
55677.37332835153,70269.9335977093,523.1127407394221,40284.06707344644,120,0
23709.15771476677,26096.56301992474,414.884178688783,41542.37759561359,120,0
77997.86189988613,36248.049103616184,556.09367500603,21688.508829061735,12,0
105922.52497031091,60480.90660447139,830.4104664586301,8720.875682770178,48,1
96562.8555509195,60262.98444672145,619.0318217963272,12025.730953076818,36,0
53596.71387209376,65228.354688297426,727.5968160896405,16947.16403422872,120,1
104721.78410549856,83011.78676836187,437.55548569066417,24180.0268429649,120,0
64460.02371606335,7250.864845537639,549.1713932035673,15432.720777353903,12,0
49887.42086645882,20766.423571691117,514.5510382637649,7124.186991482362,48,0
41597.92009377181,56887.179232227594,629.7699989912885,35345.148263246556,84,0
50925.90940535615,28269.091045896177,850.0,23859.28832111151,36,1
48354.695443763136,150000.0,696.0238943227918,4214.419663460772,24,0
65112.48667126463,65471.58857510408,819.5612533278087,24369.656844286856,24,1
64817.219431495934,47650.074532095285,624.5563272314337,22428.062431686227,12,0
60091.38060460243,34535.92180748422,786.4869373855072,9229.206320834133,60,1
73108.14509239049,35595.131504208664,850.0,37925.7463941648,84,1
95719.38824359025,50904.21983945532,639.0630933589541,22023.338096409734,60,0
88486.62406323971,53359.45797863773,596.0735288772635,16750.675368767483,84,0
20000.0,36299.02565919461,518.2189063009847,18747.77377886868,36,0
20000.0,41805.432604402944,619.0939741423031,26658.751937822395,24,0
88029.59733717822,90328.53725703788,658.1896675200791,18917.24878204844,48,1
20000.0,91535.14887953103,850.0,18791.844904416874,84,0
53257.0379432195,57561.01939804631,520.5026025903913,35989.476024880685,36,0
24896.609218219215,9762.20818289787,655.9661893696979,0.0,12,1
20000.0,66155.0946991713,468.5691878610383,1226.7029060755813,84,0
76243.88184614365,96628.47324833077,607.3237171161431,31654.450399879053,12,0
82774.65480907941,91093.43305887136,681.1395357412018,56237.74680625451,36,0
42704.68797819842,72032.77558429001,701.2583152688558,33147.431752280776,48,0
20000.0,92672.68865857465,708.9023079641922,47963.13194109087,24,0
43612.66655242552,51601.52817437065,689.7404032886845,13484.42579426408,24,1
71754.12016207639,68843.08909501115,708.0421940096242,10443.78232493273,48,1
20000.0,29576.733010244592,654.5739129002664,26847.99759869077,24,0
65500.79759337467,58767.96368467136,545.2133694011028,34304.73439740545,84,0
59540.704524810135,89886.02731911573,464.8343036319944,326.73648076467725,60,0
77378.74498803265,32317.297655393268,595.3312178262784,16801.7244075525,60,0
63587.4110524246,24156.697116071406,636.5384566936771,19594.742485339197,48,0
30807.931773553337,52924.66817071091,775.393179717548,9816.94676471939,120,1
95897.14504993474,43200.13388828001,639.9398324843813,11566.672601813845,60,0
55244.1128091909,69474.43163211261,630.3430965783308,32646.039515887896,84,0
59180.86381470205,36402.21422158873,688.552712684178,27045.267216362354,36,0
32001.96122780412,101553.18846808141,622.9988012548798,31976.771327891813,24,0
46701.53246425469,11309.717061168325,731.0541998946939,25053.120355591607,84,0
33455.91857919298,87612.04358659204,847.9333618383878,6901.149847211927,36,1
54811.61820229731,27054.523150756908,850.0,26346.54577758757,48,1
111351.2544042703,5000.0,659.7040627244489,5718.60646433737,84,1
20000.0,57136.25469046602,683.6892364695448,15323.69991448487,84,0
20000.0,42361.760419583494,807.8856120373483,4456.270177726625,120,1
104135.10982480826,16711.71896290908,635.0037977103729,10836.683118936993,60,0
53720.28968544402,5000.0,717.9192141924179,21357.182710317735,36,1
39927.81784020251,49749.1763818563,536.4839870314174,13137.640932570179,36,0
91197.1406218823,79275.10674871453,618.9160851725002,6752.563849632821,120,0
41831.53380789408,67548.60479259332,765.6114616645307,37066.96207373119,12,0
114780.29140640808,51701.19946517797,578.1804366212377,18206.124239332108,36,0
80337.77614017807,64365.42719653205,637.1948821270322,12081.079303506136,60,0
45362.65775562892,49183.57602866429,492.5790354397881,3764.013339470357,24,0
124719.24639796511,7108.272709088866,850.0,0.0,120,1
41828.55230989985,7373.180443296704,776.3028069816903,16669.29479403318,24,1
82262.86116027921,43904.94413045963,668.8099566152748,0.0,24,1
68978.77741219476,45180.401409017766,700.7512872082328,30680.546890414294,60,0
99052.23868196394,75529.48035520295,689.5898106943368,20442.367918977932,24,1
106845.33590180558,72719.12671324241,788.4311753030786,43375.41168707203,84,1
60960.124471973,68153.99047276848,598.1199957628628,23346.114098556976,120,0
37397.4638896145,41591.51860768458,723.2267619928232,9100.133041105253,84,1
73799.16428817349,8580.434896695813,757.7416498852174,0.0,120,1
39668.538907436814,62362.13411198072,771.5325970476457,32098.157956126346,24,0
120401.6174257987,65755.07939786505,424.0629116168302,515.7760919691464,48,0
64096.05993248212,5000.0,590.0725521734855,13877.832159653575,48,0
49040.35346063674,24969.85440252012,548.0829378698096,45111.3236983237,12,0
65540.40917594725,29268.36867818312,664.9588285570686,29164.7502357309,84,0
20000.0,53550.50603370309,448.3969780485728,25847.98181802411,12,0
30851.578844680454,25899.187017029184,445.4377109054397,34164.83664680163,36,0
96012.41723833277,48855.96293526079,850.0,33605.74728358292,36,1
40293.17163085812,43683.95178941024,711.7689388263341,43714.19647931255,84,0
28592.67051954181,45225.515853868164,662.1009243198812,10967.309742966967,84,1
76099.58257581858,28508.171188977616,686.3672647838982,14349.737698538524,120,1
95571.12463988991,30830.448377999674,664.6340923749179,6164.230564074691,36,1
81568.599319952,17591.98820657922,749.7350656551525,19509.5354542404,120,1
89881.43057417449,61402.02321721496,586.7555807936021,18016.509062447087,12,0
37296.14734291618,67133.07885774106,668.6614826073569,0.0,24,1
20000.0,26881.461496239834,672.7421267937715,10191.488643581804,120,0
105040.0095586646,95619.20288051134,545.3142041541662,41586.74801298449,36,0
50319.60483473593,40561.956576738536,777.6983059063052,23663.128923306278,24,1
52475.00950634858,95905.56871389682,605.432326009859,30730.97927130069,24,0
99845.82425547173,30736.1847850519,751.74216698089,18191.829982239782,12,1
76686.9002820198,5000.0,661.491272637148,0.0,120,1
73676.63316244823,62065.93474737054,813.3584832409058,18070.461172556912,48,1
124950.07034703251,57456.35315356962,545.8620911478475,35625.448362814685,84,0
40694.45308859571,51031.81385922749,541.524119848955,2214.7431313413617,48,0
87835.20384243711,30733.02564668032,559.4304408995691,31205.583901154554,60,0
61710.39374691254,48962.83323542543,663.3295550514374,0.0,48,1
68057.7683658977,34662.21626391418,804.1468395778205,20302.86857348496,36,1
105854.05279237595,40929.51301004748,809.3093618165251,28167.77675219944,12,1
75235.07268868871,75248.96767295225,419.003139956156,15318.312135959117,24,0
76148.88237148899,55526.516885902805,674.9707161222539,57087.07310680025,12,0
92175.22011929407,68298.54161995932,328.70463894849775,12602.143443670962,120,0
49051.418113713444,43043.9448012263,729.5031793785034,11323.756434826968,84,1
34823.70997982981,39739.47962585675,761.8169414895207,23067.380627825067,120,0
28655.724179368994,15395.52407334069,645.9755725307814,8675.402962441867,60,0
20000.0,38898.90162295409,658.3981577494754,0.0,60,1
121686.21389820967,5000.0,657.3638892940239,3534.953376166748,60,1
26903.749028349506,32293.341010830954,571.5558081258754,31369.80139321843,24,0
53362.39129242684,47543.77468427483,693.170578532148,15425.906616869675,60,1
51695.601003332384,66910.20962810468,626.8591998346743,45530.314257528895,84,0
69222.20093427302,41939.6636742513,743.0291709289619,13381.456323911974,60,1
84472.1163761789,60430.20626734998,638.637306548077,30657.65532098447,60,0
85814.20465079237,5000.0,563.8976893511741,27662.629691928058,84,0
42507.67684293185,48294.89443379151,496.413532913449,13157.737892299683,84,0
54986.34858640766,5000.0,463.5935174944288,6817.866062511359,24,0
68477.39851464899,13750.894530220023,781.2509343954436,0.0,120,1
52539.26621449359,44385.03356408417,604.221064714098,28296.81169520139,60,0
108220.36728059978,88287.91963620664,683.8574190081649,37973.895988252174,36,1
74729.24854914754,61136.20290410177,828.3229891744519,0.0,12,1
82046.33358149452,50546.92991411351,593.7195668702109,14443.325975049886,60,0
79886.43806002238,49414.08831598693,587.2522515618846,9996.22504710877,60,0
95204.21572455975,28591.133203865982,636.7838247644676,28270.537254803116,12,0
65430.64676111121,33680.49759881949,652.9432700419993,15070.209680709984,120,1
21095.0415613246,62821.28136412392,838.7551350255847,39844.708556267244,60,0
71990.63855257924,8439.184446665167,806.5820594094114,14234.102135497253,120,1
40459.29318624513,67791.62150849064,712.0875415906747,1454.2481069614332,84,1
44141.499547507294,38344.787986434414,794.9413768996868,12967.920121837815,120,1
77590.9205626528,74766.71224608696,632.1780987432144,14620.780997618698,60,0
97148.49214300906,78832.8037169625,679.9164567188478,27891.499182419928,36,1
60638.14730208185,5000.0,619.8486355461305,14397.214169517734,120,0
69264.99037796892,32552.57710318346,520.963161742036,26601.44770100566,84,0
111066.44833905714,24334.16936178129,770.3874741793595,8142.735918664721,48,1
67222.59538465705,5000.0,703.169873398986,15579.849803080158,24,1
138050.49342541184,19024.001713717684,651.8073473423664,8224.48584931218,24,1
76965.28936894632,123237.6753579602,649.7532150687824,7300.376154857926,12,0
20000.0,68285.2968863732,499.3785129093492,39122.50335926018,36,0
82600.24863313598,107518.63905817262,552.2524666847285,9273.056428110967,120,0
71434.75154648333,74872.95320055007,683.6153170114025,14785.928267783522,24,1
98692.58262248237,27744.705169745735,597.0887332725495,35669.06689924144,12,0
80195.44053809874,38546.86409977871,628.228695878251,31250.020944072945,12,0
55846.320480486786,67653.08540720922,639.5343935220899,44618.10824992302,12,0
23271.052911319028,63125.18610419109,581.7531230982889,27242.027967562673,24,0
53729.302281419245,32679.739528749986,553.208167997595,10994.009154709132,48,0
34484.386373721,5000.0,488.76423690746265,50857.16973433849,12,0
42584.29650585832,148632.83562166215,635.3481720988459,28731.211168329024,60,0
77657.35213261828,45765.509829715826,711.8608547610283,17679.569917975008,48,1
110097.13513054218,40227.833204521405,485.6365857780049,20861.9832455078,48,0
71840.14589468943,53400.03391715905,647.5952174900174,22689.223691760722,60,0
24123.508138944468,42718.14232066914,678.1143252691561,16447.821878160128,24,0
73338.08004660423,53681.86723116451,551.0419596270856,0.0,24,0
95898.94459936954,88608.41858349257,792.2141811548088,44400.81578369872,120,1
41706.51287041853,46263.54560940729,611.4284630961592,19672.48885737844,36,0
55979.48499981247,15118.68682016716,639.8740311543489,22752.447690539648,120,0
60440.645841875914,45150.68616564167,633.8730499402021,51172.16089091719,24,0
36453.0506075328,36067.94655770268,472.9225577408944,9750.721051736222,36,0
79448.41301531577,92716.96811740554,750.8752071684044,29832.279870711565,12,1
56371.55554176655,85133.57194212712,554.4481231580762,8115.519746450251,24,0
72585.97331721084,53225.75001292396,626.3479484594263,24815.317438181577,24,0
33375.234665936994,11637.924355422307,709.7661001277995,23022.58619377037,120,0
46876.25099029769,13223.232096801628,796.0903426144534,31859.01645710475,60,0
81671.44073483314,50453.69784753661,542.0067718103161,38122.530765355,12,0
48815.00543724699,60089.689079638425,605.3516414405573,11307.183632004924,84,0
111808.91553700215,38761.31542021835,788.2418630007153,41250.12261085877,84,1
48010.91443156193,35594.91247378298,696.3713879275447,42312.21407841968,36,0
66740.54177255658,32216.023004640592,717.1171359051608,16250.219229597356,12,1
87977.7249561927,49298.181192681615,544.8868264223833,19901.261278953058,84,0
20000.0,5000.0,612.0790470073442,12584.748200758415,48,0
20000.0,16960.201136908705,633.2164567619569,15418.38179234543,60,0
20000.0,31188.47463657948,564.2105242657026,1947.865171248981,48,0
97877.52310281547,86225.09584855763,482.54303743260925,31663.036584937858,84,0
43444.25562322659,25585.59074213212,598.9501441236404,0.0,36,0
136745.97857004756,55414.04425493619,785.428819958443,9543.577238559707,24,1
43072.57204027834,56796.282527929885,655.9173465560497,19307.56923395649,24,0
65536.53909591111,88937.49516982287,787.4290913573376,39496.95995641909,24,0
106263.29857703627,87877.32220892451,667.9020914229519,11821.331460471401,36,1
120182.78664477369,48274.91093615251,573.5292270412037,26417.77506653867,48,0
121845.10729909193,35735.457764316714,777.7619013231722,18785.238283246537,36,1
96250.98691779427,30085.006915229293,671.2326140667899,34176.78350708501,36,1
90721.87577434388,42768.103326026576,746.1838832427397,25633.786234360563,48,1
77775.8084760355,36978.999370292004,543.1671828879429,32453.140820595836,84,0
83350.83228499914,66608.82228074696,753.8756289614503,11740.476272681151,24,1
43464.428510144,62609.29452455613,756.8889275544199,4789.626587624962,60,1
35454.03349733078,67754.03573435047,678.9767144356535,25506.92478580044,36,0
59898.766277671435,87778.51134308505,569.3077914190218,12684.079714411087,36,0
54894.461324252145,105886.0736420053,645.3991171287388,20454.858077749574,48,0
46403.15852018174,53739.901802226705,711.1291147238244,24759.124103961352,84,0
80891.62342370146,82983.91314186959,673.4570019936534,38628.61295982087,120,0
88659.15625711532,39450.194484973545,710.1082738107764,31798.559650849988,60,1
62652.20658875542,85550.20950749048,751.2245907652905,9784.854908390445,120,1
104325.90243165786,81845.27471527533,585.1553346628078,2824.666433636645,36,0
25749.326575994848,80252.47909828974,534.4924379039861,45610.71657131671,120,0
54190.216221608454,52822.09523574571,646.2461198627758,0.0,12,0
38495.330381915854,29949.25508027334,617.0256841130132,13212.457284634234,60,0
20000.0,8164.146864035705,728.584641315615,29678.67230483175,36,0
57519.57942471902,48798.88377436702,542.5501610341192,44581.41870425048,60,0
56347.574748501494,95990.37626747548,752.038187417768,17155.077123137075,84,1
105403.49229726393,40704.65295907781,785.3612109546766,20410.144914063403,120,1
78924.35053664332,73553.79756380164,650.030496426229,6874.58867603862,12,1
29274.395270123852,75318.54201556793,656.0736125581304,21899.241682028067,12,0
115622.77699002565,41489.41337218482,573.2453498769847,2747.690310486807,60,0
96631.01086576059,89490.34512558559,595.7339101025933,8745.725701720206,24,0
77462.93110405847,5000.0,609.1663319354316,31458.35831207721,60,0
53205.47703450504,13317.49163785475,794.2940067837931,13496.347747071113,48,1
31216.822898295606,22531.031109246207,642.8129214189227,33758.733830796045,24,0
48833.79671786841,25408.549313978303,517.7827043359991,17697.39310026334,84,0
92662.45859112559,60087.888535576865,675.5354342112004,0.0,12,1
116537.58917803827,58701.13409161706,732.6290124622276,37525.47913566951,24,1
106297.30584816568,61819.71716525024,647.4588630678405,270.1087242216745,12,0
45334.517346411776,67882.44482397461,796.9213439726989,10973.187367090777,12,1
26411.477001329666,21496.86292563052,727.7508667265898,17004.51377092785,12,0
64226.58740733612,13454.717995780433,545.0871270112146,35087.42930988811,48,0
20000.0,61889.590460235886,594.8567187603597,12102.727659646349,48,0
69695.03142554345,31093.037790606828,672.6226281424609,6099.242562948741,36,1
55571.92241103994,5000.0,483.38107619733927,22440.09607340594,84,0
46018.90494395273,79140.32853624444,683.6356737470614,16790.514151600713,48,1
20000.0,91853.05719506892,473.84175727453515,12989.141014412584,84,0
75408.0031970915,96714.82669095977,752.3433455564509,23247.280347317683,12,1
44018.97481014266,55610.231644241605,740.7273684791709,1946.0567691030192,84,1
24902.49492869136,68777.96287918708,700.478136091507,0.0,60,1
20000.0,91096.04670085732,582.4121635647689,52080.95160902385,84,0
59174.55284848091,30757.526299296973,667.0202824613539,21562.79140042366,24,1
113167.54790009232,83320.33052162276,598.6622512485351,22612.713229434048,60,0
109837.7764364361,58261.88702429626,546.9184722549934,8270.159289843834,12,0
46287.11230241184,77411.34957027773,616.1256988228589,33465.482652410166,60,0
41933.638189146586,55582.79062627806,719.8265536492096,11997.721097812302,24,1
74063.22768225071,88887.70129244006,654.3814192831761,0.0,36,1
30048.436824351254,56705.71287624611,795.0709924134424,11494.499892370528,36,1
69053.75699458398,5480.628215977471,726.5780539480274,15778.80383113325,84,1
82982.40835154071,93557.79896944166,715.8690813905619,17448.745934982308,84,1
96807.99671652922,21574.07777083664,489.1073450554396,17014.825058831266,48,0
56995.377705601415,87591.74630731743,621.4841469844722,10326.280745355843,60,0
53889.78749469102,47292.71355679034,543.5627589565801,8877.184104449481,48,0
33660.52239730317,85280.3295559312,631.6997120376096,15530.31999811954,48,0
35193.5893788042,84043.05844600295,580.6723876076843,0.0,60,0
53205.633242954194,62904.28922946114,612.2395046942062,0.0,60,0
71020.96520448534,65256.05952881392,756.116273237385,21470.832348794578,24,1
87407.53878699748,62678.85851577698,697.5249929005834,21721.023113974858,60,1
35904.631479589654,5000.0,750.7114428981635,33191.00870080995,60,0
104780.65706878566,53549.90656694607,489.9316890984014,16166.52034443842,84,0
51866.29196872294,16518.07471784315,655.7974696615663,2095.5918033870657,48,1
59358.98116954692,55135.614312369886,746.6704981396601,0.0,36,1
37583.649625565304,15711.723608503533,800.6295914887155,6647.05886064701,12,1
20000.0,14451.44176321775,495.19116103075066,26337.79616086279,36,0
86521.3618908315,98148.03505261705,614.851636383883,41621.73355113383,60,0
82105.316912773,82083.42164372568,753.4226674004763,20811.28119157271,12,1
51560.1732864536,49875.72245167536,630.7721687188555,1796.151644958325,60,0
62009.721516746155,55543.059507470716,558.9582325830277,6801.190962423952,84,0
75478.17653112298,42562.51922770974,495.00008215039924,7269.4111390352355,24,0
20000.0,67096.29127938568,555.1298465336833,13910.17097652784,60,0
44128.41967961116,29718.369003535852,481.1098331436271,36813.43137492305,12,0
83827.94038865481,79812.20788603873,655.8460456834026,37983.64175235172,84,0
22371.317304922515,42407.39476957668,739.631018577866,17416.161578376705,24,0
68806.73796499887,37404.59012506313,523.9025241091396,22746.05165170396,120,0
20000.0,50651.39055454528,675.7729741211052,8036.631606898014,84,0
73992.89947300579,32265.595102231684,734.5271029445867,0.0,12,1
58930.75553107549,59860.47048489449,649.729167315165,46825.075301941186,24,0
20000.0,33879.122320598006,488.9305705082754,0.0,48,0
94942.18063371515,64055.70808456508,688.6211554662503,0.0,120,1
37962.252696058524,86480.19616734429,644.535305523553,46946.08782739469,120,0
35692.42688956857,28420.34939575479,634.3495351399145,20249.231070056703,12,0
66017.07591692828,46082.73628114486,595.3162754239535,3111.27639367936,48,0
94459.12048286146,63839.92139106265,658.6787426274042,30240.554466339672,84,1
29525.345430648093,36924.279350557794,700.981790844696,31595.79959068967,120,0
61850.39549543915,63929.61682479995,850.0,9.715322783831652,120,1
72864.49500991718,66661.96581955219,661.2332068387204,12007.319352956383,120,1
80793.16821789433,82497.85328882912,801.1141160012673,33143.68795558581,48,1
65293.246658316755,31820.29861745264,685.7755083426877,7746.4138044426345,60,1
48989.16482750033,21716.742793085763,640.0471672352246,24232.456079207484,36,0
35172.29338053841,40772.67831308769,664.8547527711293,41372.182795494096,24,0
62584.31649139124,20967.429813587,527.826363030749,0.0,12,0
27835.82964043179,66934.94612142492,680.5860270752038,14881.275210068568,84,0
20000.0,15147.46099470766,450.79349351786277,23924.539978512337,48,0
73096.79412473003,119990.49254758065,563.7333642111469,0.0,84,0
87118.04523258586,88877.83584721253,660.9843093133811,12055.829146212975,120,1
20000.0,50377.273088009424,769.3982273178844,35667.479662127196,60,0
29708.078858701872,76021.83478993928,793.0624396998394,9435.272768841656,12,1
78574.62783015594,5000.0,626.3453420359065,0.0,84,0
121724.86409135096,125701.19994198674,665.571731953044,36962.477347433916,60,1
60623.81123026224,32293.561633985315,748.4362469582028,26667.52540295648,12,0
38159.911763125965,46385.077583019214,517.0506427807081,18967.155627430686,60,0
54513.10676685479,5000.0,690.4747505315504,18524.122593379667,60,1
101246.29257444554,64588.619142226846,567.210713263419,35424.23706657412,36,0
40621.074626263944,16809.675287686732,632.8174955323282,24417.92487513844,48,0
36024.23980049239,53049.67284698087,604.0976749505685,29684.18219402813,24,0
45517.694334539025,33671.76701226385,693.5358127048147,9611.504077893722,24,1
31400.14175223863,17667.681952089697,705.030367400909,0.0,12,1
63680.109479843864,25869.154947121486,739.1078677397397,29328.705503126825,12,0
108740.35375408683,56773.64102256564,684.8198828464448,36513.91882499273,84,1
69692.37819348086,11555.270813935269,667.1653769968897,16631.570484912743,84,1
52429.39493621137,27535.649869292687,835.4023800438601,33316.348756902706,36,0
51245.66193253368,69898.20143793433,497.5640929802823,14971.808102346238,12,0
20000.0,128074.3962462294,819.560986012924,18639.512580222912,24,0
86493.29331441477,64327.664586590145,621.0178091131603,46286.43182580909,48,0
57664.88408961594,22482.150734681378,707.0891586368305,15627.19919440354,36,1
54585.60259228123,38986.574897830666,617.4340319406399,14741.459111699085,120,0
155793.22703534583,50947.67018457735,579.7458370448373,0.0,12,0
68962.5872509706,39517.25148092878,698.4577192794228,30351.09739971488,120,0
37446.26849714447,77091.74500210799,754.2128308614443,9352.379518185395,120,1
47209.2721138337,56524.20449042674,697.3007954967405,22208.375165190388,36,0
94453.37127590264,77235.5715472961,595.7884213317118,15274.413688509228,36,0
63398.11231613293,40566.68629107112,850.0,13313.109267620857,36,1
20000.0,89765.0065916377,769.8573670866252,18234.057652075346,12,0
87576.8680372561,45005.43247155362,743.3342304207252,19387.21490660888,60,1
39955.67743383018,20864.30392586025,614.7035769257795,37641.185894528375,12,0
116198.93328652636,115319.61143126665,587.4834211710961,42803.17785038869,12,0
92401.44197143946,5000.0,622.0160924157061,29760.726536623817,84,0
46580.34313023747,27837.838240852172,758.1406544392484,39073.33870206284,12,0
98430.4908520534,31189.164445088165,550.9395662924172,32812.21206120073,12,0
62035.6653158221,125249.1881916969,543.1796168545683,27419.2115290373,12,0
85583.21025366659,104205.76652439535,703.9547533361018,41827.144029401665,36,0
74541.98451883424,94817.84430926593,681.9196444642121,372.88053612014846,120,1
34609.3003502738,40080.240128710044,572.9686462109104,9733.066981261452,36,0
40693.50503047614,122785.34011525325,540.8796421584775,7686.477097158602,12,0
90898.82452743483,61050.560115229135,793.7896993368432,15479.181250408124,84,1
49956.74003680378,79317.90110909367,685.7004425299561,30288.505371264415,48,0
47890.546102740096,55390.861433186205,513.6464136271968,3273.4482171987765,84,0
31346.32261951941,48516.002860302455,520.6374463917706,27541.987952166586,48,0
72707.97196780384,42446.63978220862,613.8488027549531,11194.086223936432,60,0
121875.74757729436,43710.80019742513,723.2841806997633,14794.039202195854,48,1
27974.012572371812,68254.74946034237,709.500880210828,23006.234951507846,24,0
60726.58370018274,61015.993963261644,763.1678537001218,45218.72208592249,24,0
102366.61666246288,49055.85889388948,500.9650192539202,9314.794216188091,48,0
57610.758262628544,95285.71978096564,672.3846689779657,18798.599097598464,12,1
73571.15388749202,5000.0,792.591033232136,3826.6216160441672,48,1
28128.19415559361,65296.617437635854,783.2801730476099,9170.784254829174,120,1
72849.21291622946,71532.16119976938,685.8909981412686,3689.878476132879,24,1
54385.67204986354,84408.88604765509,850.0,23671.77631949858,48,1
89571.8998703959,48053.856768399164,710.9285116415859,26379.63154233168,36,1
95621.58154694253,56237.60202151873,754.2746632841342,30305.740200857406,60,1
137686.90926055843,79578.45149944164,654.4447918775506,8695.254336404885,36,1
77388.99519640727,94734.9921284054,571.9024707155713,27619.14617817539,84,0
69773.88949746499,40983.920444636955,562.4790799221254,21696.50117372027,36,0
65831.52904732007,58009.273493826804,668.1615214794421,19133.71254123008,120,1
49405.01121567935,100357.21893046272,628.8497993149794,1378.6575873843503,120,0
70154.51530385073,5000.0,473.1414330086519,22298.80248977173,60,0
51137.957695829115,29299.622005562444,547.4206415074259,22774.349298667472,12,0
65053.829288088426,93975.0793580889,618.1596425945907,21525.926668133507,60,0
99527.9260682388,82776.1350082491,722.727937593716,26000.76135915814,12,1
29803.723041610767,65673.35632780082,648.3926113837925,30418.934886041458,120,0
94196.35683387137,36542.09380672639,642.7935789499486,3529.65036563421,24,0
99513.45202019595,23545.44503043742,551.3087372996683,16749.55870357472,120,0
56457.94419026764,32263.53142272879,652.3166080062099,27736.514023463656,48,0
20000.0,96440.24662456076,781.9101027445988,15974.07768687496,120,0
41765.34038716703,31146.71932533961,665.5575112758557,34391.35335592767,120,0
98909.83639683327,53042.68892718974,499.2686418518138,21352.677450388477,24,0
59313.958131033534,27388.77065414762,524.8477205695469,0.0,24,0
30020.933031152676,75283.22090297082,708.8788877223153,32591.433787965405,24,0
44856.75236315348,33838.21158960676,627.568452477738,18243.451597170046,120,0
85218.60079513659,47072.18329536757,642.5419769896486,0.0,48,0
76402.00704604138,5000.0,588.7265824985243,16215.652095698033,12,0
52832.03702490917,5000.0,700.3412212199912,974.5343207808,60,1
48995.267645559376,50230.19579964519,619.9082286754651,31296.969283912294,120,0
48247.255528685346,10245.285344067146,631.3386778271396,19462.38529780752,12,0
32327.694465044922,113152.59918003506,564.8776608336874,6143.819527973512,12,0
108461.27068408325,5000.0,742.169129814277,32162.720854442898,120,1
50330.38592365981,25994.74104007688,627.8867208383579,26877.884989943726,36,0
96514.75562476489,50501.02601802651,710.7880333119759,16463.52894461963,48,1
105639.48155767354,39046.011866126464,530.6408435965982,1316.0384069545908,12,0
89949.32694443881,16875.636300082428,823.3883138378608,7362.893096951098,120,1
47051.39061845855,21262.164815141958,777.7374038513223,7138.131354409417,12,1
72111.90271009828,20280.377675022846,459.0202330341073,31197.458048965826,24,0
59274.13180827251,41398.349155398115,569.8062524936284,0.0,84,0
32888.94417809616,108557.87268552271,697.7634391009885,19291.477751553753,36,0
69730.77845164809,52338.118896746295,518.0271343850995,16245.734138418706,60,0
24628.806265205923,85487.01468162572,636.8405917836674,35533.08526663125,84,0
95630.38165384691,65209.29037484425,692.6631785976797,23491.048365129802,36,1
46061.48108104821,83415.87193946661,631.5274088020517,28028.15427715503,24,0
66034.78967618517,5000.0,703.8838703537097,12119.59994404972,24,1
68498.63614638426,40866.25936555312,580.6670095398118,1535.0271874210775,120,0
52232.85078887768,89214.06269452142,425.58184578318776,15117.860361852614,24,0
77600.81404425824,32847.92531751999,748.211531216506,31657.435788896484,120,0
45752.89030132427,102874.19494608836,747.581465360253,31623.359467276525,48,0
86138.91892371733,94516.70461303284,850.0,13541.186433264553,120,1
20000.0,35926.07851617613,429.2813482065685,7088.84293027163,84,0
63791.38738639235,34905.0944286093,725.0832109346816,4149.813126392202,24,1
118167.86997174854,19591.824729365937,453.13178619166126,17950.600959101583,12,0
29990.060261832758,31112.17304408607,825.6493281675318,22048.26757578999,48,0
39667.65088425446,13022.328074932542,698.786683369601,42097.872694636375,24,0
75417.23548976745,62864.33541299017,554.8071152323747,21849.961364283117,48,0
65387.45345818794,6318.605199606995,728.0222474601436,29206.489907107076,12,0
70518.90297820678,68111.99048570666,594.6954992283064,8292.980181436718,120,0
74675.6139044299,68842.36090700746,680.0416099551269,20625.515073936862,24,1
79041.6440568531,5000.0,670.5960716209084,22101.176833052985,84,1
93290.99525868669,96494.55818985018,824.4168136147294,17892.042082334327,120,1
72294.55970785537,65408.27883245666,831.4925910086513,19672.718046951108,24,1
52762.27036144373,72490.94064334607,590.2734626726494,21893.27701430159,12,0
80177.21103608194,27240.04395371683,755.8105617996036,27215.552196414734,24,1
116996.45804685647,68671.37355419356,685.4840155570298,37536.770651206425,12,1
56020.987608522795,83791.80349166197,508.73179329930883,0.0,24,0
30764.120859880757,47041.74802985968,580.377161962782,36706.06271208031,24,0
93212.42007860918,110057.67377745084,850.0,0.0,36,1
56388.56508139205,51321.93904738813,685.7854401104655,24631.442315551285,48,0
20000.0,84223.57401357422,749.9779579517523,55334.4345363271,60,0
85422.65031451265,58790.26421775965,628.7955687633009,19361.895673613275,36,0
43940.15442138232,67565.64598570604,596.0058085280658,22700.287091219627,36,0
57284.001530875175,5000.0,652.7264507634475,15346.104291192984,48,1
69959.40991707044,61131.612146460895,623.3895944753783,30008.935208974053,36,0
65714.99039337199,27950.74696228202,500.6747068968402,25433.128289596127,12,0
81283.55451417118,24608.05082666937,549.6674542545968,9859.291328313933,36,0
46935.408882904696,102323.09553397936,720.7884514412231,18284.704172227684,60,1
75393.17394528248,43586.89255812953,611.9309310897589,3223.4524433418082,12,0
52213.59967248249,19900.945070735102,652.5704882027907,18215.878681515278,84,1
82164.31442662509,39226.05115673376,673.492305049721,13709.417196248945,48,1
78461.0245203916,10986.493132342584,681.305004881872,22048.114273860752,48,1
31936.83893866214,93016.5340458881,764.6579061315371,9351.291542870911,48,1
92579.46348525096,29129.577675004548,540.1304184931469,16783.524648707004,12,0
43921.09664657856,65878.99801831009,707.0252723543624,20131.591627822163,48,0
84241.73394843435,90683.20142630975,725.5027793519648,21176.265469349863,48,1
71018.61940204022,34995.41956355812,748.5851779001506,24114.255735587634,60,1
115145.51030385368,65960.67296818359,508.70824005851273,17387.485020785207,24,0
53296.020528844434,19097.418352867102,675.4819218346998,8199.595116024553,120,1
49520.49611645407,123373.08707341053,821.6075946398518,21231.09908974367,84,1
59417.41182336802,78091.40403849867,640.0879480843377,17317.132616063558,24,0
50904.60651497173,44221.80683717582,698.3494701964291,35369.68463160815,24,0
83998.2570582615,26814.988073331086,728.0395594585185,37261.12251365539,48,0
20000.0,46580.10341481121,547.453015560174,0.0,12,0
28389.527425609376,39800.48832945443,833.3824728999974,29257.318226266263,48,0
27965.912352624207,108588.3366199852,699.9500796968904,32266.16241634862,24,0
88509.22775920728,13233.958333552931,701.9502814193427,0.0,60,1
111318.40117745777,54044.0426987061,483.7972621989465,28692.092283690712,48,0
56866.523443875856,49449.8580009887,729.4544798213313,33439.32376649451,48,0
54935.34830429968,46477.690989653915,700.6410341379137,5755.300431821146,48,1
62101.56489339544,46741.500351849725,812.4191327722065,16454.875653184423,12,1
94856.34907824572,46517.8756963855,618.8734785695647,22794.799037303324,60,0
32179.405974282778,76191.981989963,551.2341670401559,28556.870901489172,60,0
67151.06948204356,68269.53339477305,581.7761005225667,5173.408843285946,120,0
89255.9288934729,62567.34834118359,599.5021764992701,37355.10046723418,60,0
75032.82509819536,5000.0,538.1153481868627,0.0,60,0
65687.44849796231,58993.846224894914,779.0160023765993,39856.18323388249,24,0
90031.38277701424,5000.0,782.7697862931667,28254.012016848774,48,1
20000.0,69389.60489407476,630.4208298859945,10673.427332857938,84,0
80336.25958592723,94234.92102711543,610.7240077915806,32966.0876406062,60,0
40377.72950617729,22212.826622343473,468.4518086680688,4283.014345968053,36,0
20000.0,42146.578329718795,719.5961255303605,21724.040815908127,36,0
75336.07798574942,32019.328848410092,815.3440108825844,23577.573107128926,84,1
101209.75635488873,87062.95327270402,586.2805282740444,23542.022209385217,120,0
55876.54456116924,52850.83655816219,638.3215474223601,7404.236643269807,24,0
88586.23641608817,101849.88141699,693.4291461315731,12558.842414636343,36,1
108368.34773965937,62412.62608842163,822.4418360609906,21901.17299226223,36,1
99447.43360752142,57273.50541907458,669.9776221835094,9098.84385550132,36,1
109198.93588114178,52046.20347808509,669.5429916026519,24071.791914149122,24,1
82263.82473215676,74539.76297772011,667.9318501159803,10788.110476601321,48,1
62263.009167047785,5000.0,507.4967493096327,35000.000391158654,24,0
20000.0,52560.3186656153,505.32093461701356,43440.27425856404,12,0
52618.12535610154,47898.60668816105,569.2004830885128,15538.037380141111,12,0
34702.60214051425,71762.56481473298,751.2890574037373,33803.88141455158,36,0
125128.28152493441,44368.951823778894,616.4642929454006,16815.431876351005,36,0
54723.4256270299,18837.966975119896,597.0395951197708,5953.532048879846,48,0
63696.14420353457,50220.520247590975,595.2825395856232,13614.233891672564,120,0
76544.56128121403,17514.7841339497,636.2343121527323,21283.546111343196,84,0
61308.07339117361,5000.0,820.210793410164,0.0,36,1
110851.5312129226,71813.6744445648,634.8802614302879,29384.851421682448,12,0
41320.51914796644,67371.84718084012,571.3702594625141,21290.31273404546,36,0
65838.22365711728,64012.72831980724,652.5245629081633,35008.15936203732,48,0
37725.882429058554,89087.85265837432,825.5083605761537,29122.063306570373,12,0
20399.32466337883,30049.043290882244,599.7175281064384,21799.224757458327,36,0
41646.927272841436,7066.575716862346,531.8994991569054,14662.475969758056,48,0
58888.89608854764,47899.106695758666,599.9008730269583,42842.92582554481,120,0
47120.9332644822,39574.99100882269,662.8763736348433,52548.0903025405,120,0
39227.37060378432,24731.12849689794,718.824095082534,14912.758924102829,48,1
20000.0,47604.52539536612,750.6883578682246,35634.40210553827,12,0
57506.832821139156,31651.845613862457,545.4282726037671,9398.755115520462,12,0
20000.0,5000.0,554.915466554093,11184.710694664096,84,0
82801.67891068808,36764.69927618719,617.673774061251,14206.325727522517,12,0
62473.1925880351,15908.744998884278,718.4493024696897,30270.240314095245,120,0
20000.0,56949.44214832768,523.9992102347744,3876.30058491413,48,0
50723.7276885041,30318.95725278035,589.2673089582303,43249.46340506352,12,0
37435.3078322825,83348.94422423156,590.7256270588052,34068.08386059544,120,0
69575.23531257542,98115.98201803598,744.174885536437,29922.72808143321,120,0
100213.51338069433,70381.44119035719,702.8260760664438,15592.780009959666,12,1
20000.0,5000.0,740.371836104992,32442.31384785112,48,0
63450.78237442252,95155.87996637118,783.8677974233054,0.0,84,1
55196.01613300079,97271.61351121296,619.434990491092,26613.520452387485,48,0
80140.20229351397,50563.715339238224,531.2593845146318,22401.831014941185,12,0
66395.89884713068,89687.78481006596,531.903638215298,0.0,12,0
37440.92004783543,33449.74585859966,466.189243494116,26093.794740982532,120,0
50428.38193000146,5000.0,604.1233170333808,28863.37588814109,12,0
36119.22429589533,27191.46684135219,611.5777385168261,0.0,84,0
92280.21415795795,101879.02598134268,728.7553406805048,2198.4287352187894,120,1
60639.349460158264,5267.602291655792,651.6914217176604,50965.837277764265,48,0
117035.72057259022,49985.638457944835,600.9671555657394,17204.696808463006,60,0
58180.175585561374,51024.31680020637,638.4001273839414,34634.39089247581,24,0
38747.79699268611,34610.772680965645,546.1026516285236,36902.02886434513,36,0
20000.0,36694.35200488655,752.5406570751287,25909.052209929017,24,0
20000.0,52167.47402708608,571.4084437190492,35258.620267839186,84,0
20000.0,33135.12974195818,536.0068728064105,0.0,48,0
68013.7995303445,7338.245084962065,731.788196670747,16542.058824790136,120,1
75261.75069689802,56450.95828830368,707.4164208363851,0.0,60,1
20000.0,82200.99747334917,477.6314621440988,0.0,84,0
86851.14942228346,76087.17555960263,735.5001634710222,11809.78254522579,120,1
45508.168449496814,25707.935978305653,575.8407360905943,10019.233415057284,48,0
64403.79035956648,12463.162538669727,612.589547243608,20621.154337137195,12,0
108366.61884766273,41474.36353535664,668.7020107693937,19690.242325955158,84,1
86905.17947596595,97033.74529386993,708.6624882616821,22006.136449718477,36,1
51944.08056282503,69367.94236878637,694.5479174687526,22620.644729460186,24,0
33264.23323754138,71118.94030382701,645.0181669093997,24993.840869044565,48,0
20000.0,76695.70855356484,607.5356671084089,5614.329838820573,60,0
38425.4004227274,62622.99687555759,691.2220693565447,9128.115209542977,12,1
53666.09283516917,53618.25642840736,638.1612162655772,19446.82911057871,60,0
30384.61418546448,69869.20689943904,830.5354459125924,19679.855739906146,36,0
56062.29098723086,33615.016873459404,708.6409009969902,3771.0895205555207,60,1
62305.556488763046,7566.109659010377,557.6584375009645,36223.39071519577,60,0
53254.32054575764,71689.9080387297,602.2400048626349,30872.010163262385,120,0
40499.92257529621,87132.14317247676,654.819217725983,7104.249719553072,12,1
65059.64015900183,16453.041819319056,779.9431215070455,16874.509806249713,60,1
73258.21948708227,74657.64447247701,791.1105009112135,50143.09476195673,12,0
27288.02767671462,100422.9714016457,610.3865279634435,22408.655567514223,36,0
102327.9713923881,49932.61394728637,556.6365783410557,25935.289328000985,48,0
57042.35603147215,25459.93445774761,543.8502358793812,10865.966733033056,12,0
60565.48868834543,53690.56020580267,675.242875721578,15303.318372074878,84,1
81246.43269769671,33483.98095397896,850.0,42669.88978675104,120,1
66996.48393790505,31498.09670130795,703.9094104255103,21699.416409388043,84,1
88594.09901739736,62995.52201814628,490.60874733159926,18936.076716906777,48,0
68613.72495605472,5000.0,577.3995896753999,20114.616289046986,120,0
41626.87876078686,6682.132325233186,587.6085798155087,58180.741826227764,120,0
70845.10575618305,50578.72641121828,567.7997479885092,20597.11254721827,120,0
25688.213780380145,49330.743832627064,611.2106175065779,7548.849511795981,24,0
63256.79117329569,60306.63731119807,686.9394861019941,10169.736475771426,60,1
59003.10028066618,106256.76165450166,718.1981169322646,31711.34003582156,48,0
53756.494281823805,53135.42108227463,759.1763490916644,0.0,60,1
56143.87465683208,67945.16451004383,702.4202573047178,26758.744721963445,12,0
20000.0,20734.011931561043,454.58497596711595,9142.73708525836,60,0
43538.252767771155,73038.12990549611,544.2695412468687,0.0,120,0
62785.34703423344,34208.27404667967,634.1905963140808,5298.916746296078,36,0
64795.69175992201,52142.624977432795,664.7279855767479,20413.007145179894,84,1
29169.745772221257,46734.541247925146,736.1418359876257,40927.51090239225,48,0
97971.23522594103,80989.22704742092,654.3184176216773,33699.941179199566,60,1
34014.75455356497,10700.703368750015,655.0707253863675,15594.646607438703,48,0
89083.7160158021,5000.0,673.7797363139059,34582.80604727139,48,1
72815.83085615054,43597.01908736226,624.4978261218798,14648.30256141418,36,0
40613.1807046859,64055.937707153724,658.6885139877811,0.0,12,1
113259.32677828535,54568.081274225,762.5832179011751,20316.31453449015,60,1
24190.895047305596,86966.12712241734,641.6089101215997,0.0,24,0
87574.62520830004,63121.18022539005,646.9787273215717,31871.124612275933,120,0
90017.46954128935,33084.5500442042,646.641459523281,32088.201335103164,48,0
39881.393727700655,5000.0,779.7773813791168,6800.450907046066,12,1
101773.95900192986,42880.63297414345,539.1946673170557,22183.96260238493,24,0
52498.60456203142,80838.77006773395,827.5846894791196,22040.738512871616,48,1
68660.8088783957,38238.56651998656,532.3618145484487,33079.45072650862,24,0
67809.65516313662,50849.607910332925,584.577973867224,1323.9761902422797,60,0
55970.737755883565,62640.807629201256,724.4738269715319,28992.312853522708,60,0
84324.24819479347,19541.228772505525,753.0316695473671,248.4612349173549,84,1
83804.66161656639,68697.07689916453,509.65009830015117,31657.831065093058,48,0
20000.0,99113.65370005116,540.7298136752914,35940.46101999719,48,0
99130.20728634458,44815.59944319781,677.7842809471848,9956.129095401613,84,1
20000.0,16128.067345030948,850.0,38286.93299812309,60,0
90976.38613024972,48001.96918934079,774.626278099868,0.0,12,1
93801.1541048275,5000.0,625.190295036819,36493.75167815822,24,0
27271.007093544053,60107.09791929848,408.0870861924244,41576.84357243961,48,0
47675.571361362454,63568.23132945737,658.1642734421159,25187.227912272974,48,0
26828.85994542193,100269.08881536686,686.2296803646553,17067.113284559586,36,0
53552.36909133794,44180.15622300125,611.7304858917197,24686.297301498846,24,0
50758.97147442776,62254.560144394105,564.9276009453405,10943.624469033093,84,0
83389.81596808019,24161.356928422967,665.9165260321388,59369.40018744116,120,0
99309.26238358824,39307.18638424764,555.7738806106039,11202.03064348563,60,0
101870.51432369868,5000.0,837.2448660808724,39761.01754485977,84,1
43134.959202650934,44156.31136150293,801.6744797533818,8881.588738637869,48,1
53723.34378766417,40840.725394443056,715.7912631592761,43952.12419255474,48,0
20000.0,58975.992982666874,658.9710569119317,50184.92872632755,60,0
35823.89800511434,31292.09359002082,583.983591338644,25789.862165290153,120,0
88945.54899292372,52500.36052925276,647.9212816109099,24299.859028507257,24,0
108467.48470644695,39998.59833177003,813.9297135207275,5651.314628231321,12,1
22969.533843602338,40055.01835101457,736.8654058436629,3864.9858564757305,60,1
42226.07222541317,52410.869778890905,670.3692278476459,24468.719077484424,12,0
59207.82729123219,51215.6882695103,742.3974334167596,41872.88715771681,48,0
68404.8347645882,72835.22117154916,704.5610663380828,11776.962662764543,12,1
35711.89440235062,46380.70897610496,689.6277539886872,53118.93826691279,12,0
72721.83133392269,39503.43952630991,748.0563258991535,10847.810905552431,60,1
45784.81958787252,44575.776647383216,701.7027644824758,23440.87911124956,84,0
59566.43187365163,28560.076494770223,735.8551470103379,23480.246996054833,48,1
76388.52744011098,39202.667192999856,666.1387049634509,18476.984371467246,24,1
60192.66809432813,110934.76139219693,624.5874176809897,0.0,36,0
46908.423284202945,22619.637179123987,595.1837121059851,10713.90349353656,12,0
56711.70588222508,41640.30998362072,583.2690394529042,22994.589384543084,48,0
57349.111223839944,38375.340101909285,489.4829557558468,18560.223560296792,36,0
48899.66910353617,42584.85163266802,558.8060053188335,29543.03989104174,24,0
52236.11811998693,40062.82073364815,555.9146470417819,31352.538679877776,36,0
107959.41511514151,58377.20303662999,599.2654804015964,16398.823082316354,24,0
76827.58343823717,5000.0,806.2244210638291,5563.544415268307,84,1
51135.59045912519,81115.14417596013,634.2438044446222,43224.7655807512,36,0
80908.63213532207,68977.48398926592,674.176688988431,0.0,24,1
49985.4153073197,12713.852418105955,677.3319644511927,11070.39164851777,84,1
95193.73912759924,5000.0,808.7580912842367,7250.601140392982,120,1
71089.26576594282,20687.835615757966,592.4414546154709,31196.864327031613,120,0
56780.93567987313,42720.006157186326,627.7477919741939,39755.32961720886,12,0
73431.50777430832,127408.75696072324,639.3800628225816,17394.599367335824,36,0
20000.0,66297.7089492282,763.6534855774768,23446.651405023687,24,0
26196.975932705842,5000.0,784.4105693754454,26431.577314837243,48,0
24182.24980802834,29310.334852971682,697.4583819693944,47060.06147883291,60,0
64288.2928429112,48403.626911810505,773.2909374061879,0.0,84,1
111975.44998455276,57610.50662894291,667.766099646899,31163.328486903927,36,1
126939.00438577897,10557.534190687315,632.7396752383178,25647.87121909255,84,0
79141.53304322272,45950.29316068816,767.8724086585622,14437.407121312694,36,1
75025.3342483337,28470.82587168378,698.7617675233797,24893.401035804432,36,1
20000.0,16887.243121930507,576.4469334092419,31112.43463744877,36,0
43719.786007979346,57787.869400968615,749.7420938124351,28747.440687242044,60,0
36366.487442752834,73216.31520328467,629.150736897972,52377.50908874448,36,0
41374.57205246652,75231.23830884858,616.9176477275796,21912.22381690528,84,0
54955.68544245631,67231.59053401629,739.3004368199712,20403.577749354896,12,1
45837.28266908618,35078.91400579212,641.1167859155087,17280.518214953376,12,0
20000.0,71436.49284390517,688.895853604029,28294.682557188324,48,0
82437.30768352601,59271.63314312864,716.19395840708,19519.126077710785,60,1
27817.709227805804,54018.25648856039,571.7056920727616,20198.137175971504,84,0
67177.40592333449,31649.20634894605,688.4850564682201,20267.44790009385,120,1
122222.4800924992,35093.71617975415,784.9473105261624,17980.8714576486,48,1
32418.4622524073,52216.60808373662,554.353285626039,10869.907967713885,12,0
20000.0,123196.23400956504,694.9908888831228,26271.598072953664,36,0
51419.87334359667,59037.27440274171,567.0532265419713,15724.28652475072,36,0
93028.78904995712,31664.34493249142,752.1397683840398,29205.192542306657,24,1
118750.42362661782,25028.316650916717,751.1905583749772,21661.514433919958,60,1
23113.512166427492,35247.00162031392,614.5677659750901,14201.3768550643,24,0
74900.97669709566,115318.80342647198,850.0,43472.45607552597,60,1
46040.686296598404,38022.300621621136,760.6625309137285,18465.311216795355,60,1
56821.54937087593,77206.11603830855,720.6928985136169,29342.345218427094,36,0
139330.30041051103,38722.15263585931,715.0610896106135,9500.256410118482,36,1
20000.0,57835.53623838886,748.3926909206224,0.0,48,1
67612.18984483721,73752.35822026167,550.435759275584,11495.012484844294,12,0
74030.795152963,32842.91450570228,669.4607598461024,0.0,12,1
92573.58974818041,30766.650375416913,688.3190385377327,16447.056997711275,36,1
62939.49460412686,99766.0908336599,609.986393669744,42029.70521808581,12,0
69241.51618512307,79537.7868468739,696.4795269443965,6420.724668850236,60,1
48250.54297734627,73720.16956072184,773.1694300434006,0.0,12,1
68073.80823735322,73618.28879368742,607.8230912234094,42503.8548651879,84,0
49704.23173507769,63787.26464933196,644.5575699628695,12869.678550136225,48,0
78647.15669568152,110533.27439525194,567.9414704146055,19763.924267469683,12,0
48911.68991869098,51317.2490563147,471.30109901892075,31824.19953696616,12,0
71313.01181706559,67317.87101602758,727.8932180520511,27847.591474837238,120,1
59122.11558945065,6472.612142179627,647.4266205160752,31257.686294178035,48,0
93781.50752316504,25251.179402262773,654.7579417152788,33506.434843181356,48,1
58458.18829234541,13975.430004948787,551.3226381826473,0.0,36,0
20000.0,88221.90750548447,631.4496470963809,0.0,48,0
97857.64502141974,5000.0,759.6593789182124,37567.54493943261,84,1
32828.03097412143,37930.69931741832,650.082133677946,8273.912853624699,36,1
40387.00984053541,5000.0,652.9183758055412,9910.312325546613,60,1
42130.16117869524,25061.3631355433,670.7528277863422,1057.3621675352297,24,1
101233.14279512453,35271.531508044005,526.3617871593544,13925.781659787768,12,0
20000.0,91546.13281382131,712.4920464102357,14760.259044732935,48,0
154132.45600979982,61898.838176643716,524.480188508417,5938.089684722636,12,0
91681.70427198155,25005.75430013101,556.0384418720973,4203.758826863832,60,0
66697.1674238748,81978.91159195478,545.0785230992835,24779.946382635586,24,0
58353.17998151141,50534.967635892725,632.4775033369455,7884.9609966735625,48,0
68566.62224572971,51127.00576121757,614.7547296462143,10905.316145326076,120,0
75633.67285138015,13919.854766840239,649.8774961691745,0.0,36,0
79356.4675785017,20299.58858290582,559.4743840223557,49073.00363796537,36,0
76668.13398010345,25247.08100163427,750.5495320306378,34127.36044212051,48,1
62687.42043765746,51393.838194625685,733.4027568726331,12577.90920009587,48,1
54079.84739078022,52336.571809420246,632.618648710828,6513.785965134195,60,0
55461.801490394646,96322.77990572134,602.1633283412062,20163.331958496874,24,0
54152.75158941957,61551.65503813503,592.06425066548,19751.996156035188,48,0
94013.10290601193,5000.0,618.9855004989321,860.5014572802938,36,0
77806.70166842586,57879.25963615072,509.97547712488233,0.0,24,0
20000.0,6499.509314974013,554.039268778816,12108.861387249966,48,0
79677.02329589282,21020.872261653905,736.0120391984966,0.0,24,1
65842.08584156324,25634.9158482101,680.1812486075869,22570.699200853127,60,1
59438.73730662308,30099.850294630945,813.4274485976531,22671.223499910117,84,1
48344.446407333424,8745.518238790908,620.0804849830679,5401.809524871374,120,0
93723.3815995804,56104.46010356863,613.8486772893133,11981.235985168205,48,0
88425.79386368574,7675.931447271221,609.2101075456352,46445.625379671255,48,0
36813.66996529173,60700.028217495405,618.0835516781831,31626.92789406444,120,0
72211.56861373605,117109.13231184888,584.0045986853402,13216.20843936644,24,0
30850.29796376142,10119.228231978086,677.09882146872,54379.38990403969,48,0
20000.0,41464.69086982334,652.9104067148411,2045.93882042533,24,1
41198.483262301044,5000.0,599.0085498161727,7809.579127751678,84,0
85871.80417148277,40971.94121089601,775.1148913018902,18342.287439381093,24,1
88593.7513612826,69281.51457894451,839.6582922486307,0.0,48,1
75392.56260291878,71619.17694071801,766.6577205573401,46854.6374694177,36,0
81752.8736054399,52320.9119085229,705.8124013083395,22747.28058063921,120,1
75485.34861344875,76677.90274276928,726.1769726263774,8150.76714650308,60,1
40755.55214331143,126381.63607828376,835.6415517826335,26716.80427107142,24,0
72957.67634021823,101369.14062312798,726.0319315759424,22190.83772446837,36,1
84012.28575683048,34324.3721177109,591.4814147400715,15430.2337381123,24,0
82628.73989440722,6466.880405997843,689.2272526650548,1872.2724976777972,36,1
95667.4011442393,37815.457502785895,712.6244266063318,0.0,48,1
81249.11541603191,21590.517031479554,550.528272596408,52802.0149616484,60,0
70543.44622624748,63540.42643593898,621.5069181356822,0.0,120,0
92104.50714949283,14564.193817115054,760.0391824055466,45469.48279027063,36,1
59204.3622225282,47815.32702228974,467.65072649504134,7328.612785760664,12,0
33543.760463168466,75140.4216360893,524.9571454959406,31850.488513104836,24,0
55107.99108168708,46979.12381548469,632.3592946371672,26981.496351211692,36,0
37652.92065580653,21610.585317566107,685.3679595505705,29981.28050444625,60,0
39744.65175076855,85244.42172757076,514.2367555051093,30980.214083602856,60,0
55664.43987853447,5000.0,637.3210748334059,0.0,60,0
36227.40237000116,40166.148323676105,765.3768539088567,9854.810112887344,120,1
50761.15411082879,48750.19929855996,656.8651457074284,0.0,84,1
20000.0,50477.25975198893,743.9088943631131,22839.515912713956,36,0
66398.81122118815,55414.881682342435,590.7885878664997,149.8350181366077,36,0
60036.164260866724,68313.1945942848,569.0083143210818,0.0,48,0
35487.34106795428,48937.77682863947,734.8873830285047,16437.83995184638,120,0
79777.37005297215,38958.25153568958,686.926553465619,0.0,12,1
88127.10412879675,37772.319660209134,531.4403992225541,23881.07292081435,84,0
20000.0,31654.52593884936,569.9159083837211,1135.5571493338794,36,0
37118.25664301358,73626.29972980596,806.4581241057415,7391.303778796582,84,1
36925.72950638105,30604.14561570456,557.5444780530684,0.0,48,0
31802.90696673406,75403.13327024733,743.4328746725997,44751.53320712819,120,0
84884.24525795245,50569.97246779613,602.18133027663,0.0,24,0
54185.21583681589,34362.355794316114,649.6824143232868,14539.981481781577,12,0
52064.554760681676,68552.21647232404,679.4592620943372,0.0,84,1
20000.0,28176.382258306454,439.9018789500401,7464.9828742884165,60,0
79062.54090627679,69145.52122184639,503.7282664572701,46277.32671536315,12,0
22822.24815439582,56381.78363575354,658.6333018787162,24462.151028980217,24,0
61797.97890798985,32110.25932724238,577.569243621612,9145.535055341306,120,0
68321.30813874575,65859.04446003678,749.6581295274623,19487.39780516805,120,1
100819.75787515953,66397.69177065916,489.3879119131875,11591.614149700828,36,0
20735.38802642664,84725.58817429873,706.5255056257987,18613.691302586198,36,0
20000.0,78984.41037227889,512.3778779595674,31158.03078549442,84,0
65515.48634261085,64738.22062178848,614.7895005855571,15033.530151394412,48,0
114015.33544532562,16172.271463737103,543.5622235762036,23299.872108876567,36,0
97168.39058818313,123457.6096452217,840.2429880471198,23547.432464723828,36,1
66289.78245823877,7891.513667845691,516.0507837029965,15107.815290533848,12,0
45250.91443103858,78477.89522846928,637.7940304630977,8961.110154949165,24,0
84213.67789911931,62938.51450658895,477.3163851979848,12122.249650933089,60,0
30793.61400886594,14775.728825566563,809.9570122070589,30487.77877302615,60,0
74290.73308068658,46270.971833645024,690.1282416177205,31736.25057463176,48,0
75164.1047749988,47637.41341266078,663.6973089598667,2933.085030972932,120,1
91806.2972249664,89167.4814743157,797.4312939291726,16085.159984179872,120,1
142789.80116733233,28600.672991593656,664.7422441422613,8706.171963464978,24,1
71772.47901536302,42141.64980726938,671.9571356141076,31999.286445742113,12,0
44731.09122877504,5000.0,663.1725288065152,12931.954403301486,120,1
59232.770634240165,102042.88379370733,706.363432544312,53013.85726357052,60,0
20000.0,17885.952709397865,600.7558616078737,23268.460848455794,120,0
39158.606067328255,59807.32592717525,628.5712692636667,37729.94681334833,48,0
47721.526856606884,46957.76510834408,731.0334628457446,4780.83759794951,36,1
44277.34806196223,47059.970996499804,677.7372951557882,20175.832236287984,36,0
64570.64616101166,74295.85954612624,638.5756085897874,29242.596475553353,120,0
35327.40202853398,100137.87380910903,509.9477608969288,4500.496372672997,84,0
93630.92001973414,57544.81009825975,799.8050284536596,20305.14067715866,12,1
60006.21194754591,69652.34052891578,583.8545890049229,35777.885483008045,60,0
59720.990365841564,59866.74610181122,748.7237238419257,15088.249881147714,84,1
50163.15850461247,80525.94271791879,667.5753651688085,7223.712431410622,84,1
64655.720515769375,36112.50861541019,520.654947727013,47044.39183208777,84,0
84752.94794002904,82261.71663249242,775.2275477530616,2423.8204753055215,36,1
33986.093528672995,83314.99596942152,675.4540646399539,22338.35942572381,48,0
40256.5053277423,82476.1102604873,783.5345356737042,9375.8549249479,120,1
50888.21913670006,30195.56397990572,631.7591299264081,5947.486417136719,48,0
20000.0,44949.87097288427,720.4051229967055,31124.856240548892,60,0
35422.26420835507,57184.009663413046,473.7472888654986,16916.96132506193,84,0
45713.37379366023,8874.738655129826,599.9784136406242,26088.296981295465,12,0
86231.67542138183,97847.60624258044,522.7006667768728,0.0,48,0
67876.83987005775,49631.70399493472,612.5216149961608,27546.796729430902,24,0
65807.69734102633,58517.836628141646,697.1811739506145,9191.061322755002,48,1
85526.93886503916,32689.866808183913,589.5419912345855,0.0,12,0
55878.8463480181,10193.673218989316,736.3842093638782,48271.09332180764,84,0
71713.94549786669,31879.10343575687,564.3387356449989,29015.202897419407,48,0
56903.34741202511,56576.125629007656,738.5236613649979,23409.16119019397,84,0
67960.87048198885,70202.8643826108,780.9757165874037,38741.28274609799,36,1
42517.24027165254,54853.74621808161,751.3526135090985,23713.53922082804,12,1
20000.0,60401.72048725851,615.5810948170227,8020.789847845908,36,0
55971.625134410875,39889.2087595587,437.45464020558575,17375.48584276434,36,0
102682.4440829982,64887.45698736284,708.2166996737348,9824.506802119215,60,1
87786.46206724778,94484.98599157721,637.4765285284697,12494.706607629358,120,0
88961.92453773512,71143.6832731696,552.1607059872647,1134.4450121113805,84,0
97083.92165418653,74286.2566475882,594.3720935129589,5449.691362995207,84,0
62659.72772884312,58820.49197919893,793.4425316444801,33418.78299003013,84,1
65919.47122216786,5000.0,536.2659799389845,24981.131582048718,84,0
41470.443136969494,18660.004081062703,696.8309175621212,12454.804212027371,120,1
50517.8143191885,63646.2740199153,671.7958175637403,4579.522033052972,12,1
78473.13449313425,49671.828441197424,614.2612335336768,13919.045317881006,36,0
96116.53311506449,63195.28659418484,714.4532687313047,0.0,60,1
55816.61172957001,100292.7025353222,813.2245258898865,21899.45899136529,60,1
46494.322054457654,71781.07997688,620.4028496113801,34182.07222988847,36,0
60015.83876569792,87766.58617228465,625.6819051922898,55504.589900885345,36,0
78036.20246787345,52840.4416841219,712.20649049902,3451.119161538223,24,1
20000.0,25783.529675466805,741.8242821435001,33557.036689259134,12,0
20000.0,48264.01522356977,637.2292792851365,9391.828314531864,60,0
43483.8945152525,25857.445588425864,619.4626263906351,3073.1556492348136,12,0
23378.62722257524,96748.84870317344,428.235347928024,3066.5280671603505,84,0
44755.794070580676,73711.73229606409,572.1991087633446,22111.0358964045,60,0
55566.59043547585,65615.37489884839,536.068832793245,6038.095644600959,48,0
46402.5477293096,87078.2960668431,718.4624996311891,10897.313430597726,48,1
103574.02603412236,5000.0,625.6097051399158,13393.98003894107,60,0
69802.3429380696,67644.13854027979,621.6978394461072,8900.48240151634,24,0
69014.23078832484,10680.626470868825,649.0943736377019,7811.231709512813,48,0
78666.21432130206,49782.329046030165,562.98235298746,0.0,120,0
25835.006466576924,40648.772225983565,805.3247186688754,21304.299351678033,84,0
91173.35362260806,69852.09836290844,779.8193911696611,21015.072343376778,84,1
57727.07140393621,56845.61866882866,811.8106783047688,8039.8272539673235,120,1
80114.41851723638,90353.51520835365,718.3417231238891,25405.764055825566,12,1
27844.283008795337,31943.085172021594,647.0521884978062,40953.61298098529,36,0
20000.0,71273.43168899852,811.4729303006885,20353.697492514257,12,0
84536.68974075085,54866.69650696496,581.903316408702,39953.86668734341,84,0
71292.2857829255,5000.0,562.8791020966987,53571.9788064068,12,0
32938.45336927469,22441.50624430902,589.8488485230141,57957.8703368041,84,0
33910.10756175917,45503.65899433495,702.2871266914299,2176.4587023499844,12,1
93763.04353244309,83368.77349675183,573.7894806612327,2254.0549037199453,84,0
24317.64321398016,63911.691726713434,634.4627011782002,13333.550049114332,60,0
109280.1885976789,14974.97528357857,489.8144706115224,21930.72801889761,60,0
32981.37796056394,45790.51315858521,698.1097665428244,43799.779997653706,12,0
79151.7577682515,110534.1934637909,498.28966328168906,29408.61831636432,36,0
50141.44572753046,53336.70004522574,556.7838945134638,1950.6930549125027,24,0
78095.62293247029,40180.23274782813,771.7167134896644,10825.138872885074,84,1
43676.57993657422,64752.18922268662,768.0318316986111,19369.996880517283,24,1
55116.212817831176,72901.7923874591,687.4313089546498,0.0,48,1
61227.575261871636,36314.94957559823,677.5663581735231,20205.02686311372,120,1
29934.37632655582,65077.24323114311,596.9040352845741,2173.466134111317,48,0
82224.73036260378,40133.31509987572,572.7096336257798,0.0,36,0
44603.59300585244,71579.82805488315,613.775830224262,5795.220807955786,120,0
53142.00253979944,55090.79473913851,498.6345825537682,26165.315823385034,120,0
30169.51876174463,64459.03481158677,675.2448554953663,26061.73566479779,12,0
20000.0,27224.49361497487,654.883112480841,21449.808750311597,84,0
54269.16712199493,25361.408477814224,556.6578733289733,34874.204908113155,60,0
132378.46264838747,78364.91913978185,806.8681918841357,33283.74851320151,48,1
83538.12863694072,47618.10855843519,710.6913710287048,23065.72013105416,120,1
59422.18860796816,58551.042262980845,719.1841804008857,20995.727750385566,120,1
52113.27512375197,40808.13718740441,601.2660073960835,21943.200578301447,12,0
60673.97678436139,76961.80322040932,649.8669921973676,17785.32230094377,24,0
76413.5734552563,31765.70059911027,712.7372670187423,0.0,36,1
24575.615540734652,45931.96280297352,665.2782367100235,37032.27267229729,60,0
93429.65084006617,73579.78438109395,810.1900784769872,25962.84247840515,60,1
81461.43946323733,85189.03097492797,629.6212430583249,1755.0883125940854,48,0
81545.57177123803,34287.221269199494,599.5439467763889,41417.249289086554,12,0
73154.27216429182,108790.51945867648,713.4252876471426,11150.30197680844,60,1
60588.4997308197,59397.25081080849,523.5352727713488,18383.464960120666,24,0
80185.83707900459,18712.15214573787,742.4296932308112,35353.6339335238,24,0
77754.42401224133,61071.56145769904,519.9288199408018,23302.090375843833,36,0
49378.77867176929,38510.02356549627,713.858466605855,40030.63762873849,36,0
42791.946813092974,63022.054615495304,585.1726445827337,14718.477514358154,24,0
63055.6888578596,48714.31257018986,697.6584146983394,45367.59816920504,24,0
106470.60454485563,52228.21070570435,740.7342946061017,8332.956502512166,12,1
22826.787730382974,22652.198702415622,665.3421195503919,39764.334939644265,60,0
20000.0,79701.8369214908,530.0379048359321,0.0,12,0
64942.8252370955,15316.178985469036,560.3224755492848,3497.119229987751,36,0
61526.63105568054,16737.053137850147,577.1340858966217,24469.49207733979,36,0
65200.249931112245,61020.8104744246,460.4993106402226,13993.318607853387,36,0
67318.59593725501,98085.3274153391,762.7477858731929,18878.77070146155,120,1
53303.93236095585,39422.207088067786,661.0107585756328,20624.763802410667,60,1
104695.90315806246,71029.16968111898,536.4481954811006,2136.4608780941817,48,0
20000.0,82200.20530590636,795.5674857458357,3261.055776911493,36,1
35145.08925659262,74440.53311882207,579.8671899861837,23481.83073212631,36,0
56902.35719552858,40663.751324789555,675.0572489074872,10005.005722673302,12,1
20000.0,17268.598484177764,567.4729454803798,40115.50788441753,12,0
54724.367867037865,5000.0,448.1739846670972,17120.792668508228,48,0
109844.10497184054,42114.785016128204,513.5559441148739,30781.268646602457,84,0
60626.594648878854,85342.62105686523,605.1509569133568,26642.775039606608,48,0
66921.0271715605,16275.020457141974,739.8296871206048,10982.584142409709,48,1
22195.05704482259,71006.29542556296,684.6533146819245,0.0,48,0
41509.15775881568,21495.424098443837,664.0205126171245,37774.12051431571,12,0
48744.10859028189,53182.17729160515,448.9972377255118,5316.363849542859,36,0
50468.54709731298,71233.74842465053,777.0086147680095,13943.629167818832,12,1
98449.31385011306,30215.136894847165,672.3679696495556,17737.36337650139,120,1
76730.73182175374,55114.54042090742,638.058233010784,19234.826478444786,24,0
26656.261291889037,37547.25989824014,763.2423109988895,34429.37993808527,24,0
67395.14335296015,71154.4597681453,774.7496723568274,20087.360868849155,84,1
74946.65245490355,57059.515054539115,765.4590247609191,18089.68864611004,36,1
94204.47115563799,51695.23023287802,625.2913503296712,35276.8393481752,48,0
107416.2205970512,96750.49880425933,549.6523439215805,29009.785578301777,36,0
29547.17424516394,69869.18427104906,748.8922917142073,8966.443310290175,24,1
35674.27466368985,29289.444016211328,513.4945556929583,2792.669337817504,84,0
22272.66423256151,47424.08297606715,844.7256738664282,7644.503372001209,36,1
52979.40422679056,47723.036447610175,652.7999545194563,19261.70374717678,48,1
73990.75123339004,52409.58717875636,543.9115744300416,1309.1933724436676,120,0
89620.03549767306,125735.27829822485,526.8131445843389,21361.29570743702,120,0
57721.469290724315,61125.556781329906,522.2395175943941,18062.025353144887,120,0
50404.57430235468,5000.0,664.0362906720843,0.0,84,1
64552.73976746221,33716.03084849105,649.3607679940213,0.0,84,0
34945.71295109931,5000.0,526.4077826490807,0.0,12,0
122686.1616508432,40106.05228862481,614.3544213444098,14841.45408433536,48,0
20000.0,5000.0,513.2064613908658,36110.20468019001,12,0
65542.21736687173,23852.28586794716,708.9301805944173,0.0,120,1
120708.18657688919,5000.0,644.5406733887286,165.6977030995331,24,0
60203.99533679993,61524.80533902433,612.1597494082552,17543.931990902278,120,0
54298.82894995517,50016.18087886636,521.1889269932473,4043.704567198585,60,0
49276.637315687185,59088.869224961934,619.9844399777235,3969.9084939981203,36,0
54588.249547127765,46863.45834294421,608.5272118653673,28123.911592597393,60,0
101185.4542402959,8171.067493867464,681.7726701209597,12576.56833140619,48,1
20000.0,65405.64107764206,666.7017978116961,0.0,12,0
106003.01103888976,107666.73680808357,729.2060102079342,0.0,48,1
20000.0,62276.377358196405,601.5423456494938,53126.116550955965,48,0
52000.430122967555,37222.26202047302,463.95884978035053,36924.63581844007,24,0
47122.667391040144,7157.984716836647,749.109287659804,13225.499809069752,48,1
77656.59809312159,22757.99087720104,556.3967486951819,21317.87017495906,36,0
20000.0,63591.18969716177,539.3082946984745,12672.034068545177,24,0
73865.17998245828,82193.54080398125,645.6883454886248,27656.850961868764,60,0
120729.28869860558,57825.98524165928,680.2270512954517,7186.78448423179,48,1
20000.0,73996.61869117951,596.9163594285317,11852.40175284765,60,0
65691.18502831187,71230.3473208173,596.1307318531873,26831.01260291745,36,0
40140.534666101725,65196.03174157753,610.8973682234445,41807.88656669611,36,0
72776.61618579108,30245.79214216232,791.6540350993143,31121.22641993157,36,1
60574.43332247256,55217.70535925457,649.7321912441868,38508.70816386392,120,0
40755.39272867071,24548.665883535854,553.2037160538204,15313.739937332313,60,0
74636.16854613222,50522.868588743055,554.2216643097033,10654.84388934585,60,0
114130.4432936023,59925.90593200736,624.911582041763,0.0,12,0
54272.886248181036,100363.51422160564,673.7857934028008,21082.975360119257,24,1
81592.73826444545,10708.040768971034,698.3980161966191,25685.705470346606,84,1
21201.811263865085,64445.22892973916,662.4158603847216,15499.919064091915,48,0
31306.908695459737,94437.09774870783,565.8126649082911,8349.48010850398,24,0
74172.18833641132,72765.43297516389,607.6058700439218,38651.051597646976,36,0
104523.48085607894,74988.36328475125,723.3907881864624,29477.064157949804,48,1
70668.4004635698,67630.84705603437,535.3908039546905,39692.38175778517,12,0
50608.25908430537,88950.03469326251,603.4246606922537,5696.313574756936,24,0
59978.742162700626,17375.65495662896,709.7462857881353,9376.488101779652,36,1
22487.767980908473,8422.200020892604,737.5281426635177,38047.65864877394,48,0
78135.459790661,49809.97578604232,630.7084628908617,19289.79380366314,120,0
86469.99186970227,5000.0,608.8793189429184,11463.438324821678,48,0
46437.29001500759,86919.37412534034,517.788205855626,12507.274643557404,36,0
45898.73556721496,86621.45586486324,702.5639922727095,19833.792107985442,60,0
67976.34688956145,36999.483347464215,781.877968514679,35044.27723753115,120,1
46898.40791878213,38876.88210018471,850.0,17592.30721862617,24,1
58016.02156122532,47829.57574547986,688.6446183518046,31857.992452666665,120,0
122991.65367499547,51560.61951318859,644.9120348356018,27010.66665269072,48,0
52589.2289776201,53815.21757582856,558.0189386849092,6824.914397285394,60,0
49249.79543936333,66746.96320634909,462.11430862568506,6813.059480193151,12,0
40573.74583094522,44821.20940974566,667.6959249739833,13246.001121027824,48,1
82325.7591449981,78295.79910433383,850.0,0.0,48,1
54563.27480345691,63378.4333137591,777.0812229656913,12287.917163009108,120,1
40518.80885035722,31791.096623820933,761.6564269113799,42701.501250970774,12,0
99639.12096819037,90053.38003412292,674.5602817057916,19529.144962589446,12,1
102588.09013540912,9252.290416325392,685.9523160280322,8503.210008688198,84,1
41987.293027838845,47235.025675355704,407.62526817220225,48736.169777307165,84,0
20000.0,79007.52203226404,726.2510580763997,6040.74020410694,48,0
90225.41069510767,28307.806852635662,592.0659430424184,5571.755497919181,36,0
39461.10522719988,59286.669403014545,579.8272653404113,38442.28522710049,12,0
83718.76797488306,66300.18790997144,617.6743046951392,29919.770894004796,60,0
20000.0,24184.28396056283,614.2995510548985,18049.117212104204,12,0
86777.92014897928,47825.66841217895,578.2364408028337,32478.63349983742,48,0
23664.842121576563,45304.88509372369,651.3872072175976,24509.000018437506,48,0
81922.92357199574,33447.86444503121,594.1722403791947,2207.113763917616,24,0
60428.19203509302,119050.24556152323,660.0322955756146,0.0,60,1
31381.817418100654,27106.809396635726,501.2822185449967,11489.822724390648,24,0
47788.91061219659,80147.9088220365,628.5942229367982,36273.87253847419,12,0
80589.55370870102,38215.969493565746,540.3704410313749,13572.948674800771,24,0
63176.83359345703,17400.914333441546,585.8550681502134,26901.45797523866,48,0
77532.38941417453,53084.427294652065,664.3398843033531,22767.28172667601,120,1
119293.21753546456,69472.80153162502,489.6002385245042,0.0,36,0
20000.0,77615.28725197037,567.7592622727863,13904.064594405252,12,0
108516.37724905871,96867.95331965208,706.8964384836333,25383.189956698676,48,1
63130.67812569639,138357.388698053,508.68221581341993,8192.806167434499,12,0
33036.47855030616,57515.42611266791,827.7867140278807,14561.927644580723,24,1
20090.591227830308,30107.234785238365,770.4407956130647,25876.20638145667,24,0
54326.388276688995,63586.229803846734,600.5472915547721,21089.449987144697,84,0
87649.50335773377,42013.611487805254,571.2790312214936,35703.646113870724,12,0
56173.52638867397,77778.9838955669,670.1939903335482,25755.063697452188,84,0
105334.64790742043,11085.071109028351,505.25377429728405,5662.250023969747,12,0
20000.0,121050.03627201312,449.7857275167567,12836.799291056961,24,0
59637.33156461836,75681.44284326538,604.0664875947433,20304.444263394158,12,0
22428.196667606426,5000.0,636.5951233497809,40076.22614771062,84,0
70908.95647874904,28729.132930550833,659.4427224353531,12897.11554576541,24,1
86606.62170291902,74482.43132341816,588.5259383882116,0.0,84,0
47377.146189568404,85290.32168514363,777.3946729474948,26608.503552367823,12,1
20000.0,11832.871183041098,500.48603415161165,8666.026274840016,120,0
65968.44440389484,71390.77551298846,536.1737865041902,720.4802063754723,36,0
73102.15655200528,5000.0,698.6635956144811,20282.045192387577,12,1
72128.84264885093,47319.92403586862,533.8352614362859,34593.01462712455,12,0
97073.46575466462,83361.40526309618,529.9679547802683,11391.791905084718,120,0
27868.389610528535,33454.52809691058,662.3354792207164,27448.608307739443,48,0
80406.48316351348,5000.0,544.6477379683969,30228.70494563649,36,0
95775.22537433925,54386.44389132678,636.6915572079313,31876.94740499943,24,0
20000.0,31858.434000935657,580.0143440342243,9015.915355720976,24,0
69589.55477756931,68886.75098197507,563.833629662726,3183.7691309992188,60,0
44874.60506976985,23440.207033458188,439.76946086550595,5228.703425621074,36,0
57554.319806950625,26820.89331040699,663.9563152821337,31864.620081837045,36,0
70430.2945061501,5000.0,525.2810007887072,30010.897320062177,12,0
45383.143076593435,55098.341331544485,633.1757796469481,5642.740989494978,48,0
39728.757625151644,45172.851851702035,598.7895101651435,51989.66039515454,120,0
61024.57252464074,14348.459877797875,629.3491941300117,3854.5405011925195,24,0
27382.621834115922,55813.96141301276,635.0324625986739,34991.96127051089,120,0
27425.246133444438,80812.10901932417,669.3628250918264,42794.98158807817,120,0
80381.1984886951,43532.96169743151,577.2240698508557,21646.364089900464,24,0
25536.178945240317,58045.00849465921,774.2696479273368,8454.142346287537,120,1
79989.37502727636,58199.33748755493,465.25999391444236,8781.829588274803,48,0
73877.73878561854,13870.10518463119,627.340888147277,16068.64699455689,84,0
20000.0,111697.57462122788,733.6230976410867,36213.0616710205,48,0
39673.06042993035,35874.505096331486,697.6772553002604,2001.8628095022832,84,1
95823.28209142118,69683.48605580813,552.5164423471404,0.0,84,0
30565.034065809552,73076.45831687149,569.1754507011976,25430.824858539552,36,0
46067.87213071837,45812.14618652745,549.3207440673397,28724.191268886207,84,0
73861.82679755689,68203.85075178904,709.922763066439,49519.54170198903,48,0
83501.71527847786,57374.57665449168,576.0076271484492,0.0,48,0
52453.83341866513,7470.807283177819,675.512308812345,17977.90082056642,12,1
42074.69415925075,40031.81896249735,676.4301414075956,37427.56148180716,36,0
102671.09585095523,31623.472929378146,850.0,21812.932514040975,84,1
112166.98991392736,36147.64875961619,681.3251259801704,17068.412164077137,60,1
89365.74152345386,10879.904664900867,568.8855985249536,31848.58245394312,60,0
62559.54427695072,83793.0115023809,503.9849737933601,11009.165536901028,24,0
35752.028350772205,98059.7796384024,622.4147285362254,32771.162629312224,48,0
35086.66780330305,79340.08927995226,638.0914157572681,1196.5521171458677,12,0
75675.42315797272,88115.8767244143,428.93004726094443,0.0,48,0
72551.94662666052,39660.95488975532,578.6145839706987,15896.179716315044,24,0
102047.95778839287,30912.294950418906,679.7352542827552,0.0,48,1
79513.50277608418,26642.388595648656,596.7644329733826,21270.494550693547,60,0
20000.0,69321.94768871668,746.8623785705837,0.0,36,0
91558.42853168756,56811.89159432449,494.16435552794803,24236.30780849565,48,0
30058.18118056761,47683.34865204723,717.6882820153216,22781.891571754182,84,0
48480.861841429454,88854.45632586029,741.3889741525953,18980.56420752774,60,1
67506.00618755084,62148.24061446029,745.6496475841536,26546.130013071383,60,1
119870.02469351894,24840.27087438246,493.4143615345621,23062.962029211307,24,0
153297.5566801608,29572.735125929157,681.4552795857384,15604.990950030926,36,1
78201.69177408548,70459.79897762436,583.1245881478485,47465.10470715698,24,0
54504.10143838837,81251.98557963791,509.3857558017099,25899.66040328664,12,0
76035.16945441651,66550.40696767908,608.6132275026291,31578.62130966316,84,0
86629.66277621509,106906.66243616244,559.502200809919,36096.196159588886,36,0
50379.97123328425,99050.21497194257,742.0750468163869,30022.240685631346,12,0
113856.34067736966,63231.075045522884,701.306334301357,50942.49378387208,120,0
66902.12277574206,24842.58021555493,534.7555531891132,22490.10327231794,36,0
74932.29267274182,10700.37464804697,577.5778686169072,19895.579812459084,60,0
79977.72756163384,38378.54764955855,611.9302574383377,10256.41868290077,120,0
72647.59831843367,72596.4033924847,642.7594852682103,16155.890951600271,12,0
85168.21501408838,104799.41237935814,750.6378274803781,9031.631464232567,36,1
41482.4044035923,62523.411032323995,719.0782326480632,30158.178695023093,36,0
43250.94738161909,85061.68382693711,655.139196897484,6315.2562902204245,12,1
26995.37301084915,42640.775414365926,623.9351150105078,21106.882548471916,120,0
73185.03691860678,68683.0737568265,472.6645965392528,28393.20401453563,120,0
83368.09510536342,74700.70488431517,779.1997626126056,22254.858298928313,36,1
73733.18598455658,5000.0,605.2903402134343,6561.276866451095,24,0
110234.77300042612,37596.83592870469,805.4840240426257,30484.173710089766,120,1
59832.1194351286,78491.0115283361,669.6109292131836,18719.90437196079,24,1
80062.24966777538,58234.05006909695,850.0,0.0,12,1
27248.97371582057,14104.548555472007,710.6321533366316,5249.724641249202,60,1
48387.00892576797,5000.0,506.7980368779121,41016.983546040996,48,0
80866.13272697333,39026.57764093981,588.5584519738787,42264.82762272026,12,0
85473.06332229433,47852.42921318363,633.0865039328035,27891.668150977974,84,0
51180.99157007453,23482.31150514964,562.6217112891676,31761.034654374955,12,0
57852.02244425799,54292.54811083983,612.2939182817955,8325.590281132028,12,0
20000.0,65191.60241698684,513.306084141789,16097.833718914117,120,0
49289.12397580172,70120.61512178698,650.5721281099122,38530.49900689456,84,0
86711.49490559359,5000.0,673.741194901094,26388.728638431112,84,1
77256.15048319698,10571.447065756394,549.5890592793882,20974.225758305776,84,0
75019.97164143629,40861.32054935793,844.0254293481912,17197.871856604714,12,1
61493.210615428805,67165.19393112391,656.3513261280459,37617.08001852061,24,0
60211.894758845294,64677.02040650106,568.3259133877089,36830.482303252196,12,0
40190.365815796584,64156.09843630027,487.0460700034783,29745.076261531423,60,0
80964.85260607605,38497.46174093205,655.9942889397169,20994.12599123842,48,1
72629.1883316817,40170.996880701176,623.9511467186647,14648.65271349818,48,0
74760.56543978398,28150.12194734778,728.3040907286443,30395.205795270696,60,0
44218.95471997259,73045.82384317543,635.6629735028032,3471.3523253827952,12,0
20000.0,22385.336367812655,530.6281217731273,6581.4522862018675,120,0
92914.58135261087,75501.09185568709,817.0718296177581,0.0,48,1
45634.87631974788,56235.59714412938,693.5624879507186,38528.44666989688,24,0
34116.72707870638,48648.66564634539,624.5891288401641,9190.000638059826,48,0
80804.3673574198,30298.688006706,666.4638531449739,26060.116801274376,84,1
48239.620802426114,9333.744165076212,697.4041956561658,18116.63718935709,60,1
91798.09152139866,30570.41730865863,507.1143386106565,63463.08485182902,48,0
78510.17848730093,40099.79394125341,665.769421996281,26628.581810537547,60,1
80507.07969601432,5000.0,604.9876526706108,0.0,12,0
20000.0,44079.34533996007,700.7299985629752,37631.53634894875,120,0
96358.31956159201,77730.72104078016,575.9818075393722,14192.735545914738,48,0
67837.51593701568,67016.53716301618,589.5298144902918,16986.082970764193,60,0
48921.6858226139,35113.823727754774,816.2871098564058,9912.316054849349,24,1
64301.65402026753,51408.088952456834,773.0912090882136,22934.187779576936,24,1
20000.0,33315.06291734001,320.44388200326915,22737.69706512232,36,0
72259.58434442013,54462.82200007088,765.6761982464311,10317.842335270574,48,1
29118.854754537853,96203.23471232095,642.6347973742243,12377.83219270357,12,0
20000.0,79054.96407874627,579.1817937100989,21519.29199632475,84,0
20000.0,65623.82917078258,549.282526429235,0.0,36,0
93380.65124969775,35213.45262848845,555.0882371720012,0.0,48,0
41122.09818921634,72498.15178834516,582.0064055241585,45049.88144147028,24,0
106011.83129749497,5000.0,537.2867416318156,24917.314164803625,120,0
43925.95610843107,42429.39554027328,514.5400338927358,12126.365198888308,12,0
20000.0,67511.3425947185,545.9619849156089,0.0,24,0
26504.266801540223,72212.63642143254,682.3393855065688,19155.25752580284,48,0
97074.34860020816,70096.53470647223,655.0090148570797,34777.881376716585,84,1
55323.05466189997,58844.920676290836,705.5856451551856,59588.091569749115,12,0
43551.38110528197,44128.25062748351,643.3630160789945,48380.84637493546,12,0
64800.54677558363,66139.27909479466,519.3320669355209,6695.92969807197,36,0
75053.48208502635,21414.168782410987,699.4440923493606,12563.007029235643,12,1
93521.96447707382,24659.682101202503,549.5310721125085,0.0,48,0
103454.97689678779,51852.0402938089,714.6614301988934,7375.174000640727,84,1
49206.94062632743,55195.92928126242,533.407999704304,16807.352553128723,84,0
20218.56941753885,5000.0,581.2523373596475,14492.945050607843,60,0
47596.045166301716,63654.39142848556,613.8608359432085,50818.50959869147,60,0
67808.41519748658,73181.8513375818,717.4404801056949,269.64586285676705,12,1
31087.232213681673,47681.44287601114,667.5997252127395,19323.583262181543,60,0
31285.472553148713,121233.98849851977,652.0001322150924,0.0,84,0
70313.63644649656,29511.946810544414,838.5668785055306,24963.361707316006,48,1
58540.42945288646,39167.38509839391,466.30168387748546,0.0,36,0
60983.909862347595,38147.992816183716,546.1622357299449,36539.39462574189,24,0
37245.13995899791,47714.37166126947,541.8811521961009,15634.611604770627,24,0
53087.97857382698,40138.255611011264,472.93476900777256,0.0,48,0
32273.00567195087,7795.683661853844,578.0480487113973,0.0,36,0
86705.9523337436,33603.55111290574,718.7769163796706,5320.43767085493,48,1
91057.48004171258,47071.37912677772,590.8352601484248,23590.713361142574,12,0
20000.0,86857.16246185993,616.6997028013691,26322.70470734693,36,0
32114.6741942277,116067.2982011874,477.7445172119718,12523.430282400897,84,0
20000.0,90064.21693551964,570.3474424839653,33886.955651494536,60,0
40499.28196779305,26738.629109821806,603.8301284412416,2963.8566065739396,12,0
57496.86090628918,29125.711681215034,714.2400422547114,0.0,60,1
20000.0,45220.14267471947,482.5083602081779,24238.30476113749,12,0
32344.205606240605,103536.76666560757,604.4991254278862,39351.437190250756,12,0
29881.278837555044,45037.2784345432,758.681803006889,39490.00510486615,12,0
66218.01988196831,10174.775283877083,605.4916714376736,502.86139076998006,120,0
62080.33011108751,34964.685891408946,438.4438585881321,11829.602190176625,12,0
38347.8733998824,72711.68005458251,777.9175777348191,30857.30023610761,120,0
65304.62616418194,70698.2083068826,723.4896942538332,10593.40838061844,36,1
43599.59746238204,43993.50000525032,736.9397175078791,21580.772909127405,36,0
51850.3466902184,70502.44020680092,475.6216353254606,9253.40156284577,12,0
110203.5627089561,5000.0,801.2455725847215,3659.1686380793944,48,1
100213.83155371044,53114.87705098093,572.6723914888802,6554.39522889864,12,0
21012.56289217207,75820.5626410589,599.056105577977,34335.87789426847,12,0
84891.97253637524,25014.101745363943,579.7222834007996,20206.741469463108,48,0
84341.89663474777,24909.84390511136,744.6937181955207,39078.22457608337,48,0
25552.101337421453,5000.0,632.0201647494705,27806.3104243163,12,0
84563.32931264582,97696.86784432082,698.1741032587626,44096.97847221414,24,0
106137.95755237658,28395.380689352998,657.5901022884368,32271.02289438104,24,1
26323.65581266758,57231.29833586335,640.4957996307079,31390.112453700567,48,0
32474.915369572092,68117.51124450123,555.3215936253804,18192.68152046477,12,0
90529.84400530507,95362.0384742436,831.2140587307765,65138.098647449755,84,0
68144.85932476944,45383.06678043094,503.6606371494771,21690.473298418015,60,0
76544.28825718569,33817.10618664744,691.2253974034685,0.0,60,1
70217.6764920149,55192.0294571166,687.6656592107279,24020.503094209504,12,1
71720.87762784433,88522.40829626861,765.4356286152425,5265.616351438546,12,1
20205.836150667514,44894.82405797649,788.8090032379278,35255.32282402423,12,0
91419.53119864345,21353.927552477708,636.2611400583224,30887.251372714076,60,0
95087.6997728332,5000.0,703.0394305924752,17127.295251010226,60,1
53118.277677959166,13361.078461843244,826.4873710452509,6681.604798352588,48,1
58695.691505584124,75931.74492219994,643.4823233077748,22196.38590081206,36,0
20000.0,40381.265710795655,543.3566524934823,10381.492882144177,48,0
75427.64268053505,31774.37270237869,611.5531887300579,31817.059891757548,48,0
77161.72325142432,28520.983304481728,519.5354001385533,28340.235713870687,120,0
58134.26949002067,52551.37580600545,687.1816810994723,64039.49888740153,24,0
93730.60079611509,42816.34718703249,756.4456208140635,13323.281920236128,84,1
49977.683070601786,41806.035688422424,637.8958507932462,15448.615572730336,48,0
76938.177776808,90479.71783432217,487.90399505463597,17678.364890948404,48,0
29410.069839236534,96140.488455849,752.1650835057677,18335.21698593378,48,0
59293.43547377286,5000.0,472.37010384342216,35406.1840694222,120,0
54769.37226291493,59827.78193428873,495.4045222076959,15854.815324068013,120,0
66759.23766122825,26694.137041358234,632.1661612505281,49585.72574215243,48,0
48914.19213499924,42552.466584167196,675.1785245675499,28734.126645885524,36,0
56055.82212984996,59278.351553800836,692.2247498758354,12713.959280179632,24,1
84781.41514324519,43618.40249207242,643.3860447953526,8881.314725289933,60,0
46897.07288285348,56913.79641882899,826.0043765134858,35613.08290112685,84,0
20000.0,70189.10618095752,656.5168341083202,20427.80227830216,12,0
112487.51712616262,58837.3040162096,753.4668101752936,20135.90080635133,60,1
101443.6223607146,30594.910874971294,728.6954564094698,11022.796603638217,24,1
21232.119146831443,31124.011790890283,520.712626779547,19078.314786192386,48,0
80691.23415735582,6808.8411014589365,633.0269512714478,10415.677237958422,60,0
44910.756883459704,24382.39107437845,850.0,40425.671843389966,48,0
67904.61645993179,108862.05085695584,599.5649146059743,30755.90228383096,84,0
68826.7238704048,26239.892777142664,582.5379475643309,17378.467410488392,36,0
52967.76599051034,14198.635626685405,667.0575581477023,17157.978754209038,36,1
36487.0300324081,59597.835855343204,603.1480070739948,21382.61252358826,84,0
39283.76843051222,46689.057221244206,570.6295420497761,19916.896416918007,84,0
32514.242535562727,44132.20289452324,601.6716605702413,5645.957310362486,24,0
35045.333753086656,92271.3789923627,793.2009671368626,0.0,84,1
57984.65129851934,66473.80026675096,636.3381308522428,8034.49000338457,60,0
38527.20032667745,34100.21204889574,517.1924967245288,18072.23764002454,36,0
80461.5619713786,37265.722472246605,498.8253461911836,8932.502034237637,84,0
104617.38466007782,34922.40458282945,850.0,32290.070455933543,24,1
42598.40275889871,76242.18864740772,627.6665630565898,16562.70296148869,120,0
67182.13501606131,40755.571116405874,693.4578500965418,48103.6036254293,24,0
74990.55330908802,5000.0,572.862277366039,11577.586126562765,120,0
74160.06812757823,48550.40963796967,682.0985969271416,22110.751980523357,120,1
62278.65803748262,5000.0,795.9329651601532,15667.073657453235,24,1
82280.47255079167,115526.91805264706,584.7736816256245,26596.670866022338,60,0
74467.46858041972,21029.96258458307,695.8586779948582,35986.26693495565,84,0
22870.127330181065,45144.05703926808,509.4253724109612,29124.214383906445,60,0
86074.68193167819,57746.08204103411,850.0,0.0,24,1
86618.72511800226,41340.2551796231,676.8535930244575,27497.924157093013,12,1
37101.41687464256,41299.08795601422,608.7206155647708,4836.827865784417,120,0
61138.13506342806,62654.81858482631,620.2125876713836,15353.462323755833,120,0
80499.86978433208,95786.47876388836,598.9961825485665,30339.937802560056,84,0
53720.585412619155,73025.27245451893,604.1094835876506,3203.5863737744075,84,0
92189.34143298035,94355.41635720628,405.250485765034,37339.220112275754,60,0
130916.17483858082,18601.426757194942,640.2034267903244,14699.21150673151,60,0
36420.41902095053,59520.87899766084,636.0121319394287,52564.06059377172,12,0
20000.0,54657.38156174838,698.8661537260477,21030.167386906433,60,0
69114.55786814628,60532.73875030204,597.6856253558474,45580.14113977655,60,0
81646.8751537843,91286.95911906718,572.8963685858978,37965.18836800264,84,0
53074.00878465693,43376.325506238376,649.2225055547025,10833.423769182535,36,0
103597.81989963102,37834.89900337737,488.7631881909516,474.6390854971687,12,0
20000.0,66019.42392255992,664.3423187534585,21704.410418563188,120,0
80787.55869094832,5000.0,463.8180740478279,11260.353222167378,36,0
41824.1753772332,42894.43852633465,762.0818648830796,43695.781701305095,84,0
111581.33718621891,45974.06932143641,718.4269955660775,16297.112424910656,12,1
119775.46059504355,22389.241510792242,557.3814123575987,15493.94062221839,12,0
37000.30236649956,81711.77034069732,716.1138013338036,0.0,12,1
43513.285922742594,18132.790479701474,661.1514224253881,26288.255196196533,60,0
85787.63660939406,45923.80854908611,549.098976891514,2386.66577079751,24,0
48386.08050631456,58794.71675968905,447.712384277091,26636.55369321072,48,0
58637.663462032855,90603.54684428356,681.6435683426453,28701.375897470047,24,0
60761.6526162723,49683.3069535744,570.5718152864965,8754.87332038453,60,0
20000.0,78084.60782384631,759.4969569696079,34348.69896526569,60,0
59584.86761717288,71017.86191831382,651.4033733881852,15876.868410631425,120,1
39308.16677807478,53703.726685074274,580.0417303502683,0.0,120,0
45206.315328006836,17314.597751796337,829.7838733090472,43179.31010470538,48,0
103308.96010406443,6962.574172869536,707.6446492603005,6147.941388885216,60,1
22304.79317162231,53195.1620425756,300.0,27606.0581189972,12,0
84396.15560243932,33719.09378292159,601.3608231209133,26386.917110708662,36,0
51631.112090045746,77577.83275043876,511.5911007987577,25837.77010886517,36,0
51607.19494512497,72375.69554295733,570.0202062279691,25577.928738952032,12,0
83711.15688155135,44461.67016688851,635.5267601081464,5447.185451599969,120,0
70201.5388370667,15268.612281761918,685.4048508587546,45370.24402254081,24,0
77118.38991658593,65322.0664882182,676.1365742113574,34343.73725300959,36,0
89045.53981598583,19461.51661594549,757.7873076564802,27125.850968756,12,1
50060.74850450032,27246.08231207405,713.6598377508667,5.356467265566607,24,1
41632.897964767486,20617.527853545365,707.4746929125505,5324.481865168496,84,1
27445.484203266056,45844.9693418014,670.1492323133274,29861.849400337458,36,0
35237.68410063135,85105.77002211685,778.6798852725901,0.0,12,1
148472.83275926177,49848.773893294136,618.3723456809082,25080.55789910556,36,0
97340.38742210361,36703.43922716913,620.969673126481,32.348039215685276,36,0
20000.0,5000.0,459.442664702747,6979.523337355808,36,0
20326.261297692894,66563.73754189529,755.6164043810036,0.0,48,1
74455.98185155474,26587.861822141174,642.3074244220845,23691.596236734535,24,0
76417.94392133901,53525.5285747429,850.0,36745.421777514464,36,1
76466.51505952093,39373.44152250078,609.4467308237543,25220.262857190275,120,0
52351.32619338906,75145.31658798314,658.8578129416735,26867.495733833704,120,0
56236.37219991299,45282.908239143435,704.6504953608413,22519.383442323226,120,0
69836.38572478072,48232.20936430845,539.8100027011287,30240.402663059584,12,0
62576.79018879991,64572.41442366379,685.8547713879227,27006.284213750216,48,0
20000.0,113208.20546789558,653.4661432057185,0.0,60,0
53106.01108274418,76653.40791075664,619.6311810323162,33594.60106492467,60,0
34457.80697219059,47341.81680954172,767.2603958743007,32017.279429413516,24,0
65256.342567255364,50095.93971845865,559.6251282089345,14565.307540123897,12,0
149557.7700781023,34254.21619026696,677.4902113082221,0.0,120,1
71024.44996422913,21500.128894409143,795.4664291385046,23637.1103845161,48,1
50594.10941482806,33417.47638801034,579.3378244043702,24899.91206204748,120,0
87654.04505931756,26835.531088641725,620.3114017307701,13392.74776158734,12,0
74480.63661627637,69601.05151387656,850.0,22800.49586520037,48,1
72602.83471355523,17864.154263930417,697.4391065156057,36077.603869555554,84,0
78205.51779647013,89996.31684140133,599.3802523357382,55962.8257744275,84,0
121696.30694488625,72561.39150856489,730.2624760078478,22203.555093737992,84,1
26073.34694022253,50615.05188103006,593.1906448408974,25008.70522029863,48,0
74208.96230434363,50009.55834395205,493.5084075839929,7643.166872219097,120,0
32208.566100553846,33281.5607115634,787.236394526517,12479.11931035132,60,1
76665.37939026745,58102.532340432925,539.6940735868985,17959.360544427807,84,0
32439.40465541717,82642.77389625767,850.0,37665.77053085897,120,0
47478.995591847466,28905.306132325586,601.0667624537795,32284.36634042087,24,0
51147.30257286281,5000.0,850.0,48940.30016011944,24,0
89274.50158034127,71096.54764570232,513.1328931479942,0.0,12,0
87553.63331827242,59730.97922731401,752.5493586266252,143.97544026541073,48,1
22628.47870660847,16394.035956764616,699.972627298465,36531.24402853898,120,0
61648.02332999546,27998.25887257646,733.7746225555152,41732.90564471733,84,0
38712.60435752482,24226.87177849578,746.8022706676261,20496.92182506399,48,0
22244.85267973996,28264.03192897253,600.2254857718829,0.0,36,0
53489.488487268885,40289.517378764365,519.1156157997002,8847.062571518787,24,0
50745.51634632541,42003.58087157758,644.9082269660782,25032.404782240854,48,0
132801.49459036568,30476.190347946194,672.3030257585134,6508.805201334006,12,1
72988.79476082089,27255.085415002155,602.8155378844496,22776.892354065734,84,0
20000.0,43136.46968241855,677.7553970159862,48478.33173307965,60,0
43056.77987487173,55030.74604578684,682.962553117474,41391.99229392501,84,0
90641.49886288196,40511.10390905466,558.9973553456134,32133.38368055208,60,0
122653.28318609775,84760.01070023904,689.4971281690466,19033.26081742764,24,1
20000.0,65242.631432623595,623.2787976305355,12579.979131494121,84,0
20000.0,5000.0,580.0019099796629,31366.269729162108,24,0
116128.95526115346,65711.8329624156,728.7375138223993,20380.919787503408,36,1
71688.42532112711,68166.31947756748,572.3008788306456,20895.566590585553,120,0
33951.21804370901,36957.95095627426,604.3332410095273,0.0,24,0
76038.87258367306,5144.072380905331,657.2050850186656,9282.04426661161,48,1
20000.0,50242.002782334086,787.4311620654239,31277.907009752216,48,0
60101.26519791483,49768.74045553268,669.2784077724298,3483.9973887711894,48,1
69834.63518529256,16350.612904004156,702.8288332474667,23985.606479036862,120,1
87728.1041861349,6463.423512201931,620.2357464003504,26187.553922962088,48,0
29583.12143122387,47373.393606396814,642.1510375623659,27063.31723631028,36,0
62570.61484210077,43007.68423847534,645.1122766480406,28403.963245365336,24,0
32237.26121821238,37482.03904032819,679.3306236017024,29415.89079710098,24,0
67661.51267022951,47497.67795760316,620.403242695174,10643.10361936206,24,0
33139.61032910927,16916.708785390423,783.9999885476209,0.0,120,1
47756.97482519338,36955.38161401657,612.6833761497858,6896.968814249747,36,0
30125.53815629313,65999.75091843042,479.2758864794632,30948.81795357367,36,0
79534.08725470971,39500.89758946134,850.0,1987.3010930645796,48,1
85753.53349969996,5000.0,617.2631309056248,4390.839801732396,84,0
52961.38290127758,35819.23166829285,781.3169787091348,4307.8399886348925,36,1
61147.13984880085,17895.246094794187,790.4790841959758,0.0,36,1
20000.0,58014.08889385192,744.5214312250382,2794.9345080230087,12,1
51009.70055979639,59565.12210141276,630.1972780402598,35005.953699855054,48,0
58493.86148874766,5000.0,678.6684819874342,9248.530209266584,48,1
138623.79273089924,72770.38911746567,522.5489790695073,0.0,12,0
26640.98922677509,16634.410961643247,849.0147773818276,12325.342176281261,24,1
103925.31716257313,96775.46871447054,564.819400181733,27658.208238405008,84,0
89905.76320397423,48536.7120649815,624.6099037259124,0.0,120,0
68419.09213470409,12608.19504382513,659.898648704025,34299.65464649018,12,0
112758.614525854,15740.41787921956,639.256024516304,0.0,12,0
71163.16417820589,60442.85875362034,584.3126717706606,14067.745415199712,84,0
71674.77587003786,38261.003303048674,789.4339052054688,13876.023350065745,120,1
58406.38040947364,47100.38271145578,745.027928348828,11578.398398667101,84,1
96707.06647255883,98383.40698091118,682.2047204325693,19027.97452277716,120,1
92894.07701432651,29022.678073127743,610.0446944003249,31678.405309650476,12,0
41229.68137511363,51798.885730871196,756.427587184447,19387.976280451865,36,1
20422.584162036976,92595.33462119159,603.5531367222435,10914.895098601055,12,0
53910.58087813029,58115.40426399201,807.0391840337816,26860.23027141343,60,1
35998.84306807061,5000.0,661.1220915483427,23108.955929337593,12,0
58094.26276153935,65161.6703519641,772.9781526972715,9957.446601097612,24,1
97123.14404052417,15109.914266496678,638.6179673816416,20634.52133126549,24,0
46280.9503473963,92204.22586198896,657.1533182040945,8714.862451886158,84,1
58715.29856065275,25313.971850060665,772.5421061458667,7013.919074045854,120,1
61740.68204425186,139085.28523236993,850.0,32087.01821224858,24,1
85452.92646615853,94021.27964983035,806.0366817504881,26704.38209853733,12,1
20000.0,26101.62291116064,737.713461937785,31555.694528548214,48,0
41798.9911570411,50600.41415004832,708.9283432957596,29526.927517272663,24,0
66338.51076838418,72609.32844900391,599.3051309740374,6691.711114189211,12,0
96002.36869280585,73509.81422680123,679.5229741105433,35019.22895100189,24,1
45242.92657481384,63270.08779928592,558.6950816003268,15535.89334577117,36,0
20000.0,87564.77110898329,687.5782133684773,33938.267349008245,36,0
78591.3433789841,46310.931600968914,694.0050660693573,18123.25085043056,12,1
40939.128335231115,38998.469942719006,453.9154858531808,24697.44631818984,24,0
24310.000227289158,39594.08036226168,653.8738609191707,25148.418934205263,24,0
41269.63830860327,75751.19695916382,691.4874899089106,32198.005779265848,60,0
54464.23927032451,60955.43120907938,641.6290142860978,0.0,120,0
41857.66006385362,58738.50997070769,685.8048838856571,0.0,84,1
20000.0,73857.02747771546,515.8277756643686,30075.662976532643,84,0
86911.98590661396,5000.0,572.4135694439741,25345.436974900447,24,0
98246.25123836167,59302.064716254514,753.4938163163932,8365.345277170682,48,1
79545.65974018518,56557.066666211475,650.0571665645776,25464.63363525112,36,1
25869.4298872555,100064.24243902115,683.9878981314909,0.0,24,0
53955.25398157446,5000.0,595.3478839291421,68964.34266303515,120,0
59804.36054311626,96715.59897130274,651.9494023276857,39673.57080241914,48,0
77963.8316868573,52262.273867739976,419.7987819864801,29334.540161118097,84,0
80050.21466154243,64669.68591980135,734.6011938420767,21134.455560162303,120,1
37974.78603664513,100277.56362828129,830.793283895247,10719.079327920545,12,1
62459.86669240681,66822.83804016719,543.4982450785359,347.20640981189354,36,0
73718.41213845724,62011.04868387683,555.9667812490432,18292.66058765864,12,0
103674.66966440299,57268.73557406955,694.0879898237482,7103.590464573132,84,1
81135.1961947417,35495.65595016869,797.3879290506745,7978.372270201313,84,1
83671.70062126557,49145.326264688214,649.7902682617055,0.0,24,0
62514.79883788083,28534.61701631754,527.0681979187495,23744.945778966576,12,0
102313.77435610512,48662.99301723554,629.1382763362127,14345.097412656592,84,0
72292.88387878492,5000.0,547.0067919688207,28026.073622388045,120,0
34167.362694792886,62871.18702702646,583.1153707131224,26856.48190482182,36,0
102101.09910375573,46347.882386491234,619.5958900846683,23441.969451194935,12,0
80937.09817617082,39913.88789999707,557.0675411758373,59891.60387081273,120,0
46708.67936614553,56592.74251820429,572.2094275825435,32355.582703483164,12,0
45615.210978022704,6993.082311036778,657.4534000222244,1091.5098402515287,12,1
68897.26635422285,107878.09989863847,671.503581213723,26881.046718822035,48,1
73895.54385802754,46916.97615537201,507.60196661790326,19189.71885547266,48,0
65918.7679689362,45624.66701083431,689.6381722509337,0.0,24,1
69339.26020328654,21038.11369601233,611.8066136868603,0.0,12,0
110998.72123729141,50718.39147347784,722.0261523552609,26798.043759193533,48,1
92146.29456704657,91608.79670819841,728.049752068786,30463.213023178476,36,1
65719.06773795073,81077.48628296102,595.5458819044951,4306.142010132104,36,0
88239.3174230245,75633.13253421668,711.4147694037733,34552.505797919664,84,1
29024.282894173815,66391.96855001815,566.304396030117,24273.71595222925,12,0
71937.81149840426,39243.72417312171,782.376206283529,37937.88735413778,24,1
114279.1904919933,6495.104988898944,570.0863799143535,36344.305975088646,84,0
53458.62313822878,43968.83684400095,685.2749608625513,17623.44626895512,48,1
34570.982141427456,42923.85606398968,631.239085535572,44533.995951531426,84,0
40437.33334220818,81463.83319013723,548.3105485762399,3138.2586481929975,48,0
27311.00887972835,59281.71327379461,740.0915761785309,55854.41757426043,48,0
36457.1427561689,98369.34583710645,588.5868191133209,6818.214792711577,84,0
48884.75704229913,85924.65620114523,479.99278350216935,19279.959024834796,24,0
20000.0,36305.131714877134,361.798663683197,11492.175520808556,60,0
60468.550018488095,5000.0,562.495530557203,14348.135181803907,48,0
87068.31521359942,91567.25701824443,787.5908419298974,63853.30493770944,120,0
32767.31459559239,90781.55669692231,775.7738467503659,13059.18968883383,12,1
105578.51770925306,9013.652272933214,578.1401597652468,32766.625584393823,48,0
75323.76265582784,95277.20059482503,612.5545085298621,16468.956330703742,48,0
90917.41756872172,61463.51511777553,603.5086924443978,34048.25644381621,60,0
40264.96338443589,54820.56494376959,516.6567854550432,11837.60722443512,84,0
85635.75681199846,98443.49762741983,555.1168128376657,23841.98140488757,120,0
27241.98298814061,90340.55519691845,748.1149519400785,29430.474507091138,12,0
86707.42502509526,69539.92855985611,700.3887871379401,9172.82819995278,12,1
65155.180193805936,64196.51197435949,677.3088858529889,61365.88886338387,120,0
76597.53659954351,68491.82871591077,516.4853388339142,30214.115648506966,12,0
24732.161831254452,37998.27698352422,660.0703214033978,16610.435682239357,48,0
33147.904731701856,48346.95650803037,419.61550305119783,9541.482247239614,48,0
77916.84654760154,22930.48536216372,734.2802691260533,21375.84535440473,36,1
31549.559873273978,40008.80672783244,675.8574900737142,1760.0298407979571,60,1
73896.18876297369,39000.983639932005,515.4767547900169,46734.42895774914,84,0
20000.0,30940.83891135006,811.642555749004,26468.80658601621,120,0
85445.22638000004,54102.39507945389,470.38353408314185,18680.20898882908,12,0
23024.300556944727,40280.574478982686,703.0306182249602,35689.66781535069,12,0
76568.9981303857,65067.041610559216,705.5171768978662,9177.278328710487,36,1
78768.92800938003,5000.0,526.0329560647519,2660.6062035434406,48,0
39096.84544711275,46599.35617678101,646.2149309189883,18048.003924068937,120,0
77460.7970125418,53946.54920532487,486.3172157847137,21913.15474204386,120,0
67813.26790000669,40681.12280489358,365.36256836731866,27958.793098891547,36,0
43834.74431421785,44828.21900572306,543.2123773068341,0.0,120,0
29743.35947771376,5000.0,588.3375057738003,13155.247549711521,36,0
20000.0,60694.31314008476,714.4256180810792,0.0,48,0
70489.50141899081,69428.1794770121,656.740808506082,2264.762436408626,24,1
20000.0,64806.11882611301,659.3545459386146,30728.923005506073,84,0
62860.32598323924,81161.81178326548,548.5578376716416,34415.38712862102,120,0
52096.55351753253,56045.88817347506,596.9988695958614,2869.9319703047004,60,0
80374.28326314586,64360.43541952811,557.0073390130839,15130.931763884364,24,0
50938.63501530408,54682.722153705574,527.5025992970192,20384.092326919912,24,0
50116.566409587256,70626.52158777483,590.6300573012743,36171.652082631656,60,0
81956.12112864887,5000.0,657.4512385096334,42936.422997754846,24,0
70051.74087252353,23192.570960659672,592.7361480575796,22296.233828345335,48,0
69484.67871548334,97606.98971099273,617.6497330575027,16090.750166266522,24,0
74078.02769425578,5000.0,719.491481091139,0.0,120,1
20000.0,45794.66210523968,599.9245581309297,21621.038518415902,24,0
82703.66039960946,85168.24878824205,516.6033369012109,51123.837522353984,84,0
78374.06382040808,47202.18003374706,706.3453521601239,39352.88824905979,24,0
29499.506142705082,37849.66785647908,676.5849648508284,22622.87444388357,48,0
52677.58578977396,53882.65030445901,682.8659498172315,24550.667130501657,36,0
58820.78137117106,39406.3945999266,712.583865753571,9672.254578219154,12,1
55965.09646794802,50925.484782708176,695.6641527307945,14642.96556835216,60,1
70015.79899705604,29498.56890439611,652.8728692471304,22213.987633765235,60,1
102941.0034549355,83260.23259867172,850.0,22259.51510477664,48,1
92453.00183018486,92697.94763196983,521.5031253698046,35161.2489935459,12,0
20633.424197057815,45998.29033665132,591.3582721511442,34431.24399111944,24,0
78662.09970918146,8405.317379262706,746.7334364678167,27808.50170316624,120,1
99867.99958606229,34284.70489059814,664.2586292095574,5012.807327010669,120,1
71604.25562067608,44480.34019691107,725.7923034011238,5578.770182272958,84,1
92729.412755579,65166.16630709624,666.9756429536872,6681.627945731216,60,1
120368.11337102295,19759.60330487966,787.4056551159981,23532.804338099926,120,1
90711.28638320944,26925.13044073548,549.2489144366755,0.0,24,0
67479.25786925186,65320.28413576422,784.2459889406709,19905.873913030675,84,1
91352.65422254261,78167.26496118674,767.0996493204267,41129.640746812045,48,1
64346.63499290674,31352.178644879474,528.971088576962,30002.3905202096,84,0
60717.091298548665,10003.488381470117,713.0665409887673,14739.085835813246,48,1
49457.57292858802,148523.54603863653,645.696006776341,9526.168793753295,84,0
106902.40076496324,73499.1271126614,589.3417980880936,32085.729271650234,48,0
35447.140021739964,41989.88714698905,461.13808102822804,24590.830490784097,36,0
105971.03174034349,76070.93826592519,548.9186328882683,16303.51321125889,48,0
74995.92371221114,46266.301108567335,720.8112140184589,11164.53681640788,24,1
20000.0,76014.7066730056,731.3841269260557,21145.744845309113,36,0
71029.47878974264,54781.79593328667,628.9289519423828,15454.448540195172,24,0
20000.0,52738.1569450272,731.6985143143285,31765.69354875072,84,0
78765.24050493108,46592.54395307634,744.5260077894137,38617.53643968075,48,0
86556.94448966972,6578.559996107302,665.4639958626348,0.0,36,1
42229.3213304384,108142.8469817942,577.7666376149796,1612.706412067404,84,0
63706.43087866747,21753.982391967696,694.1054112815644,40220.842814730975,12,0
118624.72301250859,9199.292710682166,698.6984707658863,22487.28413995933,48,1
44827.5988721419,43614.20351730898,717.3944390350309,3025.240448167373,120,1
28232.772388301986,21155.8455946848,736.5403270002239,34748.774099909635,36,0
104449.90207387797,48448.61628319187,513.7835428078779,25125.27649833249,84,0
118877.61571592384,70632.91545685305,599.0070754634257,53048.68642887339,36,0
60110.87015543542,79859.08701587669,460.1378654312181,16470.47484101688,36,0
90343.89106225068,74441.92164865046,724.6996038355347,36630.55995603069,60,0
100244.27746592643,40831.03835642959,628.7688552019583,0.0,36,0
37725.47302384848,51487.754829847574,693.0814070697415,40940.41325245358,12,0
45440.82493896395,62236.371526924726,502.43212518098414,34162.40087316732,48,0
96926.23539464205,5000.0,790.0980849693051,44065.21150690659,48,1
110550.42836125528,67117.54100359579,530.5660835380725,36658.70476263103,48,0
76886.42580523064,6281.021372485055,727.4563304382459,18514.27721186483,36,1
33605.56939493837,111210.39796719467,661.7950170892542,2433.1015394471215,48,0
119611.83335098324,37864.54746074914,631.055722247382,10969.206494539432,12,0
44070.87306564106,44453.744684162266,622.9839893387826,0.0,120,0
49945.86656485645,26908.787022864337,586.193699068387,6186.5145322443495,120,0
70270.13503468865,31100.89904432931,779.5196176900769,26387.920238126488,60,1
106624.81262144323,118222.80707429719,651.2612834352243,19283.706817622206,12,1
85619.2792965667,78211.09065869893,523.077846964678,16646.147898016683,60,0
72445.96501085731,5000.0,611.603979796516,8103.4562607875305,48,0
73898.65590354319,95126.3870205569,662.8339027202938,0.0,120,1
61305.44005930398,85797.26825424295,739.7805281445326,22731.246698558745,84,1
76744.18543555519,41563.626131351346,589.5380279482793,25687.402887029653,24,0
20000.0,59200.90826089513,596.2223444195453,5126.546599299265,120,0
51101.77622790605,49551.67761736777,652.3432127147405,11998.3959475442,120,1
67239.65804750343,109177.39713340797,737.3424819947326,43132.001811341426,60,0
25469.577491414784,26111.294330237288,513.124546440397,37392.46930360451,12,0
71589.6995343468,54380.318293271805,700.5354630991745,0.0,12,1
53865.86337041635,37155.64007021586,603.5937469871344,18730.45419153866,84,0
112664.2709494647,7008.7878614643705,617.5567418251513,41824.335235583785,120,0
107190.59175644569,115749.14765164962,850.0,16753.68504038721,120,1
46025.832926455114,14553.002626927628,630.3530775448475,15965.852173892556,24,0
55474.86865299914,56603.87562463328,725.469375030858,36391.06440114615,60,0
57781.57303174822,5000.0,721.8913837203348,34806.03866412824,60,0
46450.21571521132,38027.8838227072,531.9976085901493,34029.550180709,12,0
65850.7495208438,62659.06464300372,465.46056747770956,16070.228762388044,60,0
37251.537933372296,25257.980614929118,732.098209241691,29943.3202441257,24,0
26081.539951874212,67604.05552206966,541.6453807551482,42421.18270932831,60,0
78681.33671700806,41928.76724335753,483.5817045428973,19251.894522971346,60,0
78885.88752665432,84802.4753719584,752.6162214844198,13948.855680294946,24,1
35870.527210200235,90852.8274002067,548.0573266224408,38451.089586344526,48,0
86860.662922878,32397.65717809965,572.7482524315606,50681.597043456844,60,0
41052.66812504006,52301.9857817887,847.4373155089295,51725.07325348733,84,0
67594.95714113943,55503.62679416698,484.0264638618429,14382.327503375745,12,0
84610.32037837368,68580.47886304096,524.3713958593074,15889.396257546621,36,0
58991.62305888861,50431.459887327976,604.030185752608,4562.5650029517565,12,0
73642.22736423403,55706.328780285265,625.9743160165577,21770.784866221973,120,0
44507.11068337285,42697.805756146416,560.6254717882347,3888.216028137247,84,0
54106.00249715708,53457.19600916055,534.1344902677083,12100.498374387591,12,0
53824.21707358979,88938.20580605397,800.9994324431931,30516.94697243585,48,1
37602.64960379283,69382.49723635563,676.2986124104716,25849.66115209095,48,0
54696.77510652654,71037.66918330107,708.5168744209188,0.0,12,1
20000.0,71692.10972406736,636.2774823441464,43554.384474115795,60,0
45265.387585736855,45385.73666356893,678.9454948859136,3695.058692723951,120,1
51453.735198909875,59564.81130738591,743.290166110959,5585.991141814946,12,1
52314.607425138594,17444.78964992766,550.3700985454665,1416.1677235332609,84,0
52755.07662387664,88064.2296895087,676.4835996517982,10080.749921539866,60,1
58147.07400419613,5000.0,719.604231340789,6547.904320012585,24,1
74383.24554258192,47385.548229937245,804.4797346384261,6913.498382166463,120,1
86235.51222397567,84226.87931450823,844.7890979801762,0.0,24,1
40507.04319455199,9083.961991119751,656.9859796981762,21948.91088080721,120,0
23903.974338325665,61993.397528505535,763.8638949687135,23480.977517233398,48,0
28738.66763270691,29577.006602629193,382.9832066628453,53666.10106838315,36,0
45383.91236415219,38935.90204433394,805.2282909376714,27295.114964983404,36,0
49442.360465504724,78378.22881918313,577.4116338279197,12551.164704227816,84,0
36900.11801407628,55941.707776554504,625.8902551012109,1989.2753228986803,48,0
21116.500072503164,5000.0,694.1104484367021,18555.85310301107,24,0
46316.37517577435,20707.23380805205,634.6557632684486,26730.84334088839,48,0
65442.79860341914,79260.07204666278,669.6453379568135,12449.770710214321,24,1
77850.88397506694,63468.28154578993,808.7692968226144,20915.240395228582,60,1
43277.308406750366,102444.06717572853,611.5779954654029,48460.31141088231,84,0
47610.06533569698,100479.42782039891,541.3076183499446,14238.348094412553,120,0
32199.050734580676,39732.64609559625,831.3463857298551,0.0,24,1
59056.82488875671,125097.13415208465,702.6764217004677,33102.30181087152,120,0
34547.140974275564,50734.390095557326,842.2238975313463,24714.821687225805,24,0
77193.834397236,21119.943967729236,736.3629910578904,0.0,24,1
20000.0,30990.80402268268,517.6405607986563,26414.65515914442,36,0
49211.10982642612,5000.0,714.5384671756881,5032.0467629338,24,1
69033.22017575227,98210.57024747843,551.6051934117445,26619.83603546609,12,0
65515.03548967513,97842.8596713159,650.7431802439667,48608.952638064366,60,0
140791.00991941488,19534.776835600373,642.4285596392242,17345.45998485168,120,0
70494.00073703722,43163.47134854282,488.2336195366944,36249.06798554729,36,0
29878.362094739692,52868.22632337733,568.7189510438213,1572.6902322143433,120,0
57136.072587327806,21189.408435736586,850.0,0.0,12,1
20000.0,5000.0,673.8377404841165,50260.55708593507,36,0
57582.00752109717,43689.271886692644,632.4403865337048,24617.225203345057,36,0
35008.31828997724,40367.617116222595,831.2890219940925,29550.049117420065,12,0
87461.70826680485,38347.66277033674,610.3764689930831,37280.33454268065,120,0
43513.79176213396,56681.481878028935,640.857963803088,12082.777853030635,48,0
56497.0225261426,92885.58975577977,749.080285612285,32376.745396440012,84,0
40933.2647578679,40907.21840924822,609.9264201383651,30103.162434632257,84,0
112165.54055559993,55113.28996164088,575.3479260647499,577.9276882645354,84,0
50362.71701646265,71806.11571234808,424.6243584639283,42694.7796711903,48,0
114976.71130437605,66624.28779538246,556.3501686617238,39602.90773969299,24,0
84424.552863548,31567.29426656474,555.3972254010387,744.2414144340764,12,0
74462.00182006159,52891.31369342108,665.856669546861,23004.296621926922,24,1
71061.9944195256,66426.19460507159,588.9541734272224,16533.80394630584,84,0
71813.91894648754,16149.459874676671,850.0,41274.61204888906,48,1
20000.0,87906.17032389523,544.2371069765194,0.0,12,0
51633.4981754773,92947.66715642333,790.0646686857406,74036.22536315794,12,0
85354.73913552964,28316.592336665188,671.9752955127549,17382.73745942188,12,1
58533.084495776835,55810.10055044506,730.6774035712389,31076.677492717863,24,0
20000.0,69268.34770013095,724.6019594735869,40812.47498004205,36,0
58427.86648267592,33631.57531013742,428.17644696875834,17060.009852447834,36,0
111123.16548766474,64448.41537064283,648.8447321023443,18275.871716070822,84,0
97406.75146604158,54897.66878876496,623.7771862766168,12457.536592720582,36,0
58139.879719019045,5962.454670835978,536.7021905308733,6718.015608033231,120,0
88543.4783117426,63774.83947935674,695.9626037215868,24077.887216890813,12,1
49004.789388958445,16995.72751186893,821.6540315877471,17970.99979737568,48,1
20000.0,78176.08554986141,382.6996356115934,12359.387025117563,24,0
32266.020356113368,29863.667745983337,596.5530324158279,13235.540779494473,24,0
106886.66305524594,45161.43699016565,525.4233835886378,28643.501808397137,48,0
51780.20754512087,91168.36740339725,657.1777826237693,8036.547059741835,36,1
52698.480618749454,64891.449395865355,617.4378716850003,16295.528474116554,84,0
51004.85411175358,17615.78241276364,589.4322787242822,33480.0108768366,60,0
117124.09768719021,19552.502876027487,718.9506828329058,23708.382051039494,48,1
108778.7674608619,32020.916341288237,813.6181301057098,4256.61100462086,36,1
126563.40700344402,61839.322500699986,850.0,19641.933968795453,12,1
55228.64368799846,60748.994447983045,576.0370951531412,26555.324317144536,48,0
68868.73466241285,24706.930860113924,467.9124448181931,34839.082868543635,36,0
20000.0,14983.715431569224,705.919643407834,8669.319998826491,24,0
104308.03278354823,58447.50215257503,811.0484735323204,11622.054159482981,60,1
24966.613461961948,44544.19802629514,731.3689967040729,9572.600169197052,60,1
66503.26691287887,114716.47662343213,810.6347039530311,10317.197009123172,60,1
27080.924171014674,51098.10969689237,627.451332939788,26075.070735456728,36,0
42333.99519783912,104427.58483100825,589.0425560226872,28917.336948254735,36,0
34882.12706850899,14888.4920568698,661.5435907401312,35763.55239324625,12,0
41763.742179725465,5000.0,616.9446812633112,18632.37636386347,60,0
43826.31890553064,16397.446024233963,716.3094021340344,0.0,120,1
43551.93615224768,85673.89344360399,746.976777800349,30042.052466861947,24,0
85000.01735340922,102683.04769080601,754.8083664571886,22387.155176113756,84,1
26854.116208124397,26534.61638142098,701.059267080439,20899.542189740045,60,0
66616.242810416,36183.01910721327,674.58223266753,748.9476753316667,48,1
96538.77456916675,14930.572693625007,729.4426689250848,17062.462045919885,48,1
44604.10906459812,5000.0,453.7008092347279,2095.178208114223,24,0
38462.433277571945,71552.35093329889,671.0570752333942,27229.47482668639,36,0
53084.261244592475,56690.60908886489,655.2478057170451,13551.5895694424,84,1
95391.7562508213,50314.63948021626,671.3080395971555,12206.984054531626,120,1
65823.22892860073,7998.303885098598,641.2376453745769,0.0,60,0
44063.571161772044,99198.70045485982,693.1855493461616,35406.438045260635,84,0
74516.29953564118,34899.297858515805,592.5397078465985,16121.530531559667,48,0
26931.2355049073,66008.79274449428,762.952342945363,21304.711555066362,24,0
80440.78531328843,6363.157842658264,697.3649777413474,8967.64863961168,120,1
72258.21923105302,44284.24431139888,665.068585788386,0.0,120,1
50765.74586583348,58741.23368715752,580.248342936388,12025.616177341195,12,0
34842.426046583074,59812.25654159923,731.5316885207906,14426.879933409298,48,0
33399.57233149628,54639.45629709875,670.6659698494491,24391.40031372264,48,0
76044.52009037731,64835.674761463175,574.4516606463084,14674.513836663018,60,0
96869.41507467185,16084.386319011166,644.3338457586761,9224.767104540813,36,0
40880.76758913616,55921.178163189805,712.908261924124,0.0,48,1
73751.60110654452,53412.73050440832,705.1573538819825,20726.802431341224,48,1
20000.0,56950.18052585183,698.7008967808155,8051.597093436991,120,0
42461.468080284016,52170.356519575456,659.2531391741077,39812.098006485474,60,0
59068.23201387294,11803.616782598074,752.5819533301897,22252.19992007153,36,1
32709.497490544993,10466.00743673079,773.779650381161,28431.54260049486,84,0
31904.808756312123,5000.0,723.732261567554,16268.170005662427,12,0
39966.61330593341,74526.03529535893,591.2548725144293,23019.204346518673,84,0
68765.7818497912,74829.72529205595,544.1938282709482,6639.2702634462,120,0
54380.12944780876,75306.50873666361,595.6060233028406,2326.7176149559127,12,0
20000.0,59203.698873843554,845.3656747976723,20226.96616022835,12,0
20000.0,5000.0,678.1695913827353,28555.874828016138,12,0
41794.04466428474,19198.68524644202,850.0,0.0,36,1
73730.59758160656,55112.46252779336,637.9801656412563,12513.447637939385,12,0
20000.0,54065.54008375386,624.1186329507078,47631.83161832587,60,0
45008.09471545108,43317.55360543937,642.5943463355926,27188.413275049323,60,0
44212.56430447737,61067.5160872474,640.7825919946697,43064.690505357474,60,0
101650.13334625344,50349.551230557365,572.6349088132275,10489.325723171229,120,0
48449.34564861409,53623.11396654085,535.1151731833323,13131.4135250834,12,0
71489.66954222786,30828.040015039514,700.1336627180863,34500.99980516761,60,0
64237.714202623894,79460.3295836477,755.4900717597363,29352.805330674884,120,1
20000.0,37076.85173958848,850.0,18584.231359104724,60,0
83046.21649895213,10080.527509381209,606.6287093308978,1062.2628609724306,24,0
66461.89516368863,26870.029615438143,614.7344513135924,37352.77943340366,12,0
75248.05919023769,39546.01425914059,572.8770705548983,57653.42221291567,60,0
177787.13119308982,79820.0836510654,762.5727429373567,0.0,84,1
20000.0,48731.96004695621,731.4987454796265,41054.28724624158,36,0
111740.89949283325,44415.55343103053,562.3065418125474,12975.48286013943,60,0
51376.57441798934,12540.097257121182,559.7801913027057,14997.970234427754,24,0
68619.86713209028,73564.47769488729,745.2514758595897,24044.59231307501,36,1
58634.632640962736,30441.43537929843,688.3196151208408,1917.150812900043,36,1
47272.90999805869,46999.164231759925,725.8388713011144,19442.92332583422,84,0
42905.01215283724,94405.49230645594,561.7231521661087,0.0,120,0
69885.26206719027,65262.899931479136,462.22751360897934,27141.23734667307,120,0
20000.0,5000.0,562.503498331983,53505.830569447535,84,0
82517.37502565296,5000.0,718.7766730011227,10407.027662545066,120,1
47514.167853442385,48070.68649642262,850.0,17468.849925624323,84,1
26097.919828789265,13617.781553755849,607.0536010472392,18207.827358908773,120,0
46499.614260125585,69456.40242898994,850.0,34797.02890986504,48,0
97714.47650587719,51267.89194894938,732.9819767491688,26083.585535777016,24,1
43939.947389513305,54961.54307071589,510.6967698291174,33805.19015527893,120,0
70753.60854628861,28797.70455072941,671.4033837811032,12406.46997196441,24,1
38071.3117285358,102241.50965860116,736.3974278411861,26503.535072296945,60,0
82737.65549770859,135277.81184031378,407.45171014473135,0.0,120,0
80565.23216370612,41642.458287298556,714.4451157913381,30011.93857983544,24,1
115458.26499889235,60591.17745245003,767.2721179823112,1733.1093680710546,36,1
54733.08163502353,52922.52029192938,689.8868124131143,15086.091777501118,36,1
80059.6441427372,42209.39409676794,643.8278789318576,31178.76662966307,60,0
62942.02618616834,25037.8859680161,632.7073416998593,0.0,36,0
98876.15345589042,17450.960375585684,626.8677672308178,36341.49197333038,120,0
38435.02837173809,15932.08203423427,532.4020196232891,18135.427830669138,60,0
82350.15938631844,62157.200766474365,581.2476168095033,41796.732294308575,84,0
54159.08111649955,34409.765653890936,608.3405954347841,6457.337614463202,48,0
58074.354686745064,5000.0,661.3494346225742,0.0,24,1
62752.57453345119,63345.74661794967,594.3185242342934,19565.799269929426,24,0
67567.21189280032,48852.161526075324,563.087075750207,28806.141017708633,24,0
56513.12870634125,90400.19004203437,725.9770859125845,30064.05408215332,48,0
66441.3954951158,61193.67191273028,687.0613971947855,2967.67796109146,24,1
107343.54172686554,5639.79211069108,596.0770463210433,0.0,84,0
89563.49056845656,5000.0,700.6278471487587,15315.140391476529,48,1
86074.63777490689,28415.828469861877,604.6842106314065,27746.65985713386,48,0
46333.81421928388,31246.777379190422,656.306502948812,26986.80173159481,60,0
33322.77515315027,78294.776030005,747.5044054722866,43581.89504708217,84,0
88659.01674713258,49733.8720313128,589.6258906833737,14398.171978738745,12,0
86281.40377589382,84010.65494295527,532.7588392166257,0.0,120,0
104180.12027252946,10255.008328920958,635.4865416978658,37949.996574263525,12,0
41880.581220923115,78957.93153141344,513.6534983814538,22927.929711661312,60,0
53113.54033918959,71629.67460292758,622.2551490649024,24232.818657513664,60,0
20000.0,5000.0,621.9362520686543,31506.355881598756,60,0
48225.86681817381,89678.53523782318,403.6315876094437,38954.65385552992,24,0
89897.11531738342,52803.75475299058,703.063516374451,19654.70023774696,120,1
46005.13862315406,61761.33511605517,631.731023331868,37648.27449992104,120,0
79214.39385602472,24053.11662714732,768.1896452771936,28282.043962126772,36,1
54284.90682006566,88257.41038765917,671.5531979794082,10166.264130380016,60,1
69721.71084664682,14424.430122833903,723.5608570315549,16501.42291747233,48,1
25569.258305529984,74962.76055121838,769.0038753207043,29251.16035097759,12,0
62556.283489017034,74618.22427726013,636.8282917229254,9367.628536341568,24,0
20000.0,20774.977154833337,649.9176811136098,33296.88653204679,84,0
54393.11525514045,109501.20798267722,492.64567766097684,22372.752512708103,36,0
20000.0,56945.85440652558,773.9537745234242,25724.27358649727,12,0
96179.83549640447,69616.77830813073,635.4302600278445,41607.57985325229,12,0
83322.22058293533,5000.0,549.4269449652019,25348.50316364297,12,0
74000.12945898242,113531.90009025694,723.9722486487427,21071.177808729695,48,1
105630.1868147814,13263.291793247306,432.02188080357485,18761.173053378167,48,0
31532.504375254885,80746.59298297792,607.0725777126822,17980.14560328887,48,0
112420.89593746675,20156.84846204914,740.8311041211841,24684.490463054106,36,1
87965.74692781155,31430.33591456952,606.2278148034095,40449.84476174622,120,0
52903.341383431616,73662.62131656341,578.2078049051419,10823.356094987465,12,0
94068.60441548831,80826.58141025472,608.384520288705,9688.142919935552,60,0
26811.194627650977,11861.472526576938,449.0070735531426,39275.59842797044,36,0
35264.5751541698,82714.16507170981,721.5478431783033,11507.795902121694,48,1
41742.30830280899,81349.41485399583,637.7113958023087,23241.42299529056,48,0
44130.66875807954,21861.397734653227,622.7675390005238,11123.038027762015,48,0
28303.270717192416,97959.4278077333,623.1331383590958,0.0,120,0
96692.49201285976,6294.27115255886,651.4079798464584,22973.377899379426,84,1
52234.367988905055,31256.82251667154,715.3437370672067,36727.51841039077,24,0
70575.14905070639,64370.07872275966,644.7936458800751,19069.17722310913,84,0
42889.45900758958,24393.011458921806,513.8363451820187,0.0,12,0
20000.0,57914.57257038023,707.5516121544067,21636.05874575623,60,0
68101.72075174266,57232.28236409886,699.8569691004226,8660.729170319119,12,1
20000.0,44387.77190231838,670.552699821646,0.0,36,1
57940.97861743594,74972.01615771679,757.5241306961319,18786.744174146894,24,1
20000.0,43149.17622027083,653.0378676412959,27765.26290832049,36,0
119618.27997692424,56946.23206441417,761.1376088989256,37665.58217197875,120,1
87340.88166524164,84394.15632463708,790.7211021478397,46352.82109943211,120,1
63172.61373814441,73720.5863007752,708.2312885524483,29764.035160797644,48,0
97911.20032964007,73580.51872442625,575.2066378122063,34003.51112908391,48,0
34610.520676027925,15524.611933496592,636.9214281497559,731.5182488290011,60,0
76304.3813601028,65743.77726503965,773.8856034058374,44327.38702319381,12,1
65994.3130115614,23645.036270914858,500.23721339304933,39010.402723573265,36,0
67920.6024400101,11557.550606659213,610.8046331821391,14493.267725502152,84,0
98170.60500320303,47848.809611450946,615.7035163553256,30224.901879317644,48,0
81974.76308339406,22871.144400452307,563.4789399646266,28716.02275172915,60,0
68661.7098847507,73718.53156519932,737.2878949918786,42053.202658255905,60,0
20000.0,74436.06379085973,687.6815071040777,17733.383417601737,36,0
31198.61114161609,5000.0,578.8941643399507,8806.510434499827,12,0
56318.731992128276,25150.923812693298,710.551292023584,12650.024455079843,24,1
62801.171228299536,6206.399842460036,634.1583765331782,33451.93975045801,120,0
26093.88825978229,36121.12170221328,560.9805426777657,0.0,60,0
132350.30026735264,63655.270096064734,578.7081589757133,0.0,120,0
105491.82165760719,42731.35705464835,693.605107477594,33413.735104519685,36,1
78063.5496117745,32307.22277998594,743.9009878521839,24122.081962329492,48,1
62161.10583851234,89005.29580439418,601.3231767045214,20276.950044547662,24,0
53633.73090296545,5000.0,704.4441333669012,416.80058017315605,24,1
31442.44619933293,87106.15680554675,808.1754157577483,0.0,12,1
62324.41555556587,33671.35120533543,524.1129443629748,10482.063747527212,36,0
67732.57620428252,47656.72969661631,685.5669872838623,25425.426490545222,12,1
22747.182735551272,34179.09986839674,733.0655691295408,11213.664308491923,60,0
70025.29251734693,96286.64316617354,640.485018340117,33501.503003630336,60,0
55342.228535257535,13070.645095842214,773.8283210855647,5689.1098696956215,84,1
20000.0,50352.091091658076,850.0,12209.82390260624,120,0
34188.44967661494,65823.1595557999,684.3355348386303,30548.01582026554,36,0
47591.83399735067,5000.0,626.6410267722001,14346.274752731508,48,0
116630.6297202057,22403.05488661539,747.6982807661957,15089.750595161055,84,1
76696.59373601274,45554.64399505313,734.2068860377901,10347.67319526781,84,1
20000.0,23400.048959468757,398.11690450818156,7565.888887957279,60,0
74581.08868252911,25532.246863425502,649.7264443908887,25312.660308443148,60,0
20000.0,39504.120107706876,610.5400533260886,27255.594419669378,48,0
92480.7316166122,69487.4399493852,689.6705691513916,23407.22656326924,84,1
45866.260445463646,39718.46669365567,630.634171970621,10757.245916698383,24,0
57190.91433782488,82352.7858341884,641.4823907728999,16977.62150129941,120,0
99773.8994262657,20067.266520219357,563.6787240538919,43939.02175131765,36,0
21385.092942472504,12442.332185796426,723.4529218424487,0.0,120,1
20000.0,107790.36217163401,815.5042221468732,48288.36920642959,24,0
42492.020209619855,30261.25617003466,565.2328050784965,21495.797691763204,12,0
91151.3655305795,10672.639787835207,510.29449768530264,17298.10415035244,48,0
20000.0,5000.0,652.0003219827464,34300.675082025155,36,0
20000.0,82253.10361426817,647.1344338964736,0.0,48,0
46465.23424773004,39760.86456019822,767.093278612036,40704.79361869626,48,0
76552.22399732762,42388.70794800804,527.0805047621468,47865.88743422572,24,0
96007.85249216488,45223.94865240081,596.2044824975902,36319.59301188649,24,0
46105.15913743803,80388.28654009344,435.22967607331475,0.0,12,0
47657.20178651993,44614.10498072239,787.4983636211823,31462.516967007236,36,0
94617.02202767241,120321.61336497878,675.0544628323364,44689.97837028025,48,0
20000.0,54012.81722162688,603.6567086019204,43141.23181603633,120,0
48344.37674450972,81853.54300874964,517.7728521408824,0.0,84,0
65712.71669775173,74157.1957371322,526.9523941822749,35245.35247404509,120,0
73476.56163855102,48906.58039225887,691.4266899791392,46933.55604168721,12,0
44705.79920427352,32390.8704193861,539.257495439929,20441.985779690287,48,0
61033.23035117524,59958.91785699661,660.4005423148569,0.0,120,1
20000.0,65302.96193621819,850.0,32429.78889087401,12,0
40252.54762998455,32822.41855620418,615.241237705518,35807.86952977625,48,0
73605.26137663402,54990.165978519675,553.8555556025622,17911.877535111464,24,0
30531.178972359612,87086.14934778788,688.2007205452763,2139.148162042635,60,1
61769.52664768792,112098.43217209037,527.4208259218273,34728.08126054245,12,0
73406.17502408093,75631.07961048264,821.9984530329403,8467.867015673628,12,1
49723.52397426705,105882.79059140847,790.3619668528336,25960.20089808306,60,1
65113.913129897126,31118.77366380633,633.5828381046356,43372.49532519419,24,0
31118.02304146163,71056.46756177882,560.270681857578,0.0,12,0
53801.6616091186,90155.58525743816,607.4230127224639,33616.4599695388,24,0
78306.48508767667,23110.000010840122,620.4334387914572,16901.26954520299,120,0
64709.188829053026,35432.29663864972,688.3567131707065,17290.200740231372,120,1
42404.06191308193,102137.1428550575,753.9632329301116,27714.746517992404,120,0
66726.4921287238,20747.034326391804,546.348736924141,8429.23952878764,120,0
81438.29371909854,9766.099020328678,751.0909565342745,2374.712946070358,84,1
20000.0,95839.44720918534,711.7685612811298,0.0,48,0
94772.22194867693,85902.89674941316,599.2210509193394,38476.44064128822,84,0
49912.35783956784,62963.60731951308,541.328810432299,14424.917223365544,120,0
72764.69799720691,48628.67736062517,661.6232717292568,28549.10618536049,48,1
95917.40770935683,36844.26483185054,544.0411516297916,12724.518876775175,60,0
20000.0,58458.46621427154,752.3680849162606,2573.592449375661,120,1
38716.769927173606,97394.20872204649,537.6117227867795,29784.689149087095,36,0
51343.53912372886,57156.98378426228,704.7706193163144,24919.438605872332,120,0
36487.39436626715,115008.77801740897,641.9383635184918,16446.51269018861,24,0
112048.09727510426,23061.74043079309,593.9375115624799,24528.440951622026,120,0
34296.837185196215,49409.57737015192,639.7168493680709,5592.731656339951,36,0
43333.596615394,38808.23997008253,757.9983169634202,35908.99661832967,36,0
66131.6709480893,17445.753705130017,530.7742591006211,39385.91957801712,24,0
23935.514217717333,45407.48800971034,608.7843444808183,31389.56857005381,120,0
48129.57864731208,62519.879049813186,574.8256435312812,14420.213613594951,36,0
69523.59783750525,65726.9053985609,646.1382866451286,20890.20192025114,12,0
50014.18786852466,115113.56536833668,581.5319107487346,43532.54672202145,120,0
57198.39423300155,63934.02409170679,473.19187576133857,39217.49326416766,48,0
44120.03662654887,84504.10411038848,544.4862453067637,49908.03635763088,84,0
20000.0,51982.82738896928,813.7755018538112,8292.217200302393,60,1
69647.79634017716,100341.66801357786,674.6728211286272,6946.815740193013,120,1
112647.99214941724,121953.47856764209,671.2362053808077,22015.554313731638,24,1
60552.04892350314,65932.5539292785,621.7387609991362,26103.436359444502,60,0
66757.92351742649,20220.22953645256,644.8374575890831,17865.66252410656,84,0
80781.68265350579,33535.84931668495,607.018807716862,14154.733582468914,48,0
21920.085103599027,58458.02909615486,702.6928531041065,39010.92774243694,60,0
111075.43974388816,63694.941057519376,660.0808854259373,18639.018641792904,24,1
66069.86389268406,70952.75403153116,532.8731789841385,1771.8287312251414,60,0
108955.70697267327,63805.93043690123,675.3724503104193,3504.6636959671305,36,1
38009.01013428032,50209.54748767816,404.1258076728449,23705.964877002523,36,0
114541.85767673474,30914.04676393614,691.3859199677786,65039.787273675305,48,0
83254.6648210435,62034.14783792688,509.06431431634786,5360.84384382232,120,0
76591.20257557076,105649.6207244197,640.3944913829924,15276.888969904103,36,0
67020.73363059443,80597.85816283265,530.537239680381,56072.0716289906,60,0
52544.14145776652,66041.11848908594,650.2823199533098,12735.789052422962,12,1
96015.94975421618,80887.00771468254,707.8278519276222,26831.912619071078,60,1
64210.79609544141,38868.079132974424,800.282708524958,48138.66083886847,12,0
20000.0,34752.045617500386,495.86423449885217,5727.819786442666,60,0
26484.40614878993,27566.446869020543,747.5472955671135,15361.096669676586,12,0
54424.62743421758,46241.40131691686,663.1152705377472,12734.510995481893,120,1
69299.96949496664,37339.8230987276,604.9332847175376,0.0,12,0
58302.345333003126,86248.24221956418,725.985650505946,43540.489185329396,24,0
96569.1236938099,35740.29746953433,626.4075148914793,11218.934922952016,24,0
20000.0,25918.34851325251,721.753051640068,6856.314862671619,84,1
64307.638095154805,108277.31536491895,550.7730286872005,13333.491678943672,60,0
20000.0,36458.74306755969,586.7002967703708,33932.47107731159,36,0
82791.36886452505,54605.85371751053,744.36000527946,21693.40305511821,24,1
57166.23856673992,63539.68474230235,798.5400523570422,8125.005418544544,12,1
72588.29916072355,15899.206432375548,646.4968100847151,26137.24767372579,60,0
34083.51118230702,87064.51308509207,371.27110746442196,32188.92046622859,36,0
98383.94794973254,69113.57121233683,630.0950717391545,19643.531181458646,60,0
91251.73992176555,96751.52035642345,653.242611782243,16478.58606701511,12,1
77506.32909035662,29623.34188345699,626.7226623306827,35238.1390757333,24,0
56114.48259409678,52973.773774284804,683.6338561665531,17312.221302298378,24,1
77395.71855885396,51180.67264982586,602.3090072402678,44122.87259435035,48,0
38793.22296037953,57916.65483050066,733.8870860678028,8635.476918645321,48,1
85666.66977062136,6361.557542685172,533.3286727268958,8286.298013588119,84,0
109484.42682971763,53325.09136076667,773.684870735414,6443.048298734813,84,1
92118.31679937558,7206.082657287647,805.0078823961093,16417.30314965026,84,1
38111.925905777716,60750.02213590764,558.6940261939692,20037.56092049478,60,0
70842.51951819309,5000.0,558.6400174396937,115.46135640778812,60,0
21205.75368724057,5000.0,691.0695313777528,21451.359018712785,36,0
77171.70933527028,74556.46149319995,531.2779590257111,28480.31280928934,84,0
73518.10238587616,33594.84634415652,600.739712889768,0.0,24,0
20000.0,20364.257791032775,760.2526956456014,12182.428604286715,84,0
25146.48468262909,88125.36863226644,723.7606764476963,28512.2859285347,24,0
51505.833097686984,59828.78651985245,848.019634168959,3658.7110118611927,84,1
50974.20758577521,76162.70586601351,667.0784147600208,15260.322171298056,48,1
23715.69193743584,45012.73783037509,588.9161997721815,36322.75353400696,12,0
71669.36188056551,130388.86081700008,655.1243511653021,46927.74144689027,12,0
67544.20826821536,31864.58418320615,634.9411660591365,26598.728168736907,84,0
54171.92604064442,102334.86648079664,636.3442890796864,17461.200712585793,48,0
37326.25499524911,48159.018797002616,647.6196291904267,12479.029690464089,60,0
91461.21379249691,5000.0,556.8233291153764,33661.31148157321,84,0
109662.21339264886,64485.46237244326,678.2217754970643,37001.09598673505,120,1
45493.155484603885,59442.876843654914,509.1336732241409,2653.463043235275,84,0
41634.99248535538,18460.345572823106,578.3173392091885,33656.40223915899,120,0
74736.22996235988,22333.421685958558,638.1121236860182,10894.305474106684,120,0
49259.11860759041,49259.070707450235,424.04466873444085,7106.663390716356,24,0
55818.08398010297,60492.43445743945,726.8991536344918,17695.336946743577,24,1
82189.59455174014,5000.0,444.68454901524944,34874.19863843547,84,0
20000.0,81593.64357571409,716.9587690898178,24641.07987259508,24,0
99549.06974558008,35165.060785550675,520.7190710071837,24234.974971862248,12,0
62180.41572988024,10047.57546805471,609.5081309296501,25286.624809995214,60,0
47655.20566313459,78231.99654355792,701.9130646949429,27014.87028035542,120,0
57322.97537335653,49291.46061744631,850.0,18287.731737103026,84,1
58872.88065061556,86484.97330346762,661.645197770735,29478.331480879788,12,0
20000.0,63138.56788939267,451.7373671800492,10104.767060374466,60,0
104848.14682359708,49954.56491155862,745.3695132635773,29765.11476418293,48,1
61239.76896811855,45418.101650595316,626.8081595140982,32854.78021750983,60,0
73290.06391342125,64481.382816684134,656.9906654458823,30487.048918504686,120,0
88546.49311722128,37594.06223572009,705.7863029887615,31265.43247541148,12,1
29365.126273190992,24422.822337605015,427.46220430942856,26972.984603452176,24,0
74204.15697105686,68297.27367963931,650.6536847735196,37601.643730139214,12,0
51970.767273036196,45665.36475666712,609.0306110047304,0.0,48,0
85403.12325649481,51007.02944207018,772.1834906005519,32806.189363477424,24,1
20000.0,82681.39508463824,722.7113763338743,49631.86290736814,12,0
57027.17099276193,46583.70176792777,487.29980772184524,10671.567875617126,24,0
41915.38032648115,50451.01776625372,776.2625852349048,8994.052124562444,120,1
72967.88851902467,32010.51465647204,694.9525088160211,39294.78519460705,48,0
74101.32562104607,62922.19801945552,495.2758402546782,6098.9099078107665,60,0
38771.22315533922,60494.83738040264,655.5753103492773,9999.135311368213,60,1
38634.78407471869,77023.25395371673,753.4826113855855,22549.227795466948,120,1
56680.03894328012,32626.134889793717,528.5956127426606,8015.731847704088,120,0
33100.73318054376,36265.49091229443,787.7577335845417,33125.367529903386,36,0
85259.5108635638,73764.12197436408,498.7371225872474,8137.968166142306,24,0
48923.783986576615,57566.3901008859,570.8772823353015,25409.50021560021,84,0
20000.0,22813.45621421916,555.7129164610308,24267.23694494759,48,0
48755.338301345815,89196.62203203503,787.6933731588662,44958.32108612705,12,0
28843.68537468083,5000.0,600.8983863450803,37479.52799443592,84,0
20000.0,73528.54259791256,533.7182997339003,12057.086878195194,12,0
22877.20085332283,12043.638920054102,694.5210878914062,1032.6139029163169,36,1
63282.2541549891,106573.65549456581,716.1180990592719,32569.53262966154,12,0
99859.22484744694,5000.0,716.7536094794132,10199.1374787001,120,1
69395.5342159494,84567.51955618245,622.866083477399,14964.84893144373,48,0
41804.89835352781,47550.96919966268,675.4534301036948,4102.584649045459,48,1
73677.12585512108,39001.92290483768,584.9766913770715,30185.178961802492,120,0
46227.290693430245,55561.899694032836,817.4801677935731,10302.60325343738,60,1
39161.98892510566,68957.01017473439,764.4205158657932,19474.37467545817,24,1
25369.11995301047,22867.984930073915,758.2956829040675,19707.454011613012,24,0
20000.0,25526.368244942834,729.4115934573546,22753.409298708662,12,0
48302.28880321664,69488.14595338657,701.9733305995002,29924.577525794717,24,0
64741.60469760396,5000.0,525.5637515850212,16357.694421586684,120,0
57101.28989955331,32473.12720423744,713.3301236255649,8878.586271701863,36,1
47520.99216157924,141220.60862478323,661.426523006332,0.0,24,1
31627.618179096567,20959.611062321575,776.336408495092,21539.44444051505,84,0
78247.38575054906,84434.08375279258,730.7419182382428,17645.01439072957,120,1
20486.042401602448,32421.476938585634,705.0380470153021,9342.907548185116,12,0
83280.83741530427,65271.35434391432,481.57752024698436,20938.28693228804,24,0
29933.489432198257,69630.67071788653,641.0999463391529,32839.74008922328,84,0
37426.94287940895,83868.70205548842,594.2107740096344,36678.32127420769,48,0
20000.0,43992.38519561673,675.2365924183074,0.0,48,1
44957.9355934309,109666.5391626456,608.4451728557357,14587.080484769976,60,0
89259.37375433937,32319.903062444588,622.4054223906694,34415.378185976406,120,0
75468.84265331869,57026.6124079868,695.9033904906704,43940.615517845355,60,0
89352.66336084105,57358.30796652823,606.7861886431224,7741.045202623738,60,0
75664.27637801808,16340.956401517542,662.1591539574013,40674.84393848866,60,0
26889.905144088923,41423.832350626384,498.05881091256936,0.0,24,0
50076.32327017328,54845.40497715222,566.7598523239941,37224.26844679918,120,0
36594.02612647612,37036.368706117406,715.604356720296,15773.655016919874,120,0
99917.24712117121,123227.71896369605,526.9807883303525,43442.34898465626,84,0
24096.34060721065,24841.28979201408,774.5725077602997,13039.531756170592,12,1
86810.93068167333,85382.73404421283,747.4399355301321,15351.639098594918,24,1
86788.61610326308,75693.79439446359,623.1770064660213,17999.110561942278,12,0
114888.60605148261,49584.13596487186,850.0,0.0,12,1
47709.40222111508,24043.728384432594,774.3103577848293,0.0,12,1
81369.66478740486,26952.3403882469,555.0720493294265,27652.312895610678,12,0
128449.55509616528,34460.981023504704,724.6174053700048,34826.935210300355,48,1
41470.7496919891,5000.0,656.5863066319757,29113.66254261655,84,0
20000.0,19896.037226021283,572.3287909140589,1190.3657873221564,12,0
20000.0,5525.704539090722,543.0090856833791,27202.831176080632,24,0
81381.36086583993,90376.2500953315,749.4893334888379,5146.940394444437,12,1
20000.0,68553.87177164655,590.2054535375867,26114.790623354973,48,0
48830.42841186232,73579.22296596381,639.8123644962948,36969.487178036565,24,0
73119.39561116882,67664.95854625842,557.8974071773472,25512.00280002528,120,0
65555.26610489743,55009.02870002489,575.1842062701409,42028.00853362898,84,0
72763.34592552517,93820.40996387412,637.3070799928528,17750.187929708824,36,0
66668.69567402563,31677.12032804788,688.8182292724151,16750.260180434525,24,1
98365.9743994018,53200.08966101135,391.16408364485517,21010.26946671171,120,0
31430.50857783609,72411.7648347237,651.691979916675,0.0,48,1
39690.145846244064,10363.723044316132,575.3878987414964,13955.733865743236,84,0
36820.21664187528,142897.6668842765,790.2362653450225,15273.002453899026,48,1
84905.7543558783,50856.97288332758,850.0,15740.000850696788,60,1
87011.9576518519,54259.68351726778,614.0720965046285,24024.367507451185,36,0
73536.75957955525,87706.34095024766,477.7771439286806,0.0,12,0
95504.81000669784,77448.65999030671,661.6876969918567,2815.790242092491,120,1
24658.77397870858,51142.340581893775,629.4570670506795,36981.04394957707,48,0
110016.72334653411,53903.88314294126,847.135064900129,0.0,60,1
105697.15865136775,5000.0,816.6589343375542,29245.56603309266,60,1
82068.6599173724,33306.026664500714,736.5374970596564,14396.60478803475,84,1
113453.9672631318,65516.30648476881,591.3305918787341,22401.837224951778,12,0
20000.0,63316.785171286596,717.7766566180803,43371.48178000909,120,0
44266.55591212044,86634.9725001226,676.5006359068304,18032.25821202016,120,0
37940.896179541436,46384.96825330026,674.132320329939,29380.820082586535,120,0
81644.3797127203,8381.404597074012,494.177015143213,20878.50451522873,84,0
28495.777811935634,81701.91292327034,756.1795338453646,18359.357453700428,24,0
82724.85448012457,93082.68038546047,660.7808328311235,16502.370532394558,36,1
101116.0843199014,76947.33718568688,639.9158652455425,30515.875227593402,12,0
80856.08700251998,45090.989874275256,589.9843504991172,9025.972008179886,84,0
68512.53070984503,81331.58155629737,570.6383500346623,3019.6521717310497,12,0
30363.799772977523,150000.0,681.7258581278982,21117.124601466312,24,0
34594.47101623906,53454.56943321427,475.0837198141918,22891.760053827427,24,0
97488.5671589,10647.899232646261,728.9498759650043,0.0,48,1
83380.47011715997,32411.44851343544,544.5894563004315,19842.688570840044,24,0
58829.414418673674,68764.28000912153,444.1319313794708,1596.8461817823336,24,0
47462.71362702328,5000.0,832.1895315926021,29402.646611717304,36,0
20000.0,55082.09224736209,564.1912950654422,0.0,84,0
27874.427439466835,61410.09950947648,577.7840838478304,48876.137447946334,84,0
117342.57261419171,96053.65219437957,763.4538331008075,14927.02375046259,120,1
21586.332869925995,89305.84568162901,835.4430900516641,7025.570772690313,120,1
65684.39463663242,75937.54375255313,496.699842139657,15755.413094477102,36,0
90223.31919585596,5000.0,554.3831939749331,28344.062879508372,36,0
22352.31995993123,77631.59384143776,561.7321177839403,33357.051338524056,12,0
65541.3142434325,71165.4015818074,743.4801662695654,15885.330349627446,120,1
88137.46612531965,57678.3313123504,813.9132127929533,0.0,36,1
60374.97965721751,5000.0,541.9747438421921,1815.5429956672888,36,0
146052.09167000305,26696.78272438819,791.474533796822,24295.815481111178,60,1
20000.0,14995.316913978015,579.0965888471299,34809.90694265678,36,0
91761.85589651637,5000.0,683.6122902945572,36762.128773761775,12,0
54815.94787810607,49912.54545755617,522.8546300572183,22521.388631161724,84,0
83157.60464510025,26065.336356716612,637.8069586418002,34509.49349272135,60,0
73239.21455097737,128759.16740806735,638.8887285927284,48685.23826388002,120,0
38005.314086700106,44936.84181686271,618.4841693684726,37855.21569104438,12,0
66869.89177378021,88812.5946759788,688.4970981319697,33830.56852106557,12,0
20000.0,5000.0,549.2969135147474,7901.642253615739,60,0
78097.42501714181,34097.31241985391,561.6276701813158,34439.294306420044,60,0
68944.75397971577,52906.93628102944,693.7872144949356,26918.48716833121,60,1
79159.80505929307,22755.38154176989,784.2035330975729,29759.68442550708,60,1
91743.5497526145,37333.97945585767,647.7186305952077,38916.594184167676,12,0
71028.59520629133,43461.47281269384,700.3670773462172,25378.36772552286,60,1
64442.68259394829,42982.76043665317,725.808001029734,18461.805040078052,24,1
33567.94990016123,105653.55719106039,733.0505188633491,3952.0128850862,84,0
38633.37709052848,61346.78856294531,554.6475274163362,15552.255235320128,120,0
95602.03860531993,64385.3168882391,572.2989769795096,23192.784007440263,36,0
103090.06217117936,66189.64323035211,580.9925406056465,24164.290102737927,120,0
52856.68691063838,68378.79132011338,842.8633800893964,23658.144480054856,120,1
61380.08241759823,47513.39048375404,700.8192939171904,34392.647896415656,120,0
32861.56875018702,40377.608855634615,696.3315720385017,32980.470503256816,36,0
95182.70535802335,55004.48178554833,686.6235753183738,19068.67637815104,84,1
79962.50471075336,84704.11846740419,517.9206596380501,7291.06838816078,24,0
118236.52309391247,83787.14565309152,843.8190470777039,25750.369051663576,84,1
33650.30768460783,42788.045729347665,697.9187530786961,53695.06321423182,12,0
48659.76302945348,73035.31084004334,722.3160112654953,24818.64162918566,12,0
66943.37767576717,44162.460108809966,473.4478711084198,15561.140714401705,36,0
79394.68613177312,51016.116483057325,727.9643852361518,28037.54228700741,48,1
53529.97087357103,35794.29855337408,614.3787549872374,28936.0438814191,84,0
33811.16728638898,44550.645832812996,517.7217025273762,28769.75900608664,120,0
86442.22586770714,90239.9020864904,554.6236334128203,40593.20292568552,24,0
81634.06087636745,52772.63442017709,523.5105791546633,25791.394354302058,24,0
32511.776983088253,54058.47525656954,521.821580488539,39881.18353115523,36,0
100663.28403316488,6583.46662226125,656.054782036421,23453.511706062654,120,1
95105.96127589811,40722.68277101811,611.3237211268349,42687.4740126331,60,0
64028.89491743378,42760.55288765814,683.4069362161388,38101.02793609406,84,0
62387.93587128109,25125.695436697846,817.5975871068005,33826.99117329351,48,1
76621.73313347722,50649.96235110691,637.0496286372662,31837.786036443504,12,0
34148.90789231226,37124.53129317037,425.5110706041573,54522.765156056266,12,0
60900.94437492247,52399.875657307464,625.8041788452183,36149.26382999648,12,0
20000.0,53645.090294568035,769.3394436397872,7260.244930632318,12,1
86293.66936508806,21327.369265320667,641.406052750317,23688.50827202481,24,0
20000.0,38038.94652550432,802.9330653691702,16029.248476591072,24,0
105102.59485286998,52321.228482825005,695.2941593137818,50967.14475196925,60,0
50096.39718100649,85528.98293470177,466.17302656026106,38771.563393931865,24,0
53649.9905420647,57701.57518387221,660.9582250438358,50479.26536931629,60,0
41167.98281746483,30141.94460247717,679.7001294264729,8600.082076478264,120,1
51358.83378233771,61970.142777315574,758.0355801273644,36525.12017824944,60,0
102555.94035444109,101226.46667965282,831.9636571611568,0.0,120,1
20000.0,77501.19417767055,740.7725519708699,0.0,12,0
98308.96158264563,66425.7959130686,694.0479797387217,14045.65801288859,12,1
70140.70443305124,71767.70526446964,717.6188271578346,42685.627062435575,24,0
23789.35056428353,93198.62124285892,633.1993193550433,5110.77438569132,120,0
27740.628208522863,82268.8038205298,503.7122163192571,19747.82229765135,24,0
110291.7908162461,67002.81143352974,654.149608622286,37832.6430230883,60,1
31634.793601718065,82059.26658770254,686.5290327458906,32696.197417389547,36,0
25399.48468212122,17550.467112078175,529.6342374088077,53242.79868069289,12,0
94119.43627094188,5000.0,782.6621639499941,20050.57988314791,120,1
70156.58628857743,54712.95951931491,750.5411015482431,13375.556830539987,48,1
31862.232703908034,52060.42128951615,512.823858471213,3582.7837838153428,36,0
66498.74926213858,33682.698394602274,786.5832288789875,14480.000898238999,12,1
29227.419490791683,74775.58009483128,619.1685630790153,3446.015612211435,12,0
93024.64195267815,5000.0,572.1508434881652,0.0,24,0
91841.128946194,33956.832318265886,757.9277692746526,49450.88872013132,48,1
75960.18596465829,35451.33365367155,644.8945587239942,20733.601989130886,84,0
70849.8318374105,5000.0,839.918532083687,58872.00306843691,48,0
112835.6437460212,94841.93021807913,564.7111956113249,7410.673449912743,12,0
59990.58982164676,9223.961940100307,476.83424760273454,13567.870869439852,84,0
24543.77623737596,32349.798280769424,621.9561718833859,8369.464823643424,84,0
73484.2173849692,77239.39273415401,728.9222499060472,10388.659025108534,60,1
122581.41148611341,69381.36030286195,557.2857014464457,33104.05616314165,48,0
29557.215204424436,16754.759105457604,516.989961720012,28494.859493965618,36,0
49156.11699918043,70474.67627781909,672.8927402702755,33131.141381266425,60,0
72493.38114304357,58693.534359746656,503.63127898324836,40134.07388227911,24,0
58382.854529827826,119991.06686334402,680.6692699613413,36610.325662512245,12,0
30530.892588680563,62118.21248204913,615.9376948771823,4872.653833370196,12,0
93655.73568691412,45762.745367944044,699.4466488352373,12142.7215449646,36,1
129601.22166051778,24304.94128641732,511.61711960753985,21822.242151074563,36,0
65883.94377071722,27672.69899133286,779.8163151443904,75917.50017144781,84,0
32877.95130791999,25226.927135955255,631.696551500631,31586.00213197063,24,0
20000.0,91132.96441735767,726.3522667904823,21600.332126101843,24,0
67739.27943663542,50539.09745049412,745.9875461284889,30099.12082618627,84,0
93116.32029948774,66957.4137192419,534.2555047634044,10953.289183837178,84,0
74255.03239486145,95427.42799942661,738.2257509608077,23936.382665034573,48,1
59927.88477243439,5000.0,507.49332248556743,34319.93277215109,60,0
42321.850446320816,88366.21294101124,512.9862257240108,19565.064731879884,12,0
27235.091018457308,51661.90735350002,846.3999235988434,8651.701189292184,48,1
85042.53978974646,63051.45114921333,761.1853368796625,18831.88920980462,24,1
87413.14864156756,25147.903347552463,850.0,15206.35087105725,36,1
20000.0,27346.268046544446,612.978596939209,0.0,48,0
107695.16934542052,64665.37669438963,660.2428664078009,11426.717597110879,36,1
77222.13662682004,121537.93400994409,702.7354746752363,0.0,84,1
101987.8393543738,80099.39938444704,648.7804433406105,1448.0766425596303,60,0
20000.0,87965.68764255621,575.3863979304095,2885.8326820029506,120,0
20000.0,44239.9618921574,560.3915302119951,34301.76947338793,36,0
55530.920706981095,31993.873262431156,671.386223282895,42337.475950392516,120,0
75083.53280685583,26575.8514526302,543.3140158337695,0.0,120,0
113890.82468780891,35351.78825909936,540.5136507633148,43702.75499411734,12,0
81182.36741445394,5000.0,689.3572011154592,3101.0874055918066,60,1
52719.561695639,28252.419713251944,640.4840648514385,31203.201409585374,36,0
29208.923770023237,33189.40531820471,743.7206270581685,23878.37856149458,48,0
96900.01718157451,44739.25476815477,607.5088589917158,29537.773170692803,12,0
31058.837227478554,53952.503292418754,591.8744050024465,2513.8542078355676,12,0
108854.05664316965,60873.526058768315,692.3553396035471,0.0,24,1
51468.46051180472,49552.2388267112,568.7975125446173,7956.37384801143,24,0
107717.46217853551,32556.70740971729,584.1872274443315,26403.029749409856,48,0
80367.93870177834,5000.0,588.1545609620586,49353.5626322879,84,0
55890.13531672625,32740.741747946202,629.0297893704447,4554.146034708809,24,0
44418.1088452162,20826.480869389845,827.2436543295903,18517.437700275346,36,1
49772.76367961761,63982.002448358115,512.3211175042843,8763.812022355718,84,0
72849.50077125712,77278.62190081082,779.5507582117459,19741.607258354838,24,1
62314.6948865315,78157.13201179818,723.7786756289917,0.0,12,1
42185.65775793885,72708.5820838346,806.6978847369993,42470.65003084853,48,0
55031.05769047103,45994.227936425355,850.0,20360.541174294587,36,1
62357.310891574496,34341.3330357231,793.1453020787856,33757.484959791276,12,1
20000.0,27586.91738998801,742.5666947907862,16516.969649463383,12,0
73745.04344366096,5000.0,518.7503648374983,22859.42114190415,60,0
30608.363258495796,79755.61101523573,531.3777738488957,36933.0873897012,24,0
25400.02790382765,44758.66886210077,686.0190184365222,21975.75234641337,120,0
20000.0,12609.791191373784,480.19238520804356,22515.594861731828,84,0
20000.0,25205.25872869296,711.5439251291219,8090.884360617518,36,0
20000.0,23990.796307023433,436.5078109238989,11983.646574813503,48,0
38729.371271085285,51290.7345504538,765.2233385564616,4807.765432385968,48,1
118597.77412579705,82024.03553212057,617.8299688066402,8929.736172805024,48,0
44223.60972314388,39560.3135121325,662.659694547019,38768.43665696251,60,0
65332.50318804094,5000.0,575.1627703579518,47129.13965010707,36,0
72014.44159518986,44324.589945232394,460.1473589777428,1290.8767305591355,12,0
63931.955586475466,45314.18299708413,773.4695279194261,25927.576775551628,84,1
57676.69617822019,43252.39307193435,783.5701394954714,15234.629146993339,60,1
24141.187092022657,31176.165005728948,614.8512234796302,40954.528500736444,84,0
103527.82644837635,56523.17242177527,716.1929564734007,22022.90327266879,84,1
114215.89930913656,51984.23345447005,610.9108579789596,19887.864428886973,24,0
20000.0,49255.090576200586,678.8489844266246,8828.460317603965,12,0
29279.142273408615,62379.24084328897,725.913919892011,0.0,48,1
51605.68972868982,37105.01530556439,705.5084924573873,31414.077241242318,24,0
31063.86615269426,35402.429908980404,784.0969613409345,25294.678621271658,36,0
75178.96660367596,91403.69868756199,701.8880675705335,25661.66210780644,36,1
38151.83392780161,66780.66229146309,652.8084617038595,11010.09346012103,120,1
124951.68203419808,74808.381828284,573.8581032122578,17813.47331734943,120,0
95716.45783030789,86783.13756002205,602.149461967608,31866.064791703757,84,0
66377.22091896644,65778.325418744,731.0051396725016,34731.68944596668,120,0
90809.58789959196,77851.66037408513,499.81734810858813,2322.9257612220463,60,0
93177.01273071926,5000.0,760.5807303412796,10499.778942479039,36,1
43081.5753582527,56124.61615988081,621.8856273985467,0.0,120,0
35513.48266374106,44518.446145570175,568.139409559211,23018.96618890048,48,0
62344.29188908942,100330.52272699428,540.1275823218533,33265.07468154843,60,0
85849.08373493832,77829.365954099,717.4367785648387,15819.267244258717,60,1
64171.81195960253,31086.644276204606,648.5358646196681,10057.150535004284,48,0
20000.0,61183.82475587618,808.876522322982,14970.47219292063,36,0
35915.266681474735,55030.4400034772,523.692434947408,54594.699724647304,24,0
57780.81409216866,63629.94299456686,592.1836376938137,37878.92149885322,60,0
57730.031870225095,19434.725918760443,640.7778841872587,30964.957590944912,24,0
119176.26530369424,60800.493957146755,574.8143256030066,24801.018433740082,24,0
20000.0,43155.45952135297,650.6118664141803,19808.878030714273,120,0
75167.67725507624,58473.49292166802,681.9500766415518,6400.517538569311,24,1
104673.39324984868,28268.445046334906,698.448423912974,4074.6436353795216,84,1
128143.49236268389,32448.104858102015,800.6167130884461,11481.33985230183,24,1
47868.077304481165,85215.26061100108,519.6527571218419,5693.301802969494,48,0
74742.88358160599,18453.57324979517,683.7760319935311,10882.80556970232,120,1
77092.81071595941,20667.367968738545,585.3057180411834,18471.565608206336,12,0
65864.45194659873,48452.56228353266,693.0013380023585,19620.476171555627,36,1
57034.64396282082,26843.288744421363,693.1332186353047,10694.280869232884,12,1
73079.26168500137,23449.14103211604,551.3080616767669,27428.143319603074,84,0
20000.0,53152.27913624885,559.8847657365912,17164.904417774247,12,0
80462.08470187894,5000.0,701.1643063469575,23220.4794676727,60,1
63785.337109859014,19761.132952590862,652.3404510744131,8831.144225996386,12,1
53325.75309665204,111622.8674877093,628.0378159268396,30393.088317650112,12,0
121405.86587158674,63784.25176907027,715.7986829774974,11977.30849622624,48,1
39751.97943628344,27603.09943190267,723.1718475862132,44128.313551079846,24,0
47907.72032804908,62546.45234798591,597.0369887298298,16625.12968863249,12,0
119746.59906614202,67019.91430959888,564.79468623575,18579.73907758214,12,0
35038.1608545043,79832.43260270715,523.8081023162358,28903.827295133407,84,0
43496.54151190384,46185.31911629809,653.3454120201485,32177.752901824795,60,0
55589.2372970745,79294.93108318668,507.6839722851435,33793.905202869966,36,0
85222.03446388648,5000.0,659.9428458229035,46633.820495209555,60,0
66234.0752205994,18310.756085727407,771.6836791424439,29928.282851060507,36,1
21221.239585432122,54916.14205209367,614.6540229713715,18995.20266732927,36,0
44034.94310618431,59889.00598423374,596.3795719459837,12055.311268972742,36,0
41779.367003633655,22646.531369940745,849.7844773627145,17992.575752004825,48,1
57683.36864330863,57782.59973789477,800.9701819187646,42260.24735643326,48,0
72775.30975889487,31284.79253938219,573.5402129444586,0.0,24,0
72546.17267663917,41691.227173185034,663.9013181058975,7714.878253113588,36,1
20000.0,80743.21401995033,682.8678242348083,16715.19884699657,48,0
91918.22962682569,77268.12490665799,670.3660422726178,7515.2679567989035,120,1
67577.0653798987,20088.190179102126,831.4673447712787,13868.420227367775,48,1
101535.96142781718,18282.456139396898,658.7229892419421,47093.518075197666,84,0
73325.94981872015,37664.79813340051,673.7234875631017,15528.60440555061,84,1
93039.68873207286,49197.610964812244,718.8662295146416,26174.728477444172,120,1
73996.3593435038,30263.045342757774,768.9919716047667,0.0,84,1
100386.77268608245,81219.27328399004,743.6899194304106,3463.440960223048,12,1
75667.51908053336,60421.69525125666,703.8084786311639,33990.254144330014,120,0
57062.54260671288,62182.55329623287,494.13001946060916,45020.42657817334,36,0
128173.04161340646,12003.835131650849,601.1862275941573,23321.158959327862,60,0
86671.11366839676,85018.72152151339,731.9421207205271,15409.75610915502,84,1
77212.3326301324,5000.0,675.0398697279305,27442.42446333214,12,1
21710.86750384992,75021.66355548106,732.6128633822952,0.0,48,0
21350.77147609387,78029.35213012314,838.7166061671248,23436.82015277064,48,0
68781.46446425561,37027.96438166115,532.3036794940675,4308.340998387479,48,0
64365.635933047226,88187.30651742272,763.7910174804583,31911.394733360627,48,1
41576.323049750514,48107.07341136961,616.9636537506369,0.0,60,0
64229.4809883618,51872.95109982329,743.5349819274732,10574.360361360794,24,1
107658.80784130788,60185.86362212649,645.8779256631883,19385.362428380075,24,0
80862.07423650895,145597.24735433166,850.0,8573.13225566069,36,1
25769.74470741785,90333.01724249014,663.0086936261738,14367.733997177867,120,0
56654.73518571169,71033.93602138755,585.948577564402,33566.515260147615,120,0
35851.00557442318,22615.86540196415,691.9874622791767,19632.55978224113,84,0
48369.002507743164,54307.69476438477,682.394278071827,6041.2879255313765,48,1
47591.53003111071,25606.277184608403,763.8097094110448,34106.000990116874,36,0
45670.632521879845,74663.32541848438,694.8052798604925,23764.713036067435,60,0
22345.938840798153,54214.0092720457,850.0,24387.312193774953,36,0
56170.3595544543,16264.349611583144,638.8595864597728,6612.33462157844,24,0
43181.7708945807,52433.73750255509,640.0380050219526,0.0,24,0
20000.0,24517.475908510834,589.6113949946946,6408.031499654415,120,0
121589.1607350499,54536.48664012641,658.5668338354177,4881.971329467751,84,1
92663.08962650016,24227.680509042304,673.1059121082955,10800.545642289173,24,1
48710.97825225012,50824.62900082438,678.1210529955878,7372.165010115423,36,1
60564.571492217954,72514.09585805284,656.7187675493999,21690.47763570449,120,1
24850.369580473147,48408.44024224682,589.0178783272702,33213.162065685545,48,0
110871.68633432596,38273.35198482834,561.8334871917644,36142.42141029319,12,0
116918.66084319336,56098.28663172388,612.4826275164444,32558.177875454425,24,0
64700.81184739574,70915.47862378559,764.1537660235114,6535.62536282443,36,1
90705.91932556033,16784.501903547185,785.6799685491479,20883.511899797584,12,1
65258.60336801771,57819.68464115608,642.3035463559565,43477.48772255078,24,0
20000.0,89526.224570522,555.8417033532576,0.0,24,0
47645.29893109028,67209.70889830145,641.8826389683209,40223.450666376964,60,0
63957.83900315871,51732.62440001684,850.0,5058.44995415481,24,1
46363.568437696675,69192.12520096684,749.8967835316621,24406.479313761243,120,0
53440.401676948924,63574.893683080474,705.0742691532547,26191.776754535433,12,0
57258.01327472657,72608.03327479442,746.2684917052569,22848.69554854206,12,1
57573.64506403616,5000.0,804.0566611341312,53427.09341303868,48,0
61567.75471492449,5000.0,534.713379845288,15487.521492930611,120,0
28181.848008101973,80144.87448449711,610.7960131302877,0.0,12,0
38489.515526161915,5000.0,597.1278367163185,25346.70601290268,36,0
21462.47202900092,62046.159071576156,708.7114397070983,17449.400229133105,36,0
89334.46649058601,39438.51031903125,666.0110890639597,28322.018123287584,84,1
20000.0,20114.322632120093,725.6311290689408,33231.42862810599,84,0
94607.71029950777,60489.49271442421,599.3112650132778,19494.654924433056,84,0
101590.4819178853,56031.00511149712,787.1952050679156,26544.656459634472,24,1
50934.58239052136,113310.27956289132,643.0666291850698,22163.568983555455,48,0
20000.0,31255.663863923324,719.4545551958183,46878.31166112068,24,0
49160.68314098129,93203.3036020752,769.540649892294,14441.57370698502,48,1
58074.475161335424,60572.68743152943,761.5124315494968,9693.947029852055,120,1
29682.0534021326,30169.34355371863,686.0828408401796,33210.96354666842,60,0
44543.44818575271,73977.39372551735,731.9346906382546,6062.302769859252,48,1
105905.85596590054,66972.15513361854,824.1660663972286,25882.367083738187,60,1
79947.81486905224,51075.298845741476,701.3601233974696,17456.162694962688,84,1
32263.076568657,57988.8606932187,577.035359793842,18480.189731871003,120,0
20000.0,32090.38906863405,708.3050730963885,56559.56936015254,120,0
50189.48047170687,25226.386242364795,646.271878198041,38511.30117383351,120,0
53596.29661948685,72783.26521467749,415.1998865595656,35323.69299979148,60,0
74885.9756208995,43281.81727060178,696.1998023703093,27958.5596071546,120,1
43940.49862297023,47597.51005252723,661.6650650015607,9627.288178397368,24,1
75344.98726085584,58394.64787832832,765.6417771497438,23922.22530106581,36,1
118054.62120180688,57958.650343514244,574.9906342511694,28749.864512430053,48,0
84465.03067332788,7120.20587077806,499.42903376206925,22984.78145209053,24,0
58557.34478007682,88587.56259364577,666.8680859410509,21421.25491015942,60,1
54505.485868401156,53635.46455702035,688.0177387605446,14038.260518158924,60,1
49299.80597460386,43920.40211533552,659.3832945385569,24101.87974521924,120,0
95419.22737356434,62925.380155092396,652.0708683685403,12116.429728197101,12,1
41180.596621460914,57096.26580844589,543.1273045793673,30551.347693508906,12,0
61356.68126999948,73011.88068469106,636.1082863025076,0.0,48,0
61535.93705643256,66139.51016452824,615.1594170495584,40381.15349674913,36,0
44946.474215654045,71535.386869888,757.270874076744,325.01147198165563,12,1
20000.0,90529.81717182547,687.9325364030615,3991.1746389566433,84,0
69689.23510853005,76508.73646912916,622.2002878254805,26132.81278432519,120,0
58169.88084433849,45185.41339014312,822.3884876422766,28099.12745531994,84,1
75007.21408309709,16312.965317695016,623.1092323784991,51174.16964606554,60,0
43991.99080682499,100033.93799013546,705.7786723886163,24444.26793963689,120,0
96624.63896439143,42868.29879958662,633.3078666410718,19393.17851010749,24,0
33696.78656364465,35806.77759918433,813.1152515028004,22869.490678142363,36,0
111361.20852053678,5000.0,658.6859775813612,43857.316419316674,48,1
20000.0,60154.19315936334,661.6414227890674,56365.9998599657,24,0
73043.10193670673,54466.5981186131,636.0129641227286,17227.99551636522,48,0
74262.9204757987,5000.0,669.6511926001215,28141.58624258169,24,1
36133.28796177353,63598.22126399528,769.9537838647909,18884.1622325671,120,1
72731.81813583037,35054.24237895683,734.5843844684688,18586.004881192017,24,1
98385.56009280476,130709.45021866082,652.8076181116171,48185.75935797151,36,0
20000.0,32919.16423727396,820.1325106456654,6114.024142047656,48,1
75082.34422472444,36944.200034066205,737.2985641342569,0.0,12,1
20000.0,23756.71327236897,606.181888080265,24761.6653856983,24,0
31030.055894303758,88336.29563125916,511.9651646266062,38015.09793143111,84,0
108874.99094702836,38816.72616605741,608.498619820343,23298.449393765462,24,0
42546.53899823838,28252.5753870351,691.3348778550253,27533.053268120177,84,0
24783.601067730822,71208.65029761627,709.7200370631426,31285.9007169034,12,0
54061.868130459545,8589.411937604447,785.913768330202,21663.666101144085,36,1
122037.19014490656,68753.31638746843,540.5454024881,28344.61435172488,36,0
20000.0,103441.99149802573,606.084466605319,28094.178479804898,36,0
28460.702650819665,66998.23498505267,532.2357330125487,0.0,60,0
104922.9504953888,69136.94948779774,516.1200788420555,21708.003405946874,60,0
115731.07030613197,76101.80650722451,587.2181254046682,0.0,36,0
56897.06327129148,101291.24086026556,686.6612244294021,19427.427423388664,36,1
22828.418924200727,86296.81880057312,727.1394434890316,12570.785767408486,12,0
122875.30505427477,63190.09166819071,555.1645893378326,35510.16881551742,60,0
107833.2717524759,77116.74201908003,569.0724080612761,23666.19138814996,84,0
80368.40963286698,23421.95223604668,472.01768246765664,27097.89269132343,120,0
35627.929531877395,73288.80772241966,671.4352208276996,17128.23923056624,120,0
58529.1197748589,19833.32086448757,576.7861098029261,35782.718939095445,48,0
55189.19756865508,38989.3274410512,816.3031378211847,0.0,36,1
69925.53913846733,5000.0,690.9808799649595,6567.463218179908,36,1
103530.04314394009,62042.88978102386,632.8554256543225,39294.606824132046,36,0
86382.5112341221,30683.83966674942,585.8887572455548,13465.272513017237,24,0
27678.71769045725,83334.35645613389,500.5329779805771,0.0,60,0
101294.89350058613,61705.77831816208,513.2128223054569,41789.61914920828,48,0
69393.96420039466,83722.87684104877,587.7859045427865,36154.04107039697,24,0
80611.9738757675,17492.103659823868,580.1097117975695,30664.54109916099,24,0
103996.22577835809,81151.58111478898,550.0828157154006,21416.090104275536,120,0
26652.592514593467,113175.69033089982,687.7094727442344,44911.20527238045,48,0
58925.23263880611,72924.74899795683,701.426559241486,38879.27643593752,48,0
44056.36345922355,73710.47026076866,604.1367602698272,43217.841031880154,48,0
20000.0,55087.93029184805,843.5152268265317,30432.507206708462,48,0
70401.2993281476,34259.936583039074,475.32706334839077,21841.937768766227,84,0
135346.6965475327,72835.77118104526,655.8163898972264,14012.526934778012,48,1
20000.0,5000.0,628.1419795912075,966.1423630119243,84,0
59031.58166851589,37467.34625237551,594.9299118032743,27530.684231995172,36,0
79216.28805224321,5000.0,580.233715398694,28780.360021934066,84,0
63692.34604968543,28890.308680547514,649.3040117087642,14753.280021390143,84,0
56606.15842452779,69261.35275680684,627.4472172678271,29205.215421749504,48,0
21023.509096625276,65161.801286613896,610.812347288744,15017.332526012844,48,0
66983.60228820491,51527.41086606418,520.1280365010625,33011.41537020441,60,0
37297.080689522205,55112.02982186032,488.18881821895013,6768.390602859217,36,0
20000.0,5000.0,621.1483524804435,4173.326974869471,120,0
95837.76661541192,38823.13158287255,609.790389550347,16391.31909172029,24,0
88751.57459526128,29559.4518069437,630.2963139723172,32431.780932534297,36,0
61549.829305532396,30228.209284563774,639.1378202110491,2618.2180301146473,12,0
66872.24064617108,67987.3588344126,597.7497658117182,35745.30528513793,48,0
92229.54038146684,24184.780204840685,628.7592576181794,0.0,24,0
66730.18970334248,31859.574496177673,564.6471691896505,16298.81186608564,12,0
87120.52664283942,5000.0,802.3945809163283,0.0,84,1
51075.53397378449,41176.30458871491,570.0259851850032,0.0,24,0
99359.5121572184,17364.873568591407,612.9019290534659,25496.777071628807,36,0
69623.57177798051,52376.08786068931,577.621121088612,17332.83337053328,120,0
65821.55830817622,21466.75859772606,575.9418459795097,0.0,84,0
21898.16733863904,53136.26736647649,652.4641566637947,12250.792130228305,12,0
68608.67562905126,45659.4271777297,639.7765790116988,26627.378403939707,84,0
35041.352475166466,100161.25319126961,604.053960962479,14477.754995162462,84,0
40851.51820414518,64916.53941359581,621.6524008445689,17019.78326647402,84,0
35538.73115051637,5000.0,578.0186449006729,14023.151445154246,48,0
28012.952043023248,12053.334676918748,690.1725637726161,11265.468028550606,48,0
123743.14209050885,51656.240269769994,850.0,11069.940878853837,12,1
99940.1718596521,22104.561548220478,562.5158722766781,10629.539505563966,36,0
117611.02506432784,5000.0,689.3963223734605,8702.85685890389,120,1
23313.149413333085,90486.3894150123,654.4948957020711,4740.581034637962,12,0
62137.61249732677,71606.72050716223,716.862975813259,14304.315234232563,36,1
21194.771243877127,65629.30620475314,719.6792960496072,10401.082215079743,24,0
39129.15368408808,31780.30863587255,670.5412697218661,3924.5205422646013,120,1
32456.190497502754,62830.30313029789,646.01794238849,31490.219830354294,36,0
97187.52019324685,28869.19027337355,606.5549800351554,38489.53957875073,12,0
48113.10965694721,56145.71900653072,573.5039646891364,19998.458380949003,12,0
92051.38001082049,22382.503224905675,640.3154339048215,20997.094818962585,24,0
78123.62668765555,95488.65351668042,521.5411168582319,9611.540511956036,84,0
129109.16256314366,5000.0,590.6144009882531,36005.47035186496,120,0
20000.0,86968.51488532493,760.6853624472569,46072.716726145096,12,0
97776.99719360397,51167.474840519906,659.8512221079691,17543.09256461507,60,1
94393.22611202183,35315.99013974028,739.266441893555,12178.302074112175,84,1
30798.634859188962,55010.08765087215,796.9643886658424,25122.12898932268,120,0
90214.00009419478,72000.44021534543,632.2970544085183,21933.965660575832,120,0
70084.34889078686,91002.40210083191,670.7325834193641,12497.667868140656,12,1
53175.712201397764,59394.29069400596,619.8154105847244,27067.937495485254,60,0
35281.93539084001,23279.117442131683,568.7394239524393,34072.36411084846,12,0
38426.716456524424,51668.90371297365,554.7031740667595,8212.723980128305,12,0
121494.36287357777,104503.79709987118,734.3150372596491,58130.509695734065,24,0
60020.48456872448,90430.34256537873,670.8627280485648,0.0,84,1
83463.90004594377,77262.90434373076,834.6603072081052,7224.639104886486,60,1
36273.01854997341,73870.61060367161,747.2052012923891,23509.52045453545,120,0
36604.411613350836,70983.50271819625,576.8787010463632,53703.096775648235,24,0
92459.54427749827,84762.6450352961,734.0342180226771,11561.139624790627,60,1
20000.0,36301.13642834284,619.4924460897745,4013.8053110661967,60,0
47543.58696284185,9347.418026749816,771.6859709129002,28238.622176431185,120,1
61020.822332166965,52070.10502211184,601.366612275698,16271.083884228934,120,0
63341.17805520157,25472.55239666927,544.7574039757328,29978.83542431648,48,0
54627.20144951531,18349.377338684466,570.4244922938591,18938.291751493703,60,0
71874.5934328777,28391.642702362045,575.5335097585087,7142.5018680506655,24,0
80785.67267453435,124559.41773601058,565.9748235381336,55233.13955621345,24,0
82039.1263637799,54083.739022275324,592.7391724394893,0.0,36,0
30425.8857399652,60857.23509082964,735.6691870325237,47303.58125524658,84,0
51475.34706213608,13329.115789872376,829.6044208266185,33998.9285635089,84,0
95842.88585630813,5000.0,516.9810484446496,8816.16062709178,84,0
86839.41562721616,25428.420706435823,776.3513042833149,48086.301572506476,12,1
20000.0,93145.86755626244,602.2296284025572,0.0,48,0
70544.39701056606,60028.26398229563,684.7882531202234,35121.66443011287,12,0
20000.0,67957.85274333176,484.5853969426703,0.0,24,0
61408.04706181109,72156.98117606185,702.4035017344856,2811.827105444372,48,1
116933.0105023793,32259.518606051668,449.4687603183937,2774.5726152818424,60,0
31563.218481930413,91638.96751920102,681.3935072310165,8740.150093568018,120,1
34970.30863525254,31015.772023334535,675.7256047029337,20173.716730679873,84,0
82920.89344718578,92186.97077787659,669.1007634295468,7610.354538377633,24,1
20000.0,63269.06468406022,576.5089849367071,0.0,120,0
41017.349103448825,5000.0,704.9526674429644,26951.76153051018,24,0
77893.23412745258,27559.71540198395,689.1081509416717,20734.263843912184,24,1
40971.42456931791,5000.0,629.004721635888,26133.9101134727,24,0
52920.90038367085,84898.46398382625,717.1850307175193,22578.768638989655,48,0
82325.57130945104,49257.93737592797,640.4395853434495,34313.52922977749,120,0
72646.38250609684,5000.0,702.8777158908762,18867.764702583452,12,1
68004.55188886206,61272.40645158975,637.412067260591,35187.80952215465,12,0
49826.33162189884,33885.072128350395,671.6701991109541,8364.550278481584,84,1
71101.83345806866,5485.824349000301,707.4722941075262,9219.944309917206,60,1
56288.019597007304,100338.9751090609,610.2087426381966,40640.59093097289,24,0
73734.16829777355,53218.57598289736,526.6163413745804,40335.02987340934,120,0
45092.039246460656,41197.057930600626,677.6079005548155,28606.132141712493,120,0
54522.93076861377,38017.256570419486,768.9391378612929,6663.381307102885,84,1
30301.266223439583,5000.0,679.9150972957445,5455.513470563652,24,1
58949.771699812925,10863.533012476713,681.8142314696373,39920.95943541906,84,0
35669.97409113466,88547.5035462525,645.782389350336,39089.973913672395,12,0
26578.6064951402,35783.51390642843,723.9118652773201,19046.309634948124,120,0
67759.83443566164,50662.03102810591,631.4064583862063,55128.2739045478,84,0
66382.1932757298,5000.0,604.6101218873139,26883.50107919209,60,0
83486.21204845718,10457.238926134829,760.5298252874866,3392.0093895332066,84,1
47066.23291274703,68294.37559624258,596.9461681707318,15865.533504981626,36,0
72241.58540510267,61331.35280341501,738.947094645175,20082.058670080605,48,1
76523.92716820989,102601.25596172948,760.5935461957708,21295.9795512367,120,1
73343.21423494784,90288.68994893678,706.6816932062061,38750.04826777561,120,0
35230.389515935734,43078.67082545531,525.0764480427367,5655.666310034614,84,0
64480.90446813567,64188.60694139813,652.7154909222497,27.315513316749275,120,1
70924.20888163985,40501.89671290778,629.8000002941383,29034.85524507643,84,0
60215.35400723826,111644.29455915946,600.4000744664687,12395.232366112194,12,0
20000.0,84470.440881572,664.2751587346428,56352.59185200237,48,0
64814.6887192044,55090.55272573254,726.9206347497548,34148.305722134486,12,0
126375.93118191726,56011.84354629054,604.1447339868802,12119.053214896398,60,0
49198.821937290515,93345.50861779423,632.8617325726326,38192.80608176309,24,0
38157.68706434037,67387.33541341542,625.8941066168012,30956.161926245084,36,0
71200.45679134195,96758.84051210259,766.3871045544312,29505.45721194917,48,1
69371.34631399716,5000.0,624.2899382189413,18166.34102617261,36,0
95782.05496249243,63836.847844963944,526.5594342238254,26306.762774576986,24,0
22263.955322733367,34536.95405955845,492.6565161009486,0.0,12,0
81941.40757724977,102691.33962883978,686.272956656597,39756.341063330765,60,0
77712.6618375439,96391.96061569487,573.9318260114098,0.0,24,0
55735.60389178362,50985.0742730392,716.8724505272478,13368.153589611273,36,1
70160.6195376507,96068.92936433095,516.8780011492869,0.0,120,0
90883.72444795072,103493.43559977518,596.1087833389392,12487.23288152715,36,0
86169.46140085351,52232.20015778442,516.9431150479852,18888.24091381842,36,0
25709.420637788142,124158.01317295573,693.4610715548923,2048.096991256829,12,0
84604.74560266454,49059.765419908326,714.884754062465,0.0,120,1
58059.341849024444,43564.371489922734,683.86251576366,23105.98586211587,84,1
62186.222940465464,75976.1776575303,541.4063679596157,51296.59673041843,36,0
62195.90973005084,39386.278065730585,575.4236255889334,14730.7974972499,12,0
55492.7103360522,52560.19327384682,673.4313988611553,34389.964343387,120,0
95751.22491321195,92283.0327215273,481.22585918756363,42565.7725633533,36,0
57488.46120452364,50576.56556651811,625.8865055612097,0.0,48,0
26413.616148504938,5000.0,801.6905353335882,13140.872727825186,84,1
48194.10432090813,61019.5816354759,632.0044450819626,854.2158246679792,120,0
65360.84150431427,29111.192628428158,501.14553609680485,7905.844430327541,120,0
96876.4435289115,75958.13471883637,589.2590752323865,45530.17551719944,48,0
78092.840548465,70885.69147478737,586.9307674322424,23355.192296362882,84,0
34483.94163758868,94142.01044499566,850.0,31832.35401567761,24,0
134555.69750036675,77225.9690237809,816.5679080513896,19341.51341054322,24,1
67943.25932933939,82707.32850974194,723.0935434101578,1841.7103139668434,84,1
98261.72213997044,29927.0971958686,615.6924069258602,30171.73545828059,60,0
55448.566992683125,74119.59487671507,770.0629660979723,38788.63057164232,36,0
76000.77734116348,109053.5386808087,536.6540360949541,24760.613242529857,36,0
85184.05513555215,29340.502740896984,757.657531524426,27336.86542639902,12,1
96545.84135262767,103992.14875181294,742.7973537420044,1477.979204498235,84,1
91721.04916134675,33519.49726396009,634.865426535072,30602.954497238392,120,0
86165.91000218934,24440.862648500774,763.9186313350772,40190.207343895236,24,1
50547.39806417674,58886.01330064514,605.277887053615,26068.7821140718,84,0
42847.61874131816,71477.31248386428,523.4914401901766,0.0,48,0
69978.22530972592,77352.50371916794,747.7965012999921,44534.44251162922,12,0
87993.84217023208,21147.127376803946,641.4757070860541,5827.641595343541,48,0
53318.37897670179,63036.20291762871,710.1780603298668,25816.802403348673,12,0
91955.15897143159,29433.362855494845,832.0886591559406,34294.64402841378,24,1
103578.50236458538,5332.332317882705,577.7745927603703,36194.274830764916,36,0
32510.372427797407,22137.91053401646,635.6620495160025,0.0,84,0
34892.378886111605,27472.989021325455,806.9634504577714,21758.258841094066,36,0
55788.748232839906,65647.85481057521,716.8731730855284,20765.324163239133,24,1
69228.38004567589,84566.40989206007,580.0217255795403,41585.42281589768,84,0
44262.98958698847,5803.801103742,554.4982296460521,26880.853136159443,120,0
100566.08036601433,60558.83222624167,597.1919359896655,41721.7649156744,48,0
72722.00584555353,14699.054426872804,576.1585295197121,28098.763998277303,60,0
61183.411447222185,68872.56227042,673.734811948953,18887.50693158174,60,1
20000.0,31318.082569887563,657.84345071976,22907.891323072392,24,0
20525.52550717479,18460.129459301636,677.9237754275351,42853.95375653694,120,0
68430.2775084542,73989.93546042724,565.9187198440218,546.0224674812671,12,0
20000.0,32392.321836647152,642.9166092474745,33589.317651807985,36,0
90379.12228932216,40521.08145941905,444.43002260437834,10585.760131688194,48,0
55255.38466883039,5000.0,664.5006317361366,7362.813736269452,60,1
157292.789087842,78396.54084270421,767.5440644955866,35351.3954992426,36,1
129237.48751848332,74627.25563507322,507.52540906538195,6753.691174835094,24,0
54556.527922574496,50163.73532843942,698.3428230647461,25656.120753879874,36,0
56809.88992406055,5000.0,588.8985648239437,12665.878667603527,84,0
89867.44542006089,86281.0753500429,730.250115369337,0.0,60,1
111095.17829754113,30012.098409176266,665.8647451212279,27165.73970156523,120,1
20000.0,36399.39649698236,690.470411266044,21894.819094351842,48,0
20000.0,119361.32169078593,656.4823898755441,0.0,12,0
41338.955833368556,28890.90667672311,782.8331806384352,9521.156876917072,12,1
77482.12749521593,72266.29887279501,684.7410477695103,0.0,84,1
74906.20771522791,66862.76786247853,579.4576285997549,30975.348309446195,120,0
92093.1436495155,61705.165786402555,659.8715052321004,40819.898040651446,84,0
24009.074149040753,58460.01627663533,613.111895703395,32742.359075692788,36,0
20000.0,61291.65685667598,666.2399906519589,34836.952352001375,12,0
85740.42585906436,58158.21772821621,608.0230287633187,12232.543914997786,60,0
35154.11181104297,48442.449236718174,582.3189264453686,28203.92016665562,120,0
20000.0,95338.49372332226,669.9272212748446,19863.97054786759,48,0
64351.912378781446,10620.183176021652,655.5789628616553,22779.717741332293,12,1
83795.27064656033,80643.7431204613,756.3955845045848,34361.47190681784,12,1
56338.28603636168,74670.26896062655,608.5044120867187,37632.311309708544,24,0
46264.54841452532,70951.97363988204,451.9146152504693,14153.654155422264,12,0
55219.133035622806,83509.38282920385,613.6129201536687,0.0,12,0
48882.51712797651,47222.01814194821,487.3569241083423,17188.931979607158,60,0
20000.0,5000.0,691.5671974096576,16710.90072029174,120,0
38559.57969028705,47831.22020856543,482.6102071651212,24268.968200212345,12,0
75638.39715041444,20264.17347126337,551.1628937585899,32494.93877696184,24,0
69650.356241295,28044.223704258085,613.7665541725137,0.0,24,0
65041.79417900461,12727.409785027645,804.3950604761145,9936.296732127861,84,1
30145.545544398617,35679.654246684964,542.7109884285082,5541.677160238392,24,0
54554.905135929985,32101.289180496526,651.2404983146586,38763.40683037686,12,0
20000.0,5000.0,707.9976576957259,16874.436599714187,84,0
65354.29991656169,71006.65733846868,798.4060553220697,12306.746456573179,36,1
102865.73123440702,116609.65574014647,727.779475172141,28074.525386698668,36,1
20000.0,68187.11580488866,759.3906951632465,11104.90473625966,60,1
42422.16980046734,43912.28130397317,736.4307058851541,19772.07834804726,120,0
69873.2033613039,48357.60812971353,529.0877028603861,47211.068001680396,36,0
97585.2790328245,37370.42395960472,685.9692104317047,46794.35485829966,60,0
46553.261510995515,52701.24751600875,734.8660952172222,13889.235154057715,60,1
39232.49012202311,48889.75717780299,554.349971032598,17264.57296760634,84,0
20000.0,24768.547088051168,592.0240123275977,10714.572489037919,24,0
63103.143879243195,100486.65166843493,569.6807704872944,0.0,48,0
121262.28120431233,5385.372928706871,727.2622985968034,35542.84017645077,60,1
68320.75385894028,71549.9462958274,643.0718879670868,56320.13175007646,120,0
59331.6306244886,46964.07118047404,617.9154105664903,13348.258435238404,12,0
69662.46932300956,107024.95445197234,521.8330083347012,7748.094090660925,24,0
59667.23988154194,60225.93797744664,643.2605746806207,15907.298054899902,12,0
35609.568832196106,39202.83388450255,593.2411645015251,21275.690717428777,12,0
84698.39747033115,42568.784046965084,674.3339565264163,2967.048346896794,36,1
66772.84569335263,51197.200835592834,535.7032801354549,13122.82308523803,12,0
60528.39755800972,15716.279150107977,667.7906259506201,35223.458809070275,84,0
30739.0191816525,26993.91424646265,606.104922950118,21910.709517009072,60,0
99105.23795804277,5000.0,525.0703074264853,39055.7904219347,120,0
79941.0823599933,22310.693048777182,517.2715962121854,25471.517792922525,12,0
43412.37487898094,52817.19444981349,532.2979611977306,3666.2409684062186,120,0
90054.7456104581,59005.25147853563,629.3600942559458,11359.790349203611,12,0
45072.87484844378,5000.0,662.09954343635,23726.180953317224,36,0
36539.895224668886,45883.64890867399,676.9823632377181,3161.1608605833862,12,1
37208.906475591386,66902.29852466397,680.7552917728448,1215.2040063409004,60,1
20000.0,45112.63419871294,574.14767390208,2116.9916995141175,60,0
74146.27141254616,30986.340626665988,755.8402908095176,27737.065817207236,12,1
20000.0,37635.165648553586,605.7774473991847,14506.399768661933,60,0
23146.68506202712,33777.09935068334,695.0149760059732,37736.624466394205,84,0
20000.0,30898.083226758285,633.5844566506183,6553.69425580045,84,0
57417.909216273205,55214.70575734545,687.5621231703042,0.0,60,1
55490.386191843834,119230.64683206353,628.5671933855086,18039.42321795177,36,0
50199.11360440908,27689.0024928445,689.3634876574566,44713.32545590731,120,0
28722.669159882713,40455.721020157194,649.2611130119676,20518.541254229087,24,0
24832.987396900797,48449.06181874305,731.3840570650689,0.0,84,1
73931.09590639723,29379.366969251194,568.1314956788801,0.0,24,0
43483.44204874537,82947.0741057028,473.0108664109422,37968.528708852355,48,0
69490.74964608434,5000.0,552.6642580565904,7888.448428371328,120,0
33442.53941627333,34068.22488863973,756.8918415238034,43126.92991484795,24,0
65431.88228313247,74549.41208959886,634.544118011226,29811.401732769256,84,0
99098.34111948192,41177.170748340985,659.2062295546563,8456.469283929726,84,1
77584.9740117835,25374.83123449126,544.6363385953613,37507.052664674615,12,0
47627.585453505584,63222.702633162924,656.5553725150279,6141.542701050967,60,1
67715.96911067782,77190.29706191456,547.7187355927304,0.0,24,0
52780.04476409361,56319.06335645175,562.4218724947245,6998.8190998333175,36,0
60236.40554084184,25963.3892056135,609.751631717612,31531.049773853287,48,0
50231.668435544896,63686.099574552296,694.5097257842145,37069.504835020045,12,0
55069.94382343826,37938.520991756304,705.184758064251,14059.591056981328,24,1
66362.80059222526,72355.60645681483,707.9044897937837,0.0,60,1
30199.23901254148,94497.76654569773,491.1915884955626,0.0,36,0
29523.63519030065,5000.0,649.3335499609739,3985.3164221095485,84,0
20000.0,53332.02419586898,630.3218166617264,590.0468112481394,24,0
20000.0,5000.0,496.78175839185445,23981.455640968492,60,0
23481.519233385618,123253.65755989312,651.5983766722198,49071.73767086677,24,0
64783.87520412388,35956.26398611429,624.9572782563239,31936.648610383814,12,0
33216.37453524348,72391.19725476117,701.1525672117888,3076.53732513891,48,1
75408.43392693289,48940.49421215313,658.1247076239803,9584.36351500167,120,1
61041.41246257685,25907.462578428214,595.0679469716747,12510.639810517892,60,0
20000.0,22338.408584677196,742.5762450456978,25838.21250489629,48,0
79649.26752665068,97570.37519302277,427.87664992248756,43568.821037780144,48,0
84323.95936775129,78678.14180534933,643.5734871570389,12988.99430823719,84,0
30184.119754954398,108307.5226213269,473.6749068008064,43081.65936602283,120,0
72605.74628684975,51663.600054730974,558.780672879388,51558.66437633342,36,0
34305.05287772403,58637.58863738001,702.4813703009349,14751.397005669116,120,0
62930.11130245006,41984.25303034135,522.5802519559197,14365.330684080382,60,0
22065.047791351033,41387.533906549725,507.6282181296065,14590.70948913325,36,0
20000.0,18743.39202567895,850.0,20937.349785318296,84,0
48515.48431161094,52520.305727730534,514.0710948579836,14627.313548272612,120,0
56288.131611754914,26322.60215341409,815.0520903087973,33262.661920839586,48,1
48069.609191561874,63257.26766492608,632.7797835420739,0.0,120,0
24479.083253323217,55100.30656940629,597.5170878561024,11980.668570558322,12,0
48003.028136065885,58630.46131027167,706.6786390588205,24937.620096083534,12,0
68078.84257742202,100253.89819070678,783.6594075544499,33051.26760740767,24,1
58653.20909632389,48868.46150703226,535.3932057891672,52929.27595521111,24,0
65475.0309179764,72701.81008560285,598.9750210271469,664.6215855358823,60,0
39896.54398637301,111545.28392256744,734.6869734684252,10219.36378719116,120,1
95151.53744148479,89198.51207885143,678.7994312427,0.0,12,1
24714.79990335658,84595.09095364534,760.1917830641382,3351.9648897070365,48,1
74626.80891260155,40799.353534385,701.5111954431779,0.0,12,1
95456.73278879884,56889.291667033904,830.8224009149149,12180.53907403507,60,1
74427.24278246686,10451.711239101744,667.8588598833651,16574.51611037553,24,1
53924.2731880551,64967.43202893244,672.1811148330962,27041.813597563425,84,0
44151.08860011063,58233.80532841525,682.1721372015799,15521.007045201173,24,1
91082.62953138768,50701.55375468543,635.7511148273442,27049.05620618231,84,0
20000.0,80815.8436472858,734.8087158800924,21711.112506409143,36,0
30896.272188610692,13766.755327268103,673.7041223863026,4500.15191374725,84,1
48073.267035248355,99045.88553481041,728.8180009145144,0.0,24,1
97129.61272535994,77052.94063820851,744.449985362416,28755.229998440987,120,1
71393.02908122688,47880.980610440776,692.8454681560328,44697.544775217604,48,0
30958.62724469264,45538.11236547819,700.1716324234196,58030.77517523024,120,0
50690.76883845289,64418.33645745783,548.9670212403466,34031.820518519315,60,0
41570.30567711117,95625.53696191339,594.9646412180178,41862.72817916093,120,0
38706.33023299395,53048.231560700326,734.3383452990731,26921.895560584027,120,0
89366.68675670338,54320.92705937679,792.3631181818514,24530.140783853174,24,1
20000.0,50543.55432877614,455.95697744916396,21665.015356872922,24,0
108263.42567203121,103460.72338104418,593.2136852748586,18412.855339687037,84,0
84846.89070553868,38933.506911889286,652.362060241465,29106.148331437023,48,1
92725.85011811095,49114.77204142786,562.0725537919323,12191.043779529144,24,0
46111.81463924225,93903.06962782983,567.7480355818317,17788.36322619212,120,0
55501.77842762672,54410.32500838591,697.4919873793805,2330.50575553417,48,1
20000.0,84111.76580136566,808.1375969171434,27123.900035973635,24,0
44260.12778799591,22661.598292911243,446.8176443677859,5613.536882802478,48,0
74809.64542929453,43841.22435114458,632.9523851018304,20506.17485720319,24,0
98881.89185344189,94533.02115320685,696.3280341790388,27507.366404635708,60,1
26785.295495926446,29709.808527093635,728.0213972200241,28788.3714705472,36,0
49034.82189044202,45461.02880690878,681.9127343069039,31572.62806723152,36,0
55461.02339302433,57700.55692674436,826.1402549936115,16800.627122779162,120,1
20000.0,20325.3644602104,652.8906593325794,27290.956690845313,12,0
77740.47725275201,37585.69644134308,781.1992790392097,12700.62105331694,36,1
38280.290047721726,53379.100454769214,585.3632329654031,0.0,120,0
54138.28946468928,51400.45202485884,655.798294658885,27954.639106123395,48,0
46441.518842643665,88410.56062511407,528.7284924201149,24477.32160296213,48,0
36319.84482840977,96243.7158449676,740.0864440548994,35199.85254348704,84,0
59788.65043558336,24317.45383997266,637.9557137358823,19620.66930692598,36,0
53531.712642959326,53338.055575024686,685.7821062519898,0.0,84,1
48844.263531640034,70227.44925274297,618.6631368714926,18625.538234536663,48,0
38146.151349589716,95490.42397397592,708.6428501659016,33298.708471095924,60,0
69585.74012348866,71554.70891951388,689.7433973855752,27140.522131946407,48,1
109608.51805476856,58727.40204776995,550.5348570028793,17798.831406577465,84,0
64196.61698517382,69996.27595947892,556.323256741699,0.0,60,0
89883.54644733387,70213.06503008779,647.2231269658648,4609.74567644116,60,0
20000.0,22168.571231468948,715.9573957406658,27158.58292777052,60,0
64732.843178813084,55783.963775188065,836.2895553113848,0.0,24,1
27078.950430868004,93774.82982566074,680.2990856665729,15226.32627864747,12,0
20000.0,43779.29693917986,750.753140248854,20576.332684646328,84,0
37818.857776228906,53883.399276423326,488.7149065235831,37249.05733760092,48,0
95756.98003240718,42724.50651421934,850.0,29217.358266958123,24,1
88500.47486008937,5000.0,710.5686211129192,34442.16849235946,84,1
67290.14166163199,50617.705317040374,645.039548884122,24527.79986048914,12,0
20000.0,59053.757919586176,633.5303952542074,7318.835266827615,24,0
54111.580458361896,34625.19827357294,539.2800202141002,10795.092981371798,48,0
69051.00026705206,15360.891533458154,567.8713204279829,6010.105411380817,84,0
65266.08688735794,23581.806206550522,841.0435632133414,28861.71262889308,60,1
20000.0,72925.62848406693,551.0995561713987,9591.166716161635,24,0
33290.464559403845,109175.74319140715,549.1732242133655,14089.995304572753,12,0
58077.6670755385,91473.000227163,579.7779513924421,20337.368572802723,12,0
76088.72728551569,9669.619855083445,530.1819247038727,44619.68669871919,12,0
20000.0,75638.81931652108,651.530657484551,29857.008619148462,84,0
55136.28073560425,30105.128725721297,758.8910512665238,8407.198630983363,24,1
64291.46309636857,32531.988124736687,588.9507673727967,22277.714858493397,120,0
85488.35965548639,36140.73206086148,512.6675720239178,44769.67640743757,120,0
80785.7275271231,71182.00849566291,679.1861313014654,29227.68992643412,120,1
77477.13956426416,78777.60129347115,644.4225662320187,0.0,12,0
36001.784798941975,47059.06786160636,750.2724550081625,6271.408570433534,36,1
20000.0,47567.87776975926,604.5491700697729,5120.967462453196,84,0
48208.41728815797,63927.912297073795,623.9843220373325,41610.94738039952,12,0
90048.9547562568,67039.83618572725,635.0469635456731,38844.21853795483,12,0
101803.63582573294,85286.77120275587,658.9004110553482,10624.445333215775,24,1
81316.47306893356,11468.840734724043,610.7438322642411,10301.296702890058,120,0
72880.22468405202,50600.8201941209,594.5355891953991,20670.376739934254,120,0
71389.18945157896,17959.26872326467,464.96223151181584,21120.0356914019,48,0
43316.437597176584,48471.73162809791,593.4612790879883,5565.111060155041,24,0
56098.1911933914,43214.74136957717,721.5223268081752,16263.039876521852,24,1
110072.08577478993,48597.51638291893,735.0245519368885,0.0,36,1
31723.25982624371,26007.71335668405,602.88869764087,39084.81057366554,48,0
108443.36372129555,5381.306203777138,779.9485998181763,0.0,24,1
50339.15536523825,5000.0,647.1295928299645,0.0,36,0
99762.96327285236,46064.595372054784,516.2153628184052,26525.591817678953,24,0
20000.0,37069.96682501183,484.7615943545744,1446.8564324891886,36,0
77577.12603493947,29721.870055885185,771.8257922619727,12485.5256279819,84,1
37896.89592157134,89676.45388494982,612.6996274738926,20947.592916539244,60,0
20000.0,24216.854396140672,528.593547692742,30129.512448002555,12,0
66556.02127232838,92505.02246416408,424.0723828564465,16683.768230766884,12,0
90284.15365787907,98715.3123280777,610.4283889124857,46687.576959196915,24,0
34651.756842195115,5000.0,690.4750858996362,19993.41517010136,120,0
20000.0,52771.44376996909,580.2308855953795,37861.92062388114,36,0
57244.65706995135,38009.10527492028,544.6754839866128,24178.336705497404,120,0
57376.94013668457,5000.0,595.0624231393273,51968.14637010997,60,0
76449.58882663496,6660.762407947572,774.3192019144856,35875.45255886283,12,1
88487.83714093464,73248.08321325423,510.70183823248095,20652.046632089197,120,0
58217.544561825176,110575.97758133794,585.8298969577482,29432.460753612213,24,0
115665.09944382789,77080.34428097746,771.0757739617591,16087.762167036022,84,1
66727.04233605876,59708.97417538933,699.4176289423754,15936.502424673236,120,1
49607.20481979301,49360.02855106737,667.9127813778956,448.83757946622063,120,1
20000.0,100479.88743944341,585.1553864583751,7876.075962993071,24,0
52120.21439051497,114447.17605872921,653.0504814500428,50914.57077733582,36,0
49908.39163766591,32394.719614274418,596.2170931546699,1939.5294308213088,48,0
88809.14388844412,5000.0,564.0613868929249,10167.60930824542,84,0
73874.50872200562,5000.0,541.9942524698259,18594.219845613457,24,0
24618.92635102148,89656.42976479407,728.4095596372498,19093.860578711443,60,0
65167.63159233113,48588.2437767684,643.9593867783865,25755.887295964407,60,0
80145.9351518716,55497.257313761555,681.4513743802696,12963.189378289055,48,1
105840.94078163498,5000.0,665.1673185801403,26680.64550494506,60,1
86625.11902242177,27404.33261634601,694.0918827808359,37135.781617200875,36,0
82825.39962934433,41135.57558297653,624.5281210014108,38999.485159722506,24,0
61802.579838454905,56235.15150092212,601.8342548945426,15987.3229904474,36,0
71649.3601627035,38042.23883258723,568.4719670608878,29170.151433544466,120,0
97485.14702118476,18880.21405095972,508.60308665928864,2807.995667882169,48,0
20016.678075610507,26462.990221924312,537.7966829377084,9174.259320915045,48,0
49516.82018349132,86249.69857841698,613.4582278899778,2393.9990196418657,36,0
36822.937537312784,57343.538588104995,489.6960515564522,19313.829668605238,84,0
71374.59356178372,68364.70420866655,511.771409586397,7111.710854600835,12,0
96906.66526952363,23033.78567368011,754.2139892635178,0.0,48,1
42090.77139836778,5000.0,672.4179484853793,14209.92166128274,24,1
20000.0,34306.87079346511,604.8163271796479,0.0,84,0
47633.377649265894,24002.883367235103,850.0,39907.89655469213,48,0
87404.2119605222,60470.36805884238,485.17502812869714,11637.154081350893,36,0
76128.8970884964,148571.71141045526,747.5611276461822,34779.741104571935,36,0
72845.58743431728,70854.98052854768,638.8533917220584,12618.987649475423,60,0
51600.20094376561,132078.80478150467,728.5047022912812,2075.9326107409906,84,1
21629.077913406407,67063.09086018347,660.8953717270807,37632.859570338784,12,0
75458.82964873403,31103.412872818546,462.7754937754743,21330.553746616075,36,0
34971.54569896126,60437.4823436265,659.5460467558828,48303.63928868445,120,0
125522.90200141369,103419.15798433125,683.5555854639598,13002.15610650177,60,1
77115.21625063548,104886.87788963717,430.8014701475586,13326.045506503508,60,0
42580.55092338147,32739.878958707628,844.4048293801898,35071.86263328664,24,0
41658.44257834116,57595.51087097897,681.1207594172772,35176.289757485676,60,0
57211.673801592355,7121.993609865647,717.1987740136495,22301.455797719776,12,1
52814.94233934751,74740.0587407429,533.4470610423689,70029.02284712216,24,0
93505.01326589863,96600.64097167682,719.0617522145618,15791.58811519473,36,1
65592.4850923214,51193.98362348048,758.9504459563055,958.0514454647382,84,1
38051.04783274416,29978.478369196157,675.3568228137846,4961.674391289271,120,1
116713.22055467348,60803.92853832688,649.0628441479236,15878.9076596116,36,0
61479.24994560668,62523.77094089498,560.6411875101584,42781.62508237477,60,0
83065.19027906691,52434.314955488604,628.3793082216674,17204.842067799796,48,0
41753.20477665722,55361.45373007859,598.7970485740719,43490.78147549207,12,0
70893.4688323357,44785.554485918874,707.1995637392685,26516.376730671873,12,1
69333.29973429586,79878.64784679218,565.0124074882598,36250.53944540775,60,0
20000.0,72086.82335495381,706.4650721503557,25807.529399402065,12,0
120458.25331381921,20506.905585675522,566.1014437270344,25688.720099329057,120,0
98719.33382767641,19682.28190524216,623.7647445839982,31290.659016591126,24,0
48084.14051562037,42368.76748920314,711.6044397012816,11499.372768713818,60,1
26931.907786324336,72105.11372315537,579.6203280013956,11664.296831787686,48,0
70426.84841410656,54441.72241672444,715.0536488977602,25243.204792468918,36,1
62600.9309824319,30705.487696320342,705.2994157671368,49116.672132590335,12,0
70670.06845689689,57845.557901774904,622.9049326623057,0.0,84,0
65747.32188582269,40075.684414331845,766.1783201355789,0.0,36,1
75187.22967917778,76414.59380672395,657.7784341977115,16043.842456570806,48,1
103419.1709817542,59991.75305201142,760.227652658535,35462.70620740617,48,1
77043.09615385938,40541.65437643569,829.3464924877178,20770.641285202717,24,1
28510.335032701765,56945.563161393846,625.8698978298688,2460.052297774324,48,0
100876.88558137356,89451.44178572606,714.4954984027397,21186.40245299582,48,1
109218.43690464862,32911.09770360867,586.2432074677124,0.0,12,0
154561.70203536254,62079.70944941483,546.7185590491802,29433.755913112625,36,0
26295.17900281206,47886.18978602013,630.4540342613572,15363.379753203626,84,0
67286.46039450825,62809.51051586299,513.7399720250537,18769.512506818548,12,0
20000.0,30363.05175212809,556.239222035269,26407.782057667137,12,0
76594.47469137628,53310.06299478128,709.1432599321067,23085.33376064164,120,1
43553.99105499682,83234.69847250402,598.6350984551161,11881.106394033332,60,0
117703.3738447486,21889.790562616778,721.0514087121861,35504.19256469706,84,1
36761.55089944255,10117.846900247547,679.9411938017487,31953.988469585798,60,0
20000.0,11256.333065391074,835.1154062019116,0.0,24,1
45862.08777892441,14880.12409399433,702.4337285576046,16546.35992791102,84,1
20000.0,67859.69863677993,761.4218070279314,3795.6980945558407,24,1
82532.98363521931,7824.209424036038,690.1884663127546,979.1285120686625,48,1
20000.0,41063.139657694075,681.1393501078072,28027.00435267429,24,0
60853.727435494766,68548.67909932123,766.4733042113315,13711.080790021393,120,1
20000.0,62499.77181645781,716.8797465865265,17858.42526580385,24,0
50391.065863900745,38433.23060112545,671.0063612957429,9954.725993344096,48,1
109301.34467413602,55727.711952653175,670.5654665929718,25552.631792297416,36,1
70819.43674307385,53214.359892127046,703.8229311830416,30175.203279785474,120,0
34095.191851051975,43272.77133355441,582.8626480540115,52553.822944644875,48,0
59063.89533182748,43674.95844036259,578.6200533861302,17285.386032527727,48,0
60540.5061613334,117062.82304270883,792.5405932372933,0.0,36,1
74178.91037530216,74279.32711793903,836.4413663859998,12441.59464352723,48,1
20000.0,124419.52752536429,557.1117541589834,32705.898820724848,60,0
77777.01821541993,35091.10601238496,583.1005567560296,8410.322148045378,24,0
20000.0,47451.00209335558,764.2522819504145,0.0,48,1
41103.46342908569,10036.227041700578,703.3519993142396,8722.734705678948,12,1
45351.78472645366,25712.99593731283,717.6428105320922,11999.511233760286,24,1
78999.80478213716,107057.39445987504,739.6601294853057,3759.956780530154,120,1
60678.92558030607,34338.971304747305,625.9267838255925,23262.147711746562,60,0
20000.0,107578.43900433378,682.9969924990187,18814.665781899203,60,0
30450.206225489546,12699.132179603286,675.2192150698093,31845.578612281955,120,0
65960.40028642221,18395.928977801694,564.1508399754539,13312.10247611616,120,0
57627.97974406331,39763.063369297364,681.5090943215704,28370.971528527523,48,0
42626.2767109276,48087.502349624665,773.7710696149668,12615.938089645013,36,1
45574.98631464062,77692.61877350388,616.5866761156639,3055.8145728689597,12,0
80885.03991477867,63523.11251558798,665.2569248740934,11854.712971311008,48,1
44469.22281392356,37510.54227967917,670.6708916010856,0.0,36,1
57357.2626791278,46000.52580445681,621.533544956473,46823.23459974468,60,0
125098.09764241628,40428.112406459,717.6901237694358,22137.496216790034,24,1
20000.0,22560.387940228105,581.9934368745013,8068.896645043056,120,0
20000.0,23361.11190195135,783.2645518695934,14335.337565769096,60,0
83507.6899439582,80836.51674300228,712.6205561632246,0.0,48,1
39640.7081611769,5000.0,556.3231399327105,41515.29837607726,36,0
50452.87416772139,98520.76092335164,819.8009684886254,40048.220663213506,120,0
36565.308656066576,39710.17323193304,666.8101461261596,21613.12856240145,48,0
52205.995776974625,26824.741808235198,577.7052482764948,24791.934440951096,60,0
107956.14336289023,72192.77872091808,760.4554524991191,984.8483461150972,12,1
84063.85375854358,94556.49752441351,699.4671519448025,2075.4515710922424,60,1
85866.70535660931,83528.97324811872,472.8040295765962,0.0,48,0
20000.0,65055.56148079672,597.4339682756147,17583.978713396136,36,0
25465.387903413925,82605.90469165507,677.9097337221543,35915.53107298898,48,0
20000.0,5000.0,434.0433322357341,14251.780569464821,24,0
35718.57536751738,34345.083755355554,658.5070085387395,25215.437452664257,24,0
88701.09559156976,22664.89819925466,665.797937270526,34682.50842340349,36,1
75508.39547245113,86739.16193645526,531.6508117624178,0.0,120,0
53354.60211143628,38495.6594322834,677.0644886259963,47683.48138068915,60,0
59330.99148845841,75362.19670346167,650.7463839125033,37359.80581146901,48,0
39333.43372273783,66075.70827465913,530.8705894114985,27708.39076640639,84,0
66142.76647205352,24130.79191508957,741.9560546862825,33861.417958041086,84,0
82976.34838441844,32391.253700711466,733.7853794767805,34566.144549126046,24,0
20000.0,88814.53072444178,621.0262913147639,24389.598298847184,12,0
68989.43063512044,26735.520539467598,630.1418676608176,41424.169293388535,24,0
87973.04612864001,53746.02830586437,722.6263937595345,13210.094770738195,60,1
47546.991331098914,26523.761410206647,629.9336856888193,26927.168077930975,36,0
81021.0183636175,40581.43439252418,456.9091799479845,39824.6420187509,12,0
144439.6333341766,48615.141680900844,698.6936557399928,0.0,48,1
56869.71621039324,26514.00469107526,568.6740679261492,26569.450189612362,48,0
71799.21150015971,21186.59138048355,611.0156945582406,30869.07467665032,120,0
37858.287490158255,58588.200103323274,795.7870567951476,0.0,84,1
65437.53487806151,24657.877736264712,636.6021525991202,24227.301290248754,120,0
73808.14874946911,25680.27332903982,650.1734935873873,8094.410294605417,120,1
65845.27020810414,21828.40568894088,700.9667275463597,25952.09422386855,36,1
29409.140408734296,47662.758610060446,700.5333943874032,18575.010553838736,12,0
66190.85313976352,78311.04903199524,558.0802232622217,5805.077462445603,12,0
103865.87816152911,95195.859089368,643.9701484465626,36644.95495402176,12,0
73459.07293543582,28222.45742018664,653.6152527925827,13724.524640157422,36,1
88859.61567215523,114509.32379993633,677.2026896628827,24049.45691032374,36,1
52889.64089962117,19858.854178796122,678.9221940916619,39710.71435226148,48,0
82497.00718271131,82506.4556998361,850.0,6249.582584252281,120,1
68378.03514649578,28349.106379536723,532.4140229412756,20120.73871959241,24,0
31472.67810938304,23872.30190389969,748.0091620197957,12570.092824349907,60,1
69555.63014396623,27657.31529646834,768.3375805833059,15917.30533193414,48,1
30249.100096790684,48426.56901052643,699.2783973923528,52341.27811859686,84,0
41013.59175345625,67399.16513100831,584.9684605126926,26851.63826105419,84,0
65679.84921877123,70096.04113714467,816.4668030267626,24703.890149333092,84,1
68917.32820140372,21680.449539563353,430.8017135259802,27861.310008971905,120,0
24323.02604768613,20310.22137466194,581.6733302782173,26453.89441373699,12,0
91619.57313548628,22500.83919909359,767.1682197222812,0.0,24,1
77160.18834901419,46659.367928434665,612.9888396577483,54451.41230783311,60,0
38858.14693167349,43695.33187427376,809.6464524800185,0.0,12,1
20000.0,21494.73613790615,498.81952553215996,45988.91399039423,36,0
55652.86262755706,58088.110821897324,538.7898106051991,29270.230475333774,24,0
46621.6885841652,117877.06425005954,596.8361829873025,22711.685272017075,36,0
63394.21371159068,34858.53614494546,691.7399277536529,15417.725358850374,60,1
49106.500165333004,36994.645363894,627.7979849619977,59077.40826639947,84,0
20000.0,66789.84710973105,600.9600747437579,29067.343402616396,60,0
48349.59185096525,33235.51124789615,792.0396431098524,20265.32097377599,12,1
50831.42666795061,70068.93445154547,801.3444975389151,11971.0594323449,36,1
79009.83074322177,28443.71879662879,608.5620234292444,10172.775968793718,48,0
39054.00976166851,104963.58822731904,479.0232192670337,20759.162707583215,84,0
110360.24020117699,60343.249177768834,434.251617081262,6040.954525081352,120,0
20000.0,31399.311527698654,673.9290114780356,30194.76571917119,48,0
99335.02493407874,32339.249015921778,715.5955622218797,10315.36449145494,36,1
53270.43087365686,34586.00741875895,656.2997785578546,35074.332716687364,60,0
85787.54617030668,91182.4899874662,642.9091892919241,34738.8107196693,84,0
62394.04452176199,11937.4697719615,569.5457385305917,19168.464813137118,24,0
94186.66608076409,29961.74988621486,715.4979793913839,28704.533447824655,84,1
48379.141063415664,33150.18329223722,817.818537889891,29455.45864290197,36,0
27041.38724466563,49529.360997291864,428.3122322664444,0.0,120,0
102615.12861813189,41866.70922059617,642.2498811212284,45975.39482980436,120,0
56595.58062353577,5263.165058286118,552.96516505864,16163.844285692683,12,0
66646.75420872631,38005.31949213597,500.95340059461483,30433.602701235504,48,0
97042.55742134385,47013.479504450945,537.0024129215584,30854.352665792358,120,0
29041.342737166953,31157.0649476065,687.9672855684405,0.0,84,1
77864.72692917772,70603.26467142995,690.4962197591166,10146.06207875796,12,1
42303.15730611327,77582.25286260941,796.02877611748,32605.53230639084,24,0
56034.91933066885,47648.39900811821,650.8781547145461,20933.786891528045,48,1
62168.368961528664,56916.24760552188,474.1778370130421,30334.540045071044,48,0
20000.0,5000.0,626.1830457624028,21385.49842167776,120,0
36634.88871538696,37366.91683514505,511.3620927784216,38440.72690704718,48,0
100532.18677239417,80144.65075273738,529.3204113577995,21710.50832666616,84,0
86585.73565754388,37296.90250462167,708.0559058406495,41361.336451707146,12,0
58120.81268018296,27882.149708241173,669.418090559442,5299.571341819332,120,1
67293.70375538678,118330.66778092794,708.7565595435331,18085.398957815833,60,1
51172.72483090627,104572.31570587415,614.2507152728272,11099.006471269427,120,0
100697.50157483947,64027.247374464714,729.0529563425356,25829.540960933977,12,1
53989.42266617509,84167.31834440143,608.6597101709889,15819.980826761352,60,0
66955.26276404544,5000.0,761.6682832742247,16557.28719359545,84,1
94380.90432426195,26373.456781138804,684.4638939471542,9428.504551246298,36,1
36678.855454622804,35901.26380480546,629.3003129515382,13088.967246071843,48,0
106763.67553490683,42920.59703399162,671.2093044176097,19845.84404124984,120,1
20000.0,35301.67937078112,648.2139299025082,0.0,120,0
108889.26393338396,5000.0,809.6106515312923,0.0,12,1
48819.73248144076,61580.738561256796,674.5437622578789,20887.18913461224,24,0
52719.037565241546,66309.62384841821,649.8387327605492,0.0,24,0
20000.0,98056.96374769944,626.1509142949201,17102.86584787893,120,0
46356.15847866921,26350.722056751096,734.3184219245011,14342.543582131791,120,1
28805.804069193473,23895.105266602935,720.7913339053505,28130.5680479131,60,0
41770.609638795824,5000.0,622.6158369687372,9919.724314221061,60,0
55880.67102633361,41192.994902273414,534.4358485377192,43542.72153937949,48,0
88733.74843418718,77033.35343186515,559.8031861621646,32722.44309845651,60,0
66228.10054201877,31646.96413421842,631.5837460457803,0.0,24,0
69230.29960203341,114303.34455630944,784.8927506119082,15734.804637884863,12,1
27134.418334633134,42302.154926314295,624.9823370753086,42907.777162758124,12,0
33577.3773119181,54409.76852865667,590.5876390034435,9535.52141900699,60,0
113961.75055053935,9106.907582552187,473.92806867513536,19206.61512461883,120,0
37943.9689571026,58616.61035525838,801.3541435602297,41061.91363782165,60,0
109686.24756171886,5000.0,706.902814598146,11891.065759058329,120,1
52708.16403357401,70810.93865039435,729.6009970005857,36844.69910124339,84,0
60068.63808430512,71732.84528706237,746.1688051929375,6350.005960795714,24,1
92110.95480689789,90778.74273009531,633.5269771241037,0.0,36,0
98156.7726581597,19400.93843696934,658.4590633747536,38427.9397466094,120,1
56675.623191627375,54816.86354892258,798.8601941951995,26581.025600862136,12,1
48352.70839435383,66914.49678159512,667.9580889319137,27568.464130016982,60,0
58322.3865443336,63268.4491499093,708.7525290063994,3605.5581304208827,84,1
70138.72584696356,24041.021745954462,737.0550717200512,4799.710752547049,84,1
86739.11060609267,5000.0,714.2931332422644,37256.5477960421,84,0
60126.89576982455,60408.80890653443,637.1830829733506,23648.109611063945,84,0
78566.58894069461,45425.00965070241,646.611615718608,18238.159139933603,48,0
109150.79196812824,32999.882211156786,727.7640437975942,23313.89993171246,60,1
71439.28836794355,72918.36091146398,727.6002859934727,42627.58295018451,60,0
69349.58568014335,48652.413855367005,766.8232599019461,30855.323405788546,84,1
20000.0,10424.148416966018,705.1096983309839,12880.32203922263,12,0
20000.0,5000.0,709.6605613592055,0.0,60,1
71651.27187690506,16131.102046005042,605.3766633215553,28820.806427416777,120,0
57155.27306157383,121790.3688430036,591.8850488928099,6140.479840486569,48,0
44556.51975255774,71683.3032179832,728.0630674351495,2264.3459357185166,120,1
67305.90612559034,55658.370259250354,592.5814931983625,39736.23780311101,48,0
58187.88812409275,44550.17218442586,647.9298996883138,33086.0862013722,84,0
93833.40751901695,42578.21180157693,787.902324097129,25785.288900207466,48,1
62583.32604776934,85015.87950077285,772.057029234509,1424.0440859412593,24,1
37592.30144789498,35282.12774289705,680.1788830797184,46838.99091150623,48,0
89704.98716877867,67307.61232052877,620.386042016629,35433.02472073774,84,0
53486.067751613926,39547.161491252176,637.6621089656495,15443.215984064087,84,0
75796.10051016921,108204.69895505188,736.7660141055615,12270.799127587015,84,1
45677.678814215986,72268.65522734911,646.3500722553835,21177.346119634018,12,0
40505.19343507691,87366.70444050877,594.1717606989736,12823.720001920234,36,0
62525.04690557088,32467.706759352837,771.5774756407974,53177.809351776625,120,0
60384.85930631055,81744.08337702265,668.1600139129281,14217.074379427027,120,1
74394.81106100499,40622.677238159275,592.2744179008254,3981.7569268965945,60,0
51940.62740070772,53301.044717985475,697.8940188932631,43826.237874996164,60,0
20000.0,99051.43011858375,747.1218413192508,11464.072500693403,60,0
47016.78349234834,18716.748297307426,549.232693521224,31796.451621750934,48,0
83814.55401431446,56097.43193916201,629.9546086647065,30130.81409129106,48,0
51078.717622706805,63140.157755561806,625.3316632411588,19121.56924182419,48,0
52608.49792456356,65600.1314240243,695.2287165783476,5405.048532159559,36,1
89591.29517717811,36476.46520719604,713.2008322859858,19277.25609532414,36,1
38640.80318223232,112587.92302424244,594.8526088720514,2452.0834050167177,36,0
20000.0,11152.043439792193,500.72488240939754,19644.23356194645,36,0
55181.06641423517,93766.56165897408,753.17987545994,31591.72199689487,36,1
45474.78146253789,86451.96816774916,538.0054729422787,45766.70099287997,60,0
31012.61040740238,107026.66368811054,677.1184205043877,3682.2632608356726,60,0
54738.64632303928,5000.0,636.8019101269317,16243.120940061084,36,0
74745.16941740351,23935.05536330869,666.2443905204075,12127.833736620789,60,1
59721.34315296553,94758.29177484922,815.1233971706858,24106.09066261232,36,1
69209.43218058713,5000.0,850.0,0.0,36,1
114402.2309554627,5000.0,486.65625886013913,6070.0598431255,36,0
49713.63415327307,35350.76639865525,748.3906155332924,0.0,60,1
68350.45903934009,55759.81365866803,634.3752227322354,0.0,24,0
44723.59912202596,97766.75220946324,754.7854513712552,10093.433091318719,24,1
34609.20840339082,44442.022552089256,745.7263076179164,45063.23919238831,84,0
42452.770397466906,31752.82555806382,790.9744807198164,25214.0071539895,84,1
45637.242854349344,59341.698130892815,678.4964915162698,20974.938103997094,24,0
70784.27392641376,64087.89449883203,561.0423515044977,40203.290060427265,12,0
130472.27360102272,63237.19466510814,742.764948870962,25753.968217751288,120,1
38518.69691172479,44660.41376145965,661.7997576144064,27163.641670955112,24,0
47501.240831536124,5000.0,626.6156784865867,12904.633022302984,24,0
58106.30960666255,22471.520326810038,602.3776119295038,10440.074665863773,24,0
71873.9654612924,92608.13255802388,750.6335569105129,333.0957540287127,48,1
67906.52435864355,55612.068139298,810.3369492007378,10983.656509379121,36,1
98522.87381844352,40324.3364267883,530.4647441300366,15792.148788514214,84,0
20000.0,83545.05645121925,712.1952242478931,25170.78421275381,60,0
20000.0,16096.501028931547,612.7612814577354,19448.623774329448,120,0
45123.65483969552,43239.55598860977,503.2727601807886,14523.958011984669,120,0
92919.00562631126,54132.75215522112,664.7705820763008,6324.84872154876,120,1
20000.0,36758.674901161125,566.6862219810439,25986.90211932816,48,0
20000.0,53022.88468704796,492.2246772199802,12533.508694492386,36,0
77135.38218657626,44369.18205734705,571.8259527775465,25306.947619879837,24,0
67309.71671108143,8019.708566423746,547.2226082086146,0.0,24,0
27293.747796017105,55444.336456371675,585.3313146936608,25046.317444548415,48,0
30433.8119783721,10149.446254613977,517.4115923046311,31203.60354194358,60,0
30907.688410959767,54968.45375290167,610.4859891373786,29292.96289045622,48,0
63316.0595242182,91224.07472450328,578.6750871916028,17049.19361973958,48,0
41210.54171450979,41569.304081718365,687.5613877145657,33729.77473136566,84,0
74821.91756926558,14855.506100870414,709.3538986398315,905.6167556622895,36,1
20000.0,46190.36560385059,676.0148576778441,18661.909021902047,12,0
34294.44404616602,25040.86675764406,626.4555542126491,17099.062982589516,84,0
26218.381172668494,67835.27007894409,623.7572404307685,35545.9953356163,120,0
52309.779648825235,45560.33757431439,566.2925012588635,0.0,60,0
43858.567245295846,101292.8975499372,568.7005340590063,4128.054231090504,60,0
83935.313396873,84889.68787032014,720.3603868078736,46208.762129457726,48,0
20000.0,45407.58486555792,474.0297401349536,0.0,48,0
61364.74428992256,71468.27203919273,641.9275061687058,32216.35957531251,24,0
76750.09269635117,38202.90772511464,617.6470938438799,9495.092554592866,48,0
115699.42309685863,51018.706554955046,709.9132101374893,23820.539054691497,36,1
45547.020867195744,39156.974109490635,507.49880165776494,41206.7360578903,24,0
69733.75813057552,72993.67879549126,651.248070548594,24398.103066182455,12,1
20000.0,92989.64830128735,684.2984341359107,41518.00065141526,36,0
20000.0,73959.4462157343,459.52687813760053,12614.762288197977,60,0
85343.231273451,77658.09803856068,542.5672027138263,14597.356162356387,60,0
59833.19119055788,77691.00311707187,640.8210153187209,31802.633732715876,36,0
95355.38069395268,66537.6776700413,701.4146907634305,13408.543095765026,84,1
20000.0,15821.415223691962,668.24993111127,28960.19571557004,48,0
75597.06418586257,101029.145582495,706.0454252949808,37757.06324866525,48,0
116064.53521631559,104132.32480095275,542.0627487359345,33025.05341431083,48,0
72591.16825071798,42983.611900598946,491.12496502719733,0.0,60,0
68297.44516773146,38879.06254351454,658.4505805756789,14879.288344257173,36,1
60256.6824247305,68372.34958746124,527.0646761785886,24227.487260822327,48,0
20000.0,66524.38505550515,563.4677673952197,16341.59690555912,84,0
100667.18807131043,43941.617937409435,743.2278354826374,21190.490200873,24,1
41674.27080584803,12499.230332371873,668.9099556766852,24426.0611640389,60,0
75134.49769149051,59171.03572249331,593.1855094744585,12101.478189236455,120,0
20000.0,66543.09614526636,580.1968495359037,17098.416793162043,84,0
24616.210064766587,71774.63444116391,712.0921556889165,2284.4790798971735,36,1
103052.62197666705,60478.78317062622,671.1970935649983,12832.373196390177,84,1
49580.931331264714,41866.54554914272,528.5443357677309,0.0,36,0
103598.26428127634,79820.06118518834,455.2176266899053,21747.450435390365,36,0
57653.080228244464,51975.45492697755,838.180183264015,17101.666934621753,36,1
20000.0,36052.30956905838,527.7520774682442,6263.071819270563,12,0
86762.02799195162,44580.39853862837,702.7696503300123,46778.8971324327,24,0
42303.23046733177,5000.0,801.0692932338175,16318.827754297388,84,1
80960.6644055113,44532.745274643836,664.7597568833155,24298.294161194302,12,1
60756.32602620246,70653.09559624006,589.9563323532795,10420.502527318064,84,0
20000.0,60193.490664176905,507.3950958304288,13784.779688940498,48,0
64928.84296111707,95619.92518943558,505.99894636799695,24866.20206272804,84,0
125886.69426458397,42110.752579528875,687.6694848676386,15016.234252896684,12,1
74789.59375543377,64619.394891599484,795.0976322949984,20049.55035332402,12,1
58274.46740983611,73782.20528917316,610.4540903295471,32102.369230301967,60,0
92260.30205870693,120285.71024862224,594.4279537850636,12229.607307217213,36,0
66320.05395609332,54342.96473352921,719.7481090811186,17.58225143170057,12,1
66286.02690788383,18674.3846340793,581.4052746095253,0.0,36,0
27251.244835226924,75437.86260065845,677.4482907628421,41576.58554580295,24,0
67015.44077368795,105971.82067905371,654.1801450085512,33967.20050863354,12,0
91063.30249250834,40323.53869320136,609.0531941421945,29836.99500781609,60,0
34918.13543699926,75232.44615819247,648.4461841263479,13459.20791191981,60,0
102734.87463740843,86861.8416568676,826.3152114649979,3.7998351824899146,48,1
57248.81927564622,80511.9663191046,710.4532944100956,15765.475797557787,12,1
33366.91465384378,53766.755674207336,759.2500804255978,18599.684430709316,24,1
89928.96230760733,29045.787253605617,558.1305639079939,3026.724998790818,36,0
51396.17292785192,47561.61355959243,759.5936147607574,0.0,84,1
82785.44662458323,63758.01361632892,713.9020475468985,0.0,120,1
51247.24103224388,77246.67572275187,500.0403903440632,29860.897813157666,84,0
58205.21569410289,60018.35143997118,703.97907333711,1919.6252719547847,84,1
74806.80613002875,38602.76100378269,598.6725863205322,24641.154810739074,84,0
68726.91172770018,66661.38968449306,495.41963236743834,14033.002198891274,12,0
20000.0,75802.55203228461,662.977573232762,28844.568631642047,48,0
26362.687797168248,61388.30169243441,703.904259106261,25037.367679535255,60,0
87882.29954372447,24914.38656385025,665.1608068644563,16520.938731630707,120,1
56035.902332953585,44557.8189584843,639.0861415154245,21956.801378138258,84,0
44288.06091685734,78434.623292374,616.9414661541668,18344.95837434931,12,0
20000.0,8509.465737665785,850.0,10769.792740503925,48,1
27607.91036172455,5000.0,531.7430611471354,34701.241781867946,24,0
20000.0,95242.48550432062,737.2921982357203,13653.893701370023,84,0
56961.57843895401,65342.45765065639,651.5422970888984,18697.247806227802,120,1
42046.8725825686,68201.90007560319,564.5533493732968,0.0,36,0
31002.363270440546,17695.490791188317,645.160094937142,24110.669057672192,24,0
57956.29724496141,72125.84190399614,510.7067362411383,10841.276042818083,24,0
70919.11892558214,58257.460627050925,590.4509593193146,12847.270112631464,84,0
122795.93796629834,5000.0,645.3065674164394,7406.587086733372,36,0
20000.0,92728.50242821572,494.88829414008705,18140.053281674773,120,0
94781.43129901566,54760.49970856187,700.6382538488058,0.0,12,1
89193.04683045216,38117.48101762193,553.6238959088467,30235.35519369889,36,0
36627.217818698984,38660.30762044347,504.8279041986448,19420.028379811578,48,0
66097.07863758093,5000.0,541.9582264171629,12990.715981966892,24,0
46271.002519871545,67800.0979889409,850.0,0.0,84,1
65570.65741256217,57855.71621737176,452.193585813116,26496.000297199556,36,0
105273.93040213652,44177.59603000715,693.612308876979,10485.086595573863,60,1
78168.1869789394,88354.55622355017,574.8363728980713,39591.30305372471,36,0
75258.25119700326,8484.22943012463,614.9871828482438,27294.784434946734,36,0
47090.720401360726,32096.825708971544,710.3930928680332,43019.83533030685,48,0
20000.0,24499.752357188423,705.4818714838921,22054.550611828578,84,0
53745.95368378776,41636.15060685341,581.9303580838209,36167.341417432326,24,0
96198.24464591745,52024.10075771669,514.2175993366706,26941.565679473257,48,0
20000.0,62900.405714340646,712.2140973700639,13235.278816943053,48,0
28347.31895469915,39590.79640684648,705.2377193009344,22808.150277262015,60,0
63788.032087022046,23679.327945353187,621.5030491211812,7490.206003115958,48,0
30460.35645458213,100580.20849311333,694.1944383808378,51031.691494615574,84,0
36224.29658654362,122349.20575365706,605.4170519024465,18487.023354418798,48,0
47292.042548154684,54298.60015646076,567.2962434965211,20393.154372779765,60,0
20000.0,27296.588989373984,650.3962181121075,25849.787924502783,120,0
30776.34461350895,94263.62393126883,701.9032741091518,3695.8201352490833,12,0
81102.83750361926,6597.286810146041,680.9250269552434,39820.566584998625,48,0
20778.90653307108,39956.800258855175,700.9162680076672,4620.056738479234,36,1
20000.0,29116.488459610948,573.9421126710874,1227.9415645790905,48,0
41099.25061398317,15213.933486485337,808.1881124758253,17502.139809454613,120,1
81958.66507529537,41599.273012346915,615.7619144661376,810.5375331562354,24,0
54092.34576009331,24074.837624781052,638.1084348523409,43429.10804287065,36,0
46062.56765653145,50379.63392445963,518.1344090782133,16539.450954754175,36,0
61330.763925468214,50815.31503017392,630.6144843702716,0.0,12,0
20000.0,31360.04829434062,703.2237736851517,22999.22777187563,24,0
74841.16961325097,38884.59930218391,726.2510612692665,28302.589802810606,24,1
71503.05094210933,43074.53096288868,806.1940737186783,13678.516274146734,24,1
47720.745777128366,74295.38183358281,702.0234895825461,0.0,48,1
90177.7353538925,45547.11796807443,677.6913195799704,18450.394750002528,120,1
26175.117031408838,74741.05222358293,605.3704888485681,12774.417991597333,48,0
93837.26979760706,67574.38950663967,583.8259591766994,5366.421202114456,36,0
64634.80996785753,67145.92090702226,747.0248514668156,4042.623948578743,12,1
49903.4223036548,91635.3791103792,745.1070351738908,22343.53623406077,48,0
59403.79093895065,16418.27360762271,542.2987299151227,33545.32700584484,84,0
56782.05702567175,35804.506810786595,722.3095887153481,26923.157569956456,84,0
96608.48689253151,102898.96400898708,715.0383691395842,0.0,48,1
27699.626175869595,42280.504982321974,538.6191114985805,29232.170068339736,120,0
37124.42282560206,5000.0,704.0456804789177,31587.110180405733,12,0
91089.0867621744,43910.94970556344,545.0453540518192,40905.451262716495,120,0
42133.95194448422,54048.185904897495,407.0707032326511,5751.6836586215795,24,0
87015.99231994775,5000.0,633.989758630795,19150.960409530588,36,0
110983.0794902613,90018.06919663845,675.7814705254989,28512.863754557482,48,1
47946.14919175099,28588.626084031937,638.4929195116887,12086.694527905835,12,0
80440.86979725916,59856.89345562547,850.0,28278.647755199425,12,1
25389.231559804248,43220.55363967813,687.8851229234974,19639.605106731386,120,0
82641.99894203428,11349.457423878754,664.71418192987,7303.177750166806,24,1
65982.71957960301,17884.7559609374,692.9591303314091,8581.366419641805,120,1
74191.14846480645,21947.51490717359,605.8680995599902,38739.340344122844,120,0
40632.837838938154,82570.15727550915,742.9479062093538,5053.720064049921,60,1
20000.0,45573.85435699545,686.1001946177101,2479.9957374557926,120,1
75097.56194248515,34344.034503447605,681.517170389249,25165.68297097714,60,1
20000.0,21961.73262229306,587.5879777133061,19541.408234862585,60,0
50479.48523272396,85884.50664578378,493.5669673550907,325.6793385989222,120,0
88235.45599259909,93926.03817570761,599.8613910922709,12208.697388657132,60,0
65756.93207619108,85542.31696120041,678.2633856259893,7748.2778260917,48,1
118450.27934369439,64773.120174625,605.5300520255054,10374.986806296458,120,0
90753.27457745321,58694.901256121346,679.1727167067371,57874.5559520997,84,0
40383.04835023271,13521.865460722955,626.7638123143695,15461.301429889569,84,0
60819.40139554316,42625.426198668276,693.0579484626523,6781.235837417775,12,1
58578.87892366692,29484.1938996069,552.3175874124686,50326.812361994744,84,0
20000.0,5000.0,669.2890011885081,33323.82197288594,84,0
31788.032505469404,81711.30257496097,585.9045853648603,30872.38340878114,36,0
43177.17279060419,29125.101608231744,496.1717057869364,7503.585585479499,120,0
20000.0,85878.25722305922,633.4845876971625,37872.25036529759,84,0
61424.80404754929,76452.39202280037,803.6317573818046,32244.11882349258,84,1
52527.84466040878,66701.53929900256,504.14235921540177,22206.343727570224,120,0
20000.0,68386.52215289552,661.93922503942,0.0,120,0
72126.38595831997,31540.58353778877,729.7577063264224,19701.19996283258,84,1
81476.18234072879,105735.50453871995,850.0,45948.96071248068,48,1
66811.03436594666,51293.76292859147,600.7067017553312,23305.742296130607,60,0
50277.954743730894,59057.95055356112,586.7999395395688,14353.002093772055,36,0
77743.26455255564,30527.709993000826,533.3307804060734,16573.13985366996,36,0
80406.61081430073,22065.0421766912,764.0516334846219,17611.215397792752,84,1
69222.10709159065,64318.8802642827,563.2585670760925,8005.786793345918,84,0
35261.63248695717,56525.404878163565,612.940356822465,19381.327559557772,60,0
68298.02296533542,26319.429022922683,465.10621226287446,41641.017943183244,36,0
95864.41952476437,6847.198436737875,738.3971842678526,39941.82318366469,48,0
42101.1282416481,11902.307380173588,765.8258280778026,8684.961345139038,24,1
122938.18017397294,85884.01151273321,734.5775063584365,39138.46076826041,48,1
44231.07198043847,31602.385560497853,489.46747186462824,31417.119689791252,48,0
60972.21040020409,39832.74362972499,710.7151040779306,29500.07806417493,24,0
39825.43211980991,93510.20776277187,482.7329615275999,26478.67822460201,60,0
66698.12507760782,16335.483155407557,655.804030206424,6044.354318308167,60,1
20000.0,28190.155228488296,670.5077579983797,13916.327225643265,120,0
43618.74603549836,26936.995143179207,681.0183218108265,32493.776046819887,24,0
27236.363989542984,98542.05443498118,703.4636532637469,1896.9448418757856,84,0
64060.15043676873,109801.50501747242,649.1966396440728,4388.37341906186,120,0
89833.42126526721,72546.89676206512,453.75704872714476,24592.961371488585,48,0
79380.18561343654,73501.5417246272,703.5121008799532,8157.010090113452,12,1
20000.0,32589.349914418068,659.7608141127748,32358.415305511502,36,0
121262.08958783641,108419.85460712848,559.7380208628766,8686.73065615182,36,0
68858.39821862605,58030.887630759855,493.0602578863391,23665.702172947204,36,0
36705.02578520999,75593.3079334922,804.0022185924358,24921.07346976097,12,0
64713.837569728224,46834.25183687138,773.1300538290683,12768.579831537849,48,1
65285.69467508077,41959.02238017168,720.5957407307454,16405.3005551811,60,1
39994.53849145309,99891.26778788352,582.3700088765297,9799.827799400677,84,0
65937.50002026226,66191.71039214921,398.30044477884826,19720.92941521645,24,0
41775.831371390785,93541.26383211145,726.4679175435235,5574.691398681101,36,1
47869.14021929932,57659.845152351336,686.6686773855075,16647.38372754412,84,1
39411.625927347464,24549.00390730728,612.5337690927823,31227.36511692824,12,0
20000.0,32499.712013645363,762.4806306697876,2948.7338140899337,84,1
64375.09410646152,53088.957273938315,734.799753396285,12693.95882033159,24,1
77558.98309549014,31204.993518700197,667.609548823085,27773.936149774236,48,1
75446.50788229116,16776.157741169285,653.5058417871114,0.0,12,1
84597.75757905703,86042.51095361073,655.0967717599681,47833.76054599006,84,0
69730.20630044605,33653.897875294635,717.9939872834746,35678.868710464005,12,0
44018.23505349289,54145.782433739616,564.2523653457012,0.0,24,0
85189.91593293566,58884.007696568144,692.5983121785036,0.0,24,1
20000.0,32355.406240382938,557.9409055530409,20444.263810010925,36,0
32979.8585246256,93523.98398926218,783.6555171752234,3196.337061468268,48,1
31073.99785730266,16485.74716386161,703.2128571575234,34422.39935297618,24,0
92401.6817741793,57848.757907423125,581.177173836107,25910.03243197532,36,0
88283.65542420227,57383.53119129751,658.059582402975,21850.68524505906,84,1
74619.15711134985,48372.36191407556,564.6213619971959,11446.154224645965,36,0
92157.89595635392,11092.621601840525,800.4112837700795,44000.11459684029,24,1
33621.51652764036,76124.52655590393,812.2875984471209,31301.781510825276,12,0
70457.85359582941,72305.3201100379,719.6223682562847,29047.487135309686,84,0
56244.767148505074,29732.94414226351,805.6656567654577,38000.83946941163,12,0
85406.46311654741,71224.61621616085,665.17959488725,4717.087047606961,12,1
56543.27302343407,61247.230589023275,726.3512567174797,39271.06803558636,36,0
48451.713347697565,11581.63563916675,772.4724521909756,16030.87555456044,12,1
76227.2555568297,24382.132562859275,649.4256404484083,25020.945449036746,48,0
86285.07501573698,84148.44334668739,657.1103857317345,17653.054854921,12,1
39949.64415459595,59282.48555426151,743.3656601428897,0.0,120,1
58167.72985942872,33070.91162568121,714.6497965595993,34360.223914583716,84,0
28246.780990750416,24245.72326482074,574.4539279798947,0.0,84,0
20000.0,34538.18605653737,431.31706287285306,5502.190999811375,12,0
66013.78894241188,36665.614103668864,632.4471937402951,13207.63054357818,36,0
78267.16068763896,24621.10902112245,440.30858207748213,0.0,84,0
67862.00427260177,5000.0,550.8982663894452,3490.6606579443796,120,0
20000.0,84200.39859202356,562.5713042799616,23672.30136176047,120,0
49474.517097705764,79119.01017834329,593.1357689059873,14800.232126966948,60,0
20000.0,11802.336445794215,732.0438144163542,16037.706894122739,48,0
101091.03322962555,54089.33886691003,753.767954073026,6274.90323517115,36,1
27418.362536457418,22932.853918557,700.8740719807207,20692.71985636834,48,0
97662.1082837969,42152.98330320394,713.2506976061806,15121.279622051015,48,1
88376.08931052437,39657.0026037903,715.6120456368647,0.0,12,1
32982.28942391815,37164.97352846382,400.3170008779076,16986.21995643608,48,0
26016.45146196765,110088.41252228859,651.0197682007116,1371.322596227892,120,0
70511.10649159015,36790.22945971429,470.3541278829995,33465.45667913847,12,0
34670.27888450787,25752.085247992258,700.9139475671541,14127.398979520935,48,0
63074.53926474623,27122.557115088563,440.6891852680303,57822.86646096179,84,0
45515.17227579245,81313.30869205265,631.95614646493,34503.538047821785,120,0
20000.0,5000.0,704.7769776019587,18045.96237069247,60,0
20000.0,27121.312506934395,538.2242051683688,28692.18249835878,48,0
66800.52745483791,93404.68520334602,746.171596051322,0.0,24,1
43153.26761008124,57319.585639929406,700.6622169951747,34435.691103646335,12,0
43407.30549257603,55757.6601510834,688.082469583791,7695.642542637617,60,1
80875.91517281356,113964.39380431105,719.8001587510532,21345.995555665304,12,1
95203.26829897334,57390.43858845496,614.0799912233344,9085.662307249824,60,0
51823.658359145724,28754.415159212527,665.1918863756808,10680.224371349566,12,1
49782.03879270416,41537.688293709536,651.0051572234199,17283.01865030862,120,1
75004.2909934165,15937.030729082937,648.7451055383855,21152.491625099272,24,0
20000.0,87678.11120047091,582.7968923352923,19596.261788160613,84,0
66694.59164243091,67236.85152610147,525.7467885277294,19970.230637929577,24,0
76556.57915466462,83732.42449912668,616.3141650710525,0.0,120,0
80406.90625252888,86389.51785648112,610.8052092805733,54980.74406396163,60,0
20000.0,37573.67657217402,576.3269012483111,23479.704936020153,36,0
37159.34190573178,21657.414439733308,735.2053781810024,26563.51018455698,12,0
33652.102415296,48448.606660758625,532.7793382144387,14900.133338074087,36,0
62996.60863227639,23817.16787634385,632.8490841108759,6887.679581635675,48,0
74422.33739303952,54948.70626227074,766.6339711561252,22265.53596455262,24,1
104901.31222337944,83962.90642504068,740.9129352599552,24339.15365961541,120,1
45151.035588957806,44955.810618524985,771.6293885097283,39527.133161820995,12,0
45072.825050723586,54499.85269723217,590.9219422625773,51164.26525272196,24,0
94490.1605663624,47184.631513299006,728.4288125727708,42155.33605985323,48,0
68897.30815590915,74081.82717313094,543.7029603021869,0.0,84,0
98029.54533563921,29966.5281713513,622.412604418346,13093.727887853107,60,0
68661.8400902951,5000.0,631.8244189219807,25037.256799315513,12,0
25286.501438601874,64126.06578126142,592.415978780199,13995.715213813493,120,0
20006.149356665803,79635.03263923981,613.8186011915475,19342.597748813958,12,0
20000.0,63391.22734275607,600.6624072502648,0.0,12,0
79861.55504275419,30793.085135959584,551.7606188898304,33713.195014749566,60,0
95657.90469261025,15949.63705441793,735.6413506005791,0.0,24,1
115480.86424159142,64834.92595340964,631.7549997125731,0.0,60,0
85293.15996969721,54244.36858804021,670.1436543917285,4779.938235625314,84,1
94885.15732604958,46226.22117025011,666.3776871192855,18536.99069346801,24,1
42599.510020389454,104673.90028981373,655.4726425110022,0.0,84,1
25307.5254976843,21595.99717456005,659.2804546056428,4094.116489027543,12,1
85502.3799725266,103251.11063382396,619.4582779968979,37234.175634643165,60,0
72530.42256718202,50953.5171461192,791.8396868514862,18314.594704618634,84,1
63223.33123022677,5000.0,726.0744761635359,26503.204680470928,120,0
71621.1444189897,44623.920370425774,651.838203277102,1456.3582362538327,120,1
69695.56447374617,78784.88229798323,605.2945564033937,19192.459631641555,120,0
98514.50579560685,39048.34901585088,638.1179157270919,17962.00090532947,48,0
98849.56754450867,5756.643762848151,691.7621516371746,8070.942936404157,60,1
76326.61057021041,45064.5640461149,799.9940092536312,19233.84343823212,24,1
85374.08617688785,24284.828783248828,512.6952455334956,0.0,12,0
75421.87657274328,64754.43203263888,715.9774758641778,26579.131165041974,24,1
46164.90803896143,73201.99448202834,762.6723636778635,14007.609236702858,36,1
82696.9402473942,18311.887767556815,501.3281530094768,16141.709122647833,12,0
20000.0,28825.878346530513,631.8849123268725,32776.48703175175,48,0
91616.7465688765,72699.27395320813,543.5482026916961,26480.50216187014,48,0
24164.311807018945,24234.671651031225,693.0529611677034,15224.912164083322,36,0
68574.098603842,17535.25592516015,614.1649067644448,3251.209563319502,24,0
34645.381247215235,14639.26604611236,636.9860933119875,39929.921071813864,120,0
76601.6694922328,60561.15838874361,608.8944192721526,0.0,48,0
58982.24322216273,59274.73158552393,722.0163432768269,29440.50353901727,24,0
20000.0,29478.61908862875,672.9032960598138,0.0,12,1
72620.98893055436,50152.561883847025,673.0926764039656,33768.09954717688,60,0
42662.376695018684,95813.97152465391,666.0621825081454,35159.012793253525,120,0
86434.40162440107,20778.19529245335,707.2490880452137,0.0,12,1
60039.77066203221,5000.0,623.8028145143677,26740.02579031902,24,0
71862.62956164114,63652.26727161111,820.0774787540927,25497.554716247818,84,1
31272.931349543644,46687.965082952345,526.5205248781481,30545.739570290396,36,0
42320.03305717914,28699.24739554696,477.4081551830351,25478.60412527478,84,0
46240.84091696746,69562.40712064724,469.13194313914266,5565.264608146663,12,0
85701.07440727667,75176.7543400637,442.04118807075645,16741.505487951938,120,0
110321.31263416467,5000.0,717.3169814820252,44969.69804650954,48,0
35844.84744771371,30422.06272005535,705.1367699282641,3382.7978607564,120,1
92305.44433973041,119525.48693590565,770.7776491775595,24842.869375267586,12,1
20000.0,67502.14747394572,544.3361785294478,37268.80810932575,12,0
24174.31796723132,70283.10914891449,724.54614547455,5138.707867090325,12,1
31236.646314396756,85186.82835894436,655.6824062149306,0.0,36,1
20000.0,50512.064755991785,666.6586499155859,1008.464995233131,120,1
20000.0,73900.52480274861,712.5622895349608,25924.570423645993,24,0
72389.96736413393,71541.86131511608,574.3718248937556,880.943405124588,36,0
53577.96906816416,66171.24490258277,850.0,17969.59939051885,48,1
71382.16192815329,40339.64088147786,783.1880304275354,40569.0709445483,120,1
80714.18058364539,55161.76767098776,596.8294046004639,19230.378133870534,24,0
67968.50979517601,32349.153070796652,540.9261942276652,8332.808177587945,48,0
79732.8952845112,50384.42913699485,641.2095838195308,21881.145090700786,120,0
57914.03141273192,14945.27323702199,668.2258443582042,18969.907188975118,24,1
24390.19835082766,26281.280261811426,756.5615259708311,26789.864582048634,24,0
91734.42542462389,41530.638742252115,533.1279088431675,44287.16830728279,84,0
42326.63601656619,21688.837057097717,678.5486943199166,25951.532882554635,12,0
31932.111037127223,34849.48187764471,497.0984975585211,50506.737676488556,12,0
54662.46372586805,45082.220697334524,693.6357593411119,26829.528552163134,36,0
32615.67242110461,62067.87033993132,639.2495779541949,8490.03060937934,24,0
47477.08854031703,78477.71905558728,843.6679762285763,54324.54491342901,48,0
70321.617646904,36086.468858656764,495.3997455780323,18127.729739821745,12,0
70450.25217738381,90053.13851805872,787.0608381490105,4176.616521634925,84,1
33065.09800723112,78158.3323587648,479.61686648337815,54855.92995444902,48,0
45368.83881153766,65122.81495831825,517.2789725593495,9003.246707292808,84,0
92229.99014310731,54609.47387889857,482.29054415278347,8414.158519461569,12,0
74892.00353201824,59573.62525605624,675.0352608451054,11727.942379333868,24,1
122251.95118045625,85611.53451999146,532.6301189246267,22469.396199833074,48,0
95403.84521224583,86707.38979277821,515.1668494719462,33962.92096173331,36,0
94328.79205679818,90048.40185150929,670.2767601623381,0.0,120,1
20000.0,51239.804956310094,695.177538587469,33897.50727967253,36,0
82915.81054900268,66649.0149499584,653.9849304150326,11681.980965055536,36,1
58406.79594909268,90306.39519866154,633.7780850978447,13806.583352597998,12,0
43470.54589385251,31288.518952508217,832.8909632437178,45727.877163819765,12,0
65040.46021597586,40447.49438845088,664.583626624197,23199.622398034997,36,1
88356.3460383445,50481.09989040435,730.569147392225,26715.520217976526,48,1
75024.94773012635,76987.9621393822,664.2922125689959,19271.598277706555,12,1
33645.785959738205,77455.16452155868,540.2123711745315,31454.638758235033,36,0
82273.7674077786,43074.07666406194,704.9887681902017,44270.15859432317,12,0
40872.37373772108,5000.0,584.4202688530207,0.0,60,0
66500.49356892859,57385.518328879014,640.9013861960764,36269.26986104364,48,0
50899.497975685976,22450.515880147963,680.5402681893426,43205.4959581303,24,0
53434.01244793123,5301.913860793327,455.8581933113357,27515.948718508887,48,0
82987.28925121529,12083.853177988502,489.04978761082714,9839.563659427264,120,0
28794.188405523062,59791.43023536682,740.9459172497563,2715.913281497338,24,1
118355.852228308,90831.12082798421,583.6253553401056,55427.68530369893,36,0
20000.0,51166.835487087315,588.3678010891139,6425.244700657035,12,0
42069.96950235429,56341.41963937894,666.643839737082,42764.62356584378,36,0
71106.35669825223,85486.84816633776,611.4327402878131,25857.669867136574,84,0
77529.42499305929,5000.0,691.7588381642789,50687.46209022232,24,0
56985.72838284884,65605.29264800815,644.8878211266956,15226.097535352015,60,0
58278.278909953726,49652.30647043536,669.8602950180449,0.0,24,1
72316.5025598285,66981.72376496202,579.8141609757747,20032.562707939134,12,0
53067.91567626959,35495.482747885515,669.3594823280928,0.0,60,1
101795.43773804719,25461.881287205535,760.5089086835444,60155.907968113956,12,1
85180.47342694807,54215.267128568164,593.2251783885802,29442.47336121313,60,0
86184.73053016904,99475.73970003385,741.5318300272152,31671.956740316862,12,1
31015.29829888749,75827.30313624388,644.843968167735,31681.55424539082,24,0
57618.34726782891,34769.21689459725,723.4481655977938,9596.154790650098,24,1
50986.02153837889,9770.838920561604,662.877131835311,18019.542612244175,24,1
29831.95872931603,5000.0,646.6589079902074,21655.469470396572,24,0
70804.92551837301,89482.98355551444,684.9729682076367,49158.32695129185,60,0
43870.6272666055,21347.531355925174,771.3597562302249,2643.6230212650153,120,1
79662.11489550711,40234.597610151905,673.6097294215076,9071.241653678007,48,1
27894.25311317005,89636.33378232729,697.8530830908397,14556.033406609768,48,0
111571.21838525463,5000.0,613.1515086423299,9895.300113340383,120,0
33110.02024223814,94767.93528425175,807.0886473995026,0.0,36,1
66579.07011601308,42390.78638322494,714.0337110929672,0.0,48,1
83755.77931164202,15542.500542837835,657.7708460025007,0.0,36,1
42880.787093996616,42579.472185532606,637.7346327745325,36485.448988722346,24,0
85574.05930298852,28322.09655795567,747.7908269273111,19876.716485311692,12,1
23124.492065987513,63224.59396717147,589.379592295474,32533.083743811043,48,0
103563.53097547681,30556.026983366668,471.7124983728667,11262.296061374567,48,0
60424.47794897275,5000.0,657.2399599424456,18524.9650961136,24,1
42107.65776093361,43383.12396773032,769.0004573114344,44197.362514383254,24,0
51024.546827176964,9303.648431403832,809.1308811184674,43290.83908486125,48,0
84267.57808178158,56129.596519649596,639.270605656612,34129.58198888411,24,0
42466.34124448686,14386.090031500273,654.3587663941784,23036.266809356282,48,0
37519.26931731668,35359.615904837425,701.9530432515955,27769.541413238607,12,0
53353.90207248786,55477.634126430086,623.5650581136235,25559.574479680883,84,0
24691.136616900956,43626.23824897192,701.6405948391149,17496.09809518823,12,0
114616.31723825447,57512.90849003135,641.4598248931732,13934.45285839403,36,0
43008.162263558304,70408.6149715327,751.1368257190179,36835.51917951689,48,0
84948.50358541211,15261.989008060817,722.2980513097824,565.5867665579681,84,1
66284.10250943317,48068.07378125876,731.0227832302432,42310.37415872963,12,0
30463.978485540956,5000.0,629.4682355197912,15868.357898782786,84,0
59821.35872361812,57419.999050475715,842.5927320502261,289.1974295347609,120,1
83520.08337932244,40975.57608875473,698.3911942379473,11817.427134550817,12,1
54352.1599474108,20496.50709566086,674.7294053486831,6883.881693630892,120,1
95793.38837553083,59471.582668895724,573.9057019433028,11364.884718442248,120,0
90645.46178345592,85180.92731555202,640.2928179851447,11090.697219692525,60,0
87567.44563974987,35719.4675720317,661.4379760702636,10494.578429371657,84,1
46210.29683181009,21655.565292748397,571.23227035757,15380.643977902471,12,0
27604.72656655539,54950.75787316135,620.7682854230912,19028.400019083914,36,0
41592.37183911617,9931.800000609182,633.4199981896991,31457.894527714518,12,0
65887.22822000162,30188.558883933827,655.5920660923218,16325.710520193503,24,1
76373.60140597066,86672.06484951507,473.7293009958396,24890.312099413914,60,0
20000.0,51865.37689436863,636.4729459295736,20112.969680728063,48,0
59756.60395164749,5000.0,612.2653816920068,28108.711557394392,36,0
64742.67675969553,5000.0,647.91158503751,20700.130094837903,84,0
51673.67231053345,54862.570779403264,753.5276566180256,10297.673370245451,84,1
98738.21517047637,75871.71727753062,850.0,6227.005210391206,12,1
72653.40222752612,5000.0,717.8377199644627,23153.44397756322,48,1
99305.75724242692,63491.378224895256,526.5577827933664,39100.67734850958,12,0
53521.184389493035,89910.30522469156,615.4593048167466,16563.130594853978,60,0
88124.32477520774,106635.76963875917,709.5963308831091,9487.045192576963,120,1
109051.99183582558,59936.68279579629,698.3290496429023,16157.43987092646,48,1
99350.80347817983,65204.07783657423,748.7325735453074,11579.082336462665,24,1
27235.75219713801,5000.0,640.2649005709404,9995.292213321287,84,0
52389.71767372857,112992.57643987967,613.6499755634494,0.0,24,0
49645.058836506105,32735.29360711636,825.242400391604,16333.875706071673,84,1
74677.63605228983,21995.86524724876,655.8670603369637,23536.65730765081,48,1
80590.60665043599,42343.815966811264,548.3325623978885,3771.437642029221,24,0
34833.21977922791,95350.20242556294,797.513365703292,6824.90374598219,36,1
62035.15541750813,116241.38142630644,500.3904508605555,5779.070082676804,84,0
20000.0,53762.26038427533,300.49547775113945,0.0,60,0
103258.35017405669,79942.52517810966,726.9386758037574,5666.118445410993,36,1
44628.7727796992,51296.12146056512,741.0700971024631,17032.153567610618,48,1
61675.91819533491,18866.13580945448,691.4012941944691,0.0,36,1
50710.50858035816,94302.31012364873,519.7543916007951,17936.86298802746,84,0
94380.82725040245,31336.175589308332,644.113014475768,9447.998113093778,60,0
20000.0,96065.92320115647,622.1831426446129,6065.269117695576,60,0
59501.68973022273,88956.23989307252,596.2710989107611,25658.13224559699,84,0
56825.43727506907,68421.08791871625,791.2069430809279,10398.115920291464,120,1
46390.90837224951,104869.24268763058,545.3333941368311,12949.792008985249,48,0
111786.79636906896,116970.38099557215,681.61044531064,39470.10215000325,84,1
33380.116234326866,44742.69911107066,769.4046983662574,6199.1654938704305,36,1
83153.88531706983,25736.176447507063,688.1441525319037,43488.11821388546,84,0
70687.5836611825,5000.0,774.1118372495374,14783.133064210091,60,1
97845.57757606548,117340.46766290769,706.3714722428929,2957.980506920525,48,1
39984.32745667484,36809.53973244651,692.9349670492029,11690.774884069748,84,1
38010.93302628723,84051.10571305218,686.6834868832148,21031.623599335562,60,0
92882.09722432196,27762.338974715505,711.344326665015,38817.55789761069,84,0
72759.63924990331,96147.96922736106,611.446090258774,31982.372128449206,12,0
20000.0,28996.4722455376,519.8126148127213,20958.60274753562,12,0
43820.84956610189,14248.425991479708,745.4043411463309,38899.33972233686,60,0
71591.47961544183,43744.80707138749,766.1742300505766,0.0,48,1
85132.92664639768,34046.72897115088,675.1978810906044,23741.622950897814,12,1
39623.080404211345,67888.99356383637,595.162438036563,24649.095899384014,60,0
20000.0,48458.152184224295,494.2282883470362,24832.13701368476,84,0
75696.695572111,68831.07183655765,658.5807099923388,0.0,24,1
23390.379301680725,41269.355807441185,515.1049655282029,4746.313974822899,84,0
20000.0,30046.778869435842,501.1012497362075,17502.883667634105,36,0
20000.0,32493.183563117796,647.9268471984308,36721.872574422174,60,0
84419.42580593223,111348.1639409308,573.6230498811985,48728.96743576492,120,0
63858.523512149,56755.127966808075,684.5309556164771,10033.471226248661,12,1
53230.30857863245,5000.0,634.0704397438126,352.2981204335629,60,0
101670.73088888286,34393.72959637757,589.336543377739,32236.421546376827,84,0
79119.74049069217,52905.980974276266,479.5084919271034,59215.55016951325,120,0
108489.00128165749,105361.99043751135,564.7111874169642,36604.10949951777,48,0
20000.0,80860.96147669698,568.3863509948909,8770.509140089607,12,0
58963.48128138109,22348.464905542547,527.4692326485037,62917.08939825817,48,0
20000.0,122550.67260717353,617.0955704757615,30301.994307033703,48,0
53118.53004433598,49065.18905595567,535.2748008825348,8134.801796124595,84,0
52541.52438699968,87389.89433224834,633.6257252708784,49014.532495065665,48,0
78798.40911789212,15349.745078002918,674.0411213668656,6950.122829017395,120,1
61366.91643425695,5000.0,567.3830045610822,10683.672220070848,120,0
78702.21414839747,7747.055288949174,692.5408629418584,30899.31233511686,60,1
81103.20399416683,5000.0,513.8642128752297,19626.420231661177,12,0
124647.86032149426,113362.67981758725,538.7822601603709,20555.106980071505,48,0
50541.10034141627,56435.98756659248,638.6782702375231,20580.372524641956,24,0
31769.31898000863,22260.67944655906,718.7041091888639,36717.198888052415,36,0
67382.50845949227,63578.72089940363,736.7399541489267,0.0,120,1
35931.5991858137,55680.02108540497,811.2390622157559,24267.70828829705,60,0
104458.82305309607,68628.00186841974,612.341112518249,15646.949343792232,24,0
51503.45883164302,86285.94203408805,637.2498681321696,8712.559512040762,120,0
43032.708963780286,41302.36540924954,546.7324470982013,8672.953730999989,12,0
45860.52836546646,23604.820816970394,524.6233668008977,0.0,36,0
81552.52270414923,74833.25643115753,672.8572086327525,8023.728445982086,120,1
55267.59050305544,74069.98333653397,572.4128500553758,39356.940874090054,120,0
40749.99539608853,53022.074243640345,773.237920001729,32480.823170413092,48,0
109960.55752870592,115326.62566042317,503.7614268132609,17129.273564082614,24,0
34314.904780147495,36865.33631415043,698.6353205824696,0.0,24,1
61066.982220989805,23004.26085094195,549.426076118297,32328.046583886928,48,0
79569.18454830692,62542.742825198045,567.9551533227916,39647.726174906275,84,0
20000.0,29751.86429259505,703.911206525203,35512.92006196497,84,0
74407.81504217775,64865.49572434687,582.4119563892092,5469.116675204454,48,0
28346.76973558652,25009.752324816804,598.42159324801,7026.819787059694,120,0
84683.48342502007,37992.731512043436,568.7841636448431,44838.66888266321,24,0
31120.46964243071,106725.21260117495,828.5029791613442,1860.9343775455927,12,1
80783.07095546581,37832.379297569634,588.251368891999,27173.200482733562,60,0
93174.99198884139,26034.45367948111,655.1552217432763,0.0,12,1
85843.09576898415,85120.363661195,629.8086399718926,15495.269489391267,12,0
67539.49944714307,18468.74149139919,672.1417061724261,28777.256011015335,60,0
53060.971712109014,29211.70309558796,588.5263053034065,19550.51064286831,12,0
42707.41270995469,67296.83361526983,629.9182765458349,27858.69981582661,36,0
104131.04072451312,78152.34271619875,689.3952008993936,1606.9238651938176,48,1
39015.1433949707,86614.29173243223,563.6992861997009,7699.9705325651685,24,0
28888.017792900115,27583.345033385456,758.9321356628154,27227.275677483034,60,0
79961.0680509849,67880.2601895836,768.5480519041632,30453.32213078563,12,1
36115.89590440514,36016.75401367461,710.6492626158739,23297.192795942938,24,0
31498.095076016183,31830.33099468103,656.9876383596484,34205.86612487469,84,0
20000.0,86096.38346876856,350.9398551795464,0.0,36,0
45512.70481618447,33513.368124212415,692.4291132654463,13007.030744797103,12,1
57518.5492831052,58346.137880629394,610.8669594771136,47340.25659839276,12,0
67292.75182982096,54667.38407691917,625.3725588582461,39252.0324349058,12,0
88539.1873289845,17877.368709844923,460.26226694771833,29504.572475113164,36,0
75806.9377099738,78982.78566068962,699.3588485874193,17669.495399667452,48,1
54273.83341340461,66808.4268103686,505.14189531730455,35522.23442524953,24,0
54054.1297086084,5000.0,661.8424545991394,26437.122794924104,120,0
75304.7240674555,58322.63333712029,740.4657481909841,0.0,120,1
98177.10488785709,26810.79697500137,603.0671818682448,34936.436705841945,12,0
63789.425984496,82912.25919237884,771.605172522844,7009.348785166505,84,1
45926.074373687734,6638.0048965772585,575.300962179282,31395.323750272662,12,0
30214.019967433636,39305.69094111367,710.0433076731001,0.0,36,1
20000.0,60860.73652965397,519.5214248541472,43985.28998150313,36,0
79988.09016130569,51630.20882425625,753.1130434680523,15876.55431796821,24,1
77339.35570918671,72888.74770141914,737.599038257929,3359.9550166823465,24,1
77320.90575319986,5000.0,696.835792296373,9672.421503938389,84,1
56140.21660943832,99557.43010602135,610.6715863386189,14947.26354029442,12,0
102208.04237675252,65754.33976364814,509.7999376571888,19913.454253590957,120,0
45476.44516245547,90791.54639002688,610.9359684780543,39772.18454509498,84,0
88658.07711621617,76227.20507699726,761.0307175748122,21052.139247161118,84,1
58837.713150313706,49651.69656634869,662.9961871569116,0.0,84,1
41749.47705961987,11474.053672665177,494.696307048755,1553.9223174663312,12,0
77775.90921953284,33093.40456253897,537.5272360580059,61363.021886241506,12,0
72289.08356051981,97686.89998587732,775.315140085228,22030.83193494389,12,1
70709.18277800779,91563.13344969146,698.7912752127886,34261.85171015727,12,0
62438.35266168596,31412.0005968893,526.5999879260072,15374.807907592422,84,0
58863.20754849508,5000.0,473.41685038254064,4930.830286897064,36,0
131651.15978611316,43619.307970846436,587.4957865399933,12780.766664272945,120,0
95527.69935588518,41368.913356126504,464.86412920100804,21924.891260876026,48,0
81684.80684956536,42506.8216387885,634.4165509993,13096.454941593991,24,0
63353.974746101645,65856.17605494204,850.0,48777.01649794647,36,0
90214.71601790008,76286.3773796499,490.3043924300828,10756.20808660063,60,0
75539.84329174356,79708.98641298572,631.3974336793785,4177.465846246085,60,0
60786.142583221066,63371.27420406101,781.1926575331252,32132.041395534776,60,1
50893.07024202255,5000.0,724.9087858300095,33980.03755767419,24,0
57572.47987011935,39764.00801920113,635.1259285200862,20449.656823077283,12,0
20000.0,119122.6935064757,635.3651329831803,10967.845661889085,60,0
66318.02517892925,61226.502044074354,534.4090217575421,0.0,60,0
45345.71759668921,61034.587053315954,623.2344229994446,38310.82283666165,48,0
107780.09994848652,60784.57819321574,674.344071424013,33028.413648825655,36,1
60580.32212435263,62461.388675179696,760.511354327409,13401.675203763565,84,1
24331.097413951145,5000.0,587.9824376485244,20893.5871764459,24,0
58503.59537615647,42814.27049266794,631.0164871936538,16599.84226217582,24,0
28616.367448124874,48863.21504615932,555.0786519243318,44430.95361929509,48,0
74202.222471374,88444.86197760237,672.5325179540505,4431.225455686603,120,1
68728.42093018455,51430.18683866888,728.3779450308963,10699.077589701204,60,1
88735.18893324802,5000.0,712.9648013429895,9249.106414040323,84,1
36273.54624916304,62902.67468515257,532.9812924557644,24652.419296634107,84,0
61020.242886844404,25885.260552717642,664.6863209456415,20841.941805459086,48,1
20000.0,13496.430767557467,582.2687471749812,23001.02245194224,12,0
81044.84345774143,24975.228598502577,751.1050015652834,6790.893116882506,60,1
75566.13541320366,66275.12688993546,633.8687277226462,42273.452456155916,120,0
74874.15063082712,87762.83719280205,498.0486661758915,13189.32339168145,84,0
60048.57094070823,64487.898355327605,628.0197294392267,37813.84924094788,24,0
72443.18672366373,68960.69670851064,695.8472569198881,67086.70995922017,84,0
108130.17324925789,64191.35818514004,674.4006063142799,6899.959192784332,36,1
51447.17228873958,53039.81530581405,598.8203986348019,25135.77349806945,48,0
64159.355511302536,70907.91904888273,591.4726610128854,18025.945426161205,84,0
27416.211024557706,5000.0,551.2495601783684,50463.22332384246,84,0
33952.171152050025,53332.650539145,610.5250379664694,15790.191087723502,84,0
62934.39879279922,18652.24896133245,564.4321033474198,23730.37216277129,120,0
93118.00640105721,84887.07717632418,747.0085986177314,23403.0247926699,48,1
52311.57527245283,45585.34084349419,559.8862609268384,18494.01845078238,24,0
52922.50412063628,50928.44264803491,662.2284462362201,31332.106518002674,84,0
47793.44266486876,5000.0,655.4303903326332,21400.94600682567,120,0
43957.29987467031,80504.92667038554,744.5667447884912,27227.776070676216,84,0
68849.14367126464,68819.84360821429,758.9368288958372,23204.040572854457,60,1
20000.0,66708.43647021509,719.5969943281328,10931.934114340424,120,0
98428.18730000182,25609.31443493533,685.292834329013,15965.56910412185,60,1
40037.331056116185,26790.8046518561,545.1353853905943,28331.3427911444,60,0
81657.10456314424,56707.98363337716,543.1129912261742,28270.404528550192,84,0
21900.042078183724,29165.047692558466,565.4309180235051,38675.13573217542,84,0
80065.20391638654,63046.78888032016,725.1920999627915,47888.66221758003,84,0
80158.33823443492,5000.0,657.3329928250636,12183.966841384863,36,1
71526.0621601769,35373.66330780222,736.8657240735563,22023.11237419459,120,1
30167.144346006233,103902.60396279473,750.2802734320082,17098.912856722905,36,1
67486.44568794231,63184.57483987295,577.4048099700752,3390.3854390168526,60,0
24508.31445796833,55003.80993592978,653.2074327557187,28468.327082066324,36,0
52417.102347114436,109556.7960701407,648.700632131641,31667.55746008783,48,0
90882.39302865978,5000.0,617.2212310375785,3845.131607202273,120,0
83901.05781212226,25540.666556356777,596.5157145475289,14382.509912370213,84,0
60455.48827621299,37964.80484757833,768.4755503411056,12918.657163559845,60,1
30755.802722314744,75750.5369901617,655.1971726715501,0.0,36,1
79367.6313652258,76269.6908968471,651.3144788559767,19454.340047523157,84,1
60581.43713094076,24019.798730521215,569.7222325131404,2821.3748534214646,84,0
20000.0,79938.6296642765,717.5212430413504,22384.905368829895,48,0
83478.89478949553,37900.556980348774,549.4892499161986,24036.822874396858,48,0
59273.014983909234,86349.188769475,695.4905528844682,25895.34174957089,36,0
96073.53743949217,19020.71905633827,698.2229360055162,26619.832665948197,60,1
27141.88443471586,46300.65202801518,608.7484950676431,42964.11074896303,60,0
20000.0,35294.980538703196,681.765208118318,7870.307887766137,120,1
68372.51575035555,81680.91114697141,668.5669559044487,8622.772759741449,36,1
68746.91030045919,34316.56350301487,646.0639375189851,29827.458457642126,36,0
20000.0,48726.54412964732,651.2943980145233,18020.277120264287,12,0
30645.013624001807,65204.341929891474,656.1781823193521,36879.89910587416,48,0
142656.53231159705,66357.75449078358,662.9911672672048,28425.33188549067,60,1
50831.6815753859,76608.57822419515,656.0242031343706,48771.66992439292,24,0
81928.76929128649,56333.74330534,539.6135809787859,18630.07325340963,48,0
40480.20517894849,37452.53254160506,634.7789048994396,0.0,84,0
20000.0,39509.03763923749,676.4948601196872,25109.921299687197,60,0
54892.25259612284,50770.16945622836,659.7288728539291,18924.88763128882,84,1
52031.86319141684,57487.774282231505,745.3750259395139,28017.31229771856,12,0
48003.65283994886,45584.85056454691,712.0086589499455,29939.107800128062,48,0
56560.77493480823,50576.102628966415,562.9590464946864,11981.772273561157,48,0
67928.04814936909,5000.0,633.3372891945605,4864.915122122671,84,0
55496.491462385806,70020.65853364035,618.8663346552812,17810.849749814206,120,0
22079.81496157909,55433.368666682894,649.5651513372816,0.0,60,0
74585.54374685817,80056.11240623266,649.70186001613,21210.00888179327,24,0
20000.0,50004.81522221255,711.1521669239849,13888.428872957546,36,0
20000.0,5000.0,667.7328363141144,32925.12566739021,24,0
82175.41484104704,39246.61432079975,773.0545005208551,0.0,84,1
75210.6081640607,44002.102306447494,674.100313766236,20095.17964700956,120,1
58278.13904777892,72287.09916300797,566.9409479662723,43643.36427075709,120,0
20000.0,5000.0,603.2719379831781,30131.01991926528,12,0
38762.67177977774,51235.38550846805,710.3789070731758,34710.07993531794,48,0
52117.59756940488,65410.256473799185,488.5831735494314,25096.002839449215,84,0
20000.0,30155.363441554407,515.4119585239955,0.0,120,0
37829.14025930301,52238.84029450542,651.069720712523,22497.937596537162,84,0
79569.9101453004,31188.904725504664,745.0922118521166,26127.340400960064,120,1
102819.16092867649,28112.812003388284,780.7035431954878,3826.631837138393,60,1
47416.95742024348,37747.40449606049,628.2894252978228,18101.69234961,48,0
82694.65062948296,28679.240225989677,756.0828686985884,0.0,36,1
20000.0,70508.54935808998,657.2267909768898,14988.527360872878,24,0
79783.53723340835,27951.443694938665,496.8585017756769,13454.360857755462,24,0
35881.547558175575,22912.69978856218,649.192346352163,41033.59033420022,12,0
69220.3685012391,103037.860005186,588.109187537845,10951.653460569602,60,0
52567.427452808726,78822.20035472106,741.823088047774,16004.644121067815,36,1
99612.42029351502,5000.0,647.4324739645514,18811.568340847873,120,0
33766.930549802455,27056.951304423994,522.2086893443529,11145.1996410443,84,0
78828.18892685493,57273.889151681324,500.02851890914405,30796.871327482386,36,0
51614.776101104,59712.652016944805,647.9020042585549,0.0,60,0
55250.83565971009,5285.214027893198,407.97825285402945,37048.65056216194,120,0
54484.38320522371,84756.96478466966,598.18347101721,19821.82822526196,12,0
34629.80686517661,74756.73257544878,673.1030325742842,39524.70702193139,84,0
59577.031022799856,64457.04896121016,544.2983495944642,0.0,36,0
58120.55333634536,90701.85472136363,749.398715690533,0.0,12,1
67237.20745220188,63568.69977712754,769.1006549750692,15620.321606217496,120,1
62535.15437078588,63457.42637755541,548.3299047248048,27588.730820008408,60,0
83939.83648836709,96730.37815466727,620.1955825803514,11676.009259952385,60,0
87705.25848142106,83036.58742183127,749.4693151321471,28757.687451237733,60,1
28481.300345165964,24754.77623265406,649.8692465744911,34719.64636164445,36,0
86063.17501772313,68995.85536015747,510.55214219009804,29989.99320532052,60,0
24409.907186704368,30071.96405124254,635.6678931435647,21549.027565701217,36,0
77635.67664413205,65124.63652850834,564.707167770416,21434.042744810846,12,0
78592.16354108606,64298.40521059443,760.8197896425886,10778.07370417424,48,1
20000.0,8495.980626320423,710.5932094324589,19169.385136943336,12,0
62789.37739588229,46344.63166066894,618.6243054734372,4636.536691479096,120,0
45945.11659919053,57957.710707412065,664.214801253004,8229.057989584135,36,1
37237.042261938754,36911.29427017529,519.1878423027514,27715.462993201323,120,0
100525.56992097016,59441.29827172279,574.6222541442388,13056.783027029764,24,0
40389.62578087743,74176.93331003207,805.3279187692493,8936.571587460006,24,1
35808.69212645851,49082.20807307733,655.3514652579668,26738.465197774894,84,0
62270.8482001528,56737.98430124779,743.0085804791365,25698.494853956257,48,0
80567.69238895249,91502.72235667925,673.2013088408029,16770.50621827083,60,1
55750.54241969619,64195.897496756785,781.4281843029524,17765.968539175436,12,1
94991.11637007757,56024.72869023421,450.11624674007805,26239.218348198607,12,0
75929.26985892272,21257.61861075918,631.1782415980994,34534.356745758356,36,0
20000.0,70130.78034166546,814.4781646216389,23016.28488730642,84,0
44115.99109478975,59904.49848175816,745.6173435560644,2119.4913443433143,48,1
43144.73701944903,88512.18301104225,782.5372258790192,16678.58760854823,60,1
74380.82860288267,51406.35629909934,649.3235406343509,13892.752433098747,48,0
20000.0,5000.0,596.2893584586617,4205.208404383311,120,0
136470.29126153165,5000.0,547.2835540312071,27468.99148403151,24,0
75930.7828468263,72070.422912792,540.307190833849,28622.788690930007,84,0
64466.30411753073,32894.1920690554,730.7060562208519,30893.126325589397,48,0
95447.03149257439,63103.03253331492,701.3211050420852,5136.305688768651,120,1
130309.62158437875,53426.97933507068,643.342655066964,22361.7640561876,60,0
86122.3993376521,44994.80996918238,700.819065485168,19905.871507338095,84,1
88464.3928941486,47109.1614323533,664.2451759052061,24611.04640012829,60,1
63920.70073393147,24038.314848643196,746.2217701399484,21945.897372472893,12,1
55754.22739899155,49526.66933300988,745.268675490817,19811.810826255412,12,1
45726.13667985296,32465.19701616804,543.4125899515158,18009.143607881786,60,0
35216.64024856374,38832.30439622886,677.364598746979,36602.60915038281,12,0
39389.577009015076,40290.52865872517,483.11332498059176,7072.789887210709,12,0
20000.0,43199.201903038425,663.3020738090596,17402.436938524268,12,0
57723.8564794493,77665.20369521259,710.4304279701586,36220.560002089405,120,0
20000.0,46106.275123859195,518.6280655206839,7834.161139528864,60,0
65727.49572431132,80711.07009770296,608.3537264539168,8598.681083840198,12,0
58910.08175872975,96135.64853979445,650.9526377219802,31009.11416677714,24,0
64408.05895160064,75648.33953168448,673.391491637339,0.0,84,1
44336.05289940022,66034.05605205533,622.1396296775165,29909.466845397408,60,0
152305.8111054151,59804.96628450561,532.7711847595328,12655.481311295549,48,0
100803.4770054094,75960.7612715021,644.5992798080741,26150.009232806337,84,0
22663.724997458317,52680.82215788718,484.7756433059022,1688.981494165604,120,0
66986.04262280694,79537.09537871595,626.7358563317855,37776.143998375526,120,0
41759.81571188029,68423.17415869053,605.8626386303071,1741.4202516568585,36,0
29565.608198777583,39204.786176588364,636.5734326560579,30874.25530319981,84,0
20000.0,76875.52640308418,594.0678022524318,2368.0642433602225,120,0
72966.50072277762,52744.40017932706,499.23191618438,47124.51306633595,36,0
39558.59294791278,46816.039771630516,613.3656679410487,18929.273272173064,24,0
89034.78072075613,35714.025188030384,743.0820125037319,49262.856424954756,60,0
89813.46643591317,54980.565436237164,776.1460803988805,7716.687688840104,48,1
101217.43155634348,79893.8784623895,850.0,13360.239559268066,60,1
34428.39701777689,76668.20016779112,819.1650408397663,38160.78805598254,48,0
74260.96832076031,60601.8139237687,530.3062073331896,0.0,48,0
78973.62649926903,67989.30922175106,609.1562398727341,9511.00016195087,60,0
45774.65474688105,88150.90374567674,647.7214365162223,27426.02644533998,84,0
36846.841278213746,45501.01126487417,641.44401657663,4718.291349555006,12,0
108285.61997327919,16537.39989409381,656.9533329896226,27827.26133028567,36,1
66824.8762719616,89033.89556535718,850.0,22556.065775325773,12,1
79079.03252135214,34106.65243907845,541.7948454207602,0.0,36,0
35337.71964516217,29289.85629968286,578.6468863785701,34516.531819751995,12,0
23421.466004334186,5000.0,814.3825930089092,1063.503602081466,60,1
42916.506765236685,67138.4915949289,588.4018656915148,31569.186454594055,60,0
56279.35837830009,5000.0,689.3580650335716,21927.130973664214,48,1
28073.399795479534,27492.235769247894,753.4657369868208,13174.81302941387,24,1
59704.65574048851,67647.10383545177,698.649901673203,3418.9621255867423,60,1
20000.0,71657.63757225116,669.1765633102492,24939.039881122244,36,0
26398.577325903832,30448.875553452992,743.8610769693984,6912.128097837092,48,1
80127.33744830625,45975.40019022784,560.693144349503,38119.30214078865,36,0
78113.71560833682,23822.164207815407,600.3636870503999,38666.75913955099,12,0
48243.697038394006,33548.09636566452,703.5637588465164,44630.51031478995,24,0
29467.070727691407,57986.45780458721,443.0560740785749,24213.461556129623,60,0
29177.893454219673,34950.59963610627,791.6583823344693,13935.352917524358,12,1
48801.952621760574,42673.548794729926,680.3392375197781,15546.461289940145,48,1
79335.55474935874,6058.799551472992,665.303175278115,14448.686257966188,36,1
87847.37074032973,83988.68494418412,486.9487122358943,23720.083074936607,84,0
45104.047935540926,65301.997795131974,521.3390874600262,26549.10883382904,120,0
25395.227220456487,73787.16115511605,610.1416335699138,38473.46549025347,24,0
68035.30913599,88712.75973850588,730.7429850295599,20301.851233940473,60,1
35293.95088122452,25243.613733628506,442.33839878014146,0.0,36,0
44452.42083416393,39248.16550915929,728.8364800777356,13888.686103071472,60,1
99758.28271311113,5000.0,613.9968675891633,43337.77670084784,60,0
84813.46285697304,144212.68730306713,627.6576527258349,0.0,36,0
64739.22936754355,45512.44054047872,675.3592941690806,31087.249406020725,60,0
21842.429966618314,81161.83699744736,676.9317237846411,14141.40329624839,48,0
66341.89702411977,12855.165669936236,578.7571410063402,6748.035344007192,24,0
91879.71872362579,79891.65276929029,712.4910088468843,25934.165736681876,12,1
48730.990027033935,105727.72629948996,418.0601860103561,43414.29538434148,24,0
100533.42269960145,48191.57752916055,604.9581113432346,25106.662651747567,12,0
98782.3586855462,19673.55510231196,665.3681763176904,16061.836849381412,48,1
109911.9849643042,45836.107971633915,615.5050684785525,559.2614059044645,24,0
69157.29379594058,5000.0,467.3089696034018,18517.262583458953,48,0
77621.75099418037,48863.398969344744,725.8027378760471,17.752695658382436,36,1
102425.6186499327,74629.01417938987,525.1612187872947,15351.136678696552,12,0
73421.81811206928,48927.270668794576,643.248599247171,19054.135274125943,36,0
44962.97676629362,41475.813359330976,665.3034597067623,0.0,36,1
46543.71490416416,65827.04348336099,651.9827153765367,40824.833068818305,24,0
67156.64861321218,68120.74540848657,766.9010925863815,1422.1779031934238,60,1
21283.15734161344,5000.0,644.6737440006314,17210.611982439576,120,0
55702.23253907422,52664.68886836366,692.745540469694,28007.498687187745,60,0
92896.41354690761,123079.5537268773,644.4095966848759,39628.24577268769,48,0
20000.0,9949.512630559286,711.2956084166275,8117.7049044075175,24,0
106034.46305383544,47437.435015008006,789.3495297047523,0.0,36,1
93671.22656109478,108252.38366155108,663.7541829472194,36179.9557401693,84,1
46207.06152508571,83125.25469631026,728.1850357582999,1257.5767036068537,48,1
76301.72483615429,34598.09957671816,795.5328934882198,25391.648653755925,36,1
60094.4318071898,56184.061388678114,785.7184246974272,26323.84550203469,48,1
96899.71105316048,49936.6496004553,611.471059638879,0.0,84,0
89480.49428309823,27557.84587034998,753.6432355745168,0.0,12,1
20000.0,47772.43677520753,674.8771160047193,13087.83189924297,48,0
77617.8724039253,41601.016015804125,761.7229997733914,0.0,48,1
53831.16439070257,53382.46814230249,706.863458356295,0.0,36,1
62484.977115543,27548.504579269,677.5668076036188,21843.178401900008,120,1
38154.842970905534,11701.453992660165,693.3972080346355,18672.74521863097,60,0
112444.11207362506,48761.576798228874,675.5237956038932,24539.81645966408,36,1
91201.85459707728,101453.54654536341,679.433304513651,26738.31468093278,24,1
37806.86508081098,52466.087787883895,634.1167639418092,0.0,36,0
20000.0,40052.186632053636,624.8275659392483,727.2760488104104,120,0
48429.821070664555,72622.57415115496,826.3174929372669,31420.492842680753,120,0
73035.07938273918,45250.41162213864,697.7527911111184,42864.9536150402,84,0
67206.1753183867,106040.9877487733,592.66950777686,5488.879267066812,60,0
97593.9847430473,49882.624721147644,622.2582568570357,23883.583911454352,24,0
83697.59166542557,71014.9118947449,755.6258453447952,32106.24339970843,84,1
89087.0707725872,27361.868528201812,576.381328991138,23563.334257839273,120,0
69805.66201831312,65092.67760009987,501.7972318188989,16268.505418685285,120,0
20000.0,58252.804308312625,509.1550859397955,10390.250083265108,60,0
54129.044065592956,48304.81626022376,477.10243997952125,49779.03807148312,120,0
91802.69219725997,34947.26716490839,520.1185141735542,21443.13562290462,24,0
58454.31214426062,30859.095030428765,531.913406019919,25834.13046825912,120,0
75092.7110587124,58470.57991938958,788.5237379608138,24864.80121120368,36,1
50437.55054261601,68868.1732908942,645.3820787340732,7813.723894987817,60,0
29105.64454374465,46185.11611117606,613.6736460863283,20762.31534971458,84,0
56299.678078616686,58618.037873623776,505.65869369814266,15166.359681828471,84,0
69271.42329097961,48862.559656016914,635.687360252866,14897.786132466728,60,0
40329.36841615669,52955.78074716163,476.2671937435807,24754.387115281457,84,0
52928.662654299944,43986.65051968325,613.0582828713635,6265.355401469895,84,0
31816.10274042052,50539.177381049245,850.0,1928.1736879437813,120,1
93577.34752692288,130941.21370452279,716.3803578706365,27540.875906081303,12,1
51166.327272358976,59349.02896422274,629.020183964547,12025.841110569949,12,0
103582.66635378549,69358.90875293128,719.8123605406356,14824.764195848953,48,1
105862.43551622725,63140.70815984291,597.8456821872431,0.0,120,0
57568.621058347686,42115.49530108822,569.9322257120812,34446.241732649505,12,0
29746.53802357951,88819.67639875005,820.4129629532843,27860.243178735403,60,0
20000.0,41265.08688720976,535.7725346079726,30621.031779677447,48,0
20000.0,81651.63646827654,614.5878764322649,25809.884305966163,36,0
20000.0,39973.79005800653,680.603328236351,0.0,120,1
101354.08882384514,21200.824425678773,556.3765794242552,23434.98447018728,48,0
63474.73761680839,60961.886247085786,715.060495363141,10862.997464825763,84,1
71688.13572275963,16859.9493169368,619.3405475357747,5557.14342149691,24,0
20000.0,66069.20675049827,716.3910327566857,27500.72362168582,120,0
24061.00712348215,14175.240317260497,708.5984179750518,44877.63375129019,48,0
86612.39329338861,40429.7590858144,625.698786937417,42400.09128434512,12,0
68603.2233714776,7048.109104257754,821.0658672590985,29332.17527765924,120,1
55583.84163943208,134725.0102820819,583.4664196566558,19546.57760811205,120,0
76945.27075800368,5000.0,784.8870470548737,16766.86518621631,36,1
109073.93418407445,50294.41221189213,767.4933242628041,6432.446203351594,24,1
53368.72609388849,84299.12822990041,827.0882207660441,15954.002244399851,48,1
62081.094079742084,81091.57725761076,667.4056039343021,33627.85939382217,36,0
65777.90756193915,75540.26366519411,571.141428807201,47347.08698037405,12,0
131763.28905821976,40483.14835335573,850.0,7752.780395539416,120,1
20000.0,90532.66839011005,616.5298532023636,0.0,36,0
80496.69044366424,77401.73272406548,568.6457427294464,12036.890058315426,36,0
56555.93253722809,56368.9885298143,631.0213254095187,33559.31169306702,24,0
77003.15178552539,57217.422731797764,551.8309283842923,51084.15935988604,60,0
40278.82338015827,40882.320571538825,702.6148825123346,39650.61809985206,12,0
58531.04907424649,22710.43922500885,589.4331618241488,39279.27818567566,24,0
81342.31738396485,87114.5292643615,621.2515830095128,7256.594694878895,24,0
153387.30603131524,89366.23980804595,746.7778861664963,7679.159396764873,24,1
84241.08568206214,23476.72576910236,712.3693210176192,142.85544100688276,60,1
34558.03205908474,45386.44504561425,651.5584572569659,10017.803958118539,60,1
47287.2095393189,45697.30350623213,667.0873528746982,33711.46675116748,120,0
46397.57674848438,49020.3228877907,651.2255430631542,44367.30780402389,48,0
20000.0,51928.84635762745,606.8844933582635,25182.759069242937,48,0
50097.29424895688,78405.84384938539,649.7473339152212,16173.18559985122,12,0
81984.87245465236,27583.48074539769,699.0841625492943,3999.1277348986714,84,1
21773.036427696148,24609.5902546202,637.383787102116,18312.272659800616,12,0
91454.47953151778,87098.59226428925,691.9767630230274,23046.89491475832,60,1
74633.24463253014,36120.65774356105,566.3331221576952,0.0,60,0
37973.000340868864,12108.939392688015,589.6106348854295,33822.09392760183,60,0
55754.11087986458,35446.1017370039,576.5679496726025,13641.29005537011,120,0
107949.65422923099,40098.417942679975,593.4868628207594,32921.23761651801,24,0
82006.43440517597,96648.88183177295,778.7181046706091,19836.200569235236,60,1
60263.50964694443,77744.78637130212,722.603879311036,24458.250393309605,24,0
52869.500491170475,84425.61849896726,542.3076881315654,9470.761848780387,24,0
62298.272113549785,74599.20927040357,693.7498296408455,14830.770712768259,12,1
44647.0932617309,78387.31014845942,610.941768735143,29630.631850429352,120,0
20000.0,29357.536202590458,581.7615414528434,18027.526478924392,36,0
121265.33731604193,44041.935339395466,501.4260534277493,3425.389764542462,48,0
64659.74997598204,20302.540609293534,747.1918693820244,21673.6108257842,48,1
71944.41795367611,43685.359083889,513.6136850332862,25785.125252576017,120,0
58262.76750369274,70523.14972804223,644.8036821990125,40593.32788508046,12,0
37946.49597826236,54037.4985443674,555.3688754275131,37288.29902989208,12,0
54422.265571536875,89344.42456880886,727.5843947069925,19030.466804691976,60,1
20000.0,15757.526233183424,616.564817368605,11789.972530036317,60,0
128312.59494159913,65007.150520947194,636.5537344479656,16575.47900957464,60,0
22964.640047328117,12550.91594392046,639.9265737069967,12143.997389331143,24,0
29041.011484584615,52825.29407520927,680.2570334935783,27592.418385559202,24,0
46792.223868407986,72210.00267669436,651.3004763983309,35624.97683923475,60,0
98642.27174557133,43564.922995273424,645.6726811038884,38597.51538941133,120,0
60435.26997787962,66533.79812260868,598.1598024745222,13816.903212535024,24,0
22915.92611908613,21208.029955011978,492.5270626657907,12319.604008788225,12,0
97630.15082272018,5000.0,538.1449040458144,13694.083631620539,60,0
81930.01880356444,66710.8886746341,721.8479738680645,0.0,48,1
76153.04871649358,102320.30702227197,619.4180536673703,1957.814621796224,48,0
81472.02723512522,20118.65179490324,583.599022227752,19481.704910919747,84,0
131830.85701747352,86665.82540320387,509.4271855581955,25689.076106659544,24,0
125552.84685108336,51302.70226449233,478.0352859909648,27367.59586823819,48,0
39398.539709901146,9929.254349207717,579.6793119871802,8292.583671941979,60,0
108716.54978433457,16054.840959435125,738.8052854045258,12633.347782709689,120,1
71495.04569276702,50473.5432008195,594.2929806377681,15957.442900408085,48,0
74972.87448413248,37866.131362276894,690.0485525241447,14283.111517466612,12,1
20000.0,10612.610697252829,589.6940170602043,30320.265809969962,24,0
54888.42703835412,5000.0,713.8866696028849,377.38835057106917,48,1
35615.29228990305,24598.420162204817,614.8249198191331,2760.5659243558694,24,0
84841.76444679928,55814.27024993355,526.8115754449503,15523.470565288306,12,0
92132.41501208415,49807.97742190586,623.1046932100556,0.0,48,0
20000.0,34962.86127499765,833.4000418280407,0.0,84,1
59338.95407987189,56056.615828744485,828.9884315550855,0.0,60,1
93655.84514382757,81200.80159588062,698.6533302779364,16359.281173268497,36,1
54399.63113059665,61823.795313024435,636.2941184586298,29457.96224488213,120,0
81871.90935007093,46360.73985831258,680.3901802095083,29770.49801589239,48,1
70534.96402881252,77842.16019982066,681.6852338733289,43818.73148808637,12,0
70249.80695857879,21204.49093351115,646.0113247632898,21524.976763562907,84,0
51860.55065795108,43252.41381333945,694.0944019922617,23543.00768493242,84,0
23502.575875928713,43967.361931988955,670.8226862153564,16243.894444574833,36,0
26354.09557724918,12891.402246714642,618.4027614635686,16972.603013959866,84,0
81280.57543365951,37403.775131469265,530.4743200616357,51208.179973928185,48,0
60583.747665566494,5000.0,603.9940757779834,23920.27155882548,24,0
55844.63266178326,107365.3414298886,729.9518849073597,25224.114036411826,12,0
47283.29873032942,21877.58634691061,646.8537775504635,2823.285456245503,48,0
50844.33463557745,97583.42394263935,680.0286891587505,26156.334123576024,120,0
91407.35383464418,51142.53517158477,621.6984472295587,29874.97968985197,120,0
49942.6775439592,66945.92396467876,544.0402494989376,36654.65191906798,12,0
20000.0,35336.00604947205,626.1370285128177,29451.26787352252,60,0
82309.5532662052,56237.89075885023,547.7544099250649,18098.926578740247,36,0
53853.70008405848,69514.68919965308,541.3710826396449,17458.650307051867,36,0
60941.875965983294,69936.57243182547,770.563660886941,18918.78981846646,60,1
108227.34919198531,73243.20170223071,607.9913995065783,21607.80565341355,36,0
59383.18327948479,38950.01869882471,575.8515274539966,39014.75661209268,36,0
68675.51019356176,35589.20982525935,811.7959684380905,36089.59323801811,84,1
24632.29526105024,5000.0,731.4985035404242,31293.664305886705,120,0
53409.916429471195,65696.5703353081,612.8490774498161,50438.14970705447,60,0
78285.78135625804,82471.36133970328,692.7636325552369,0.0,24,1
20000.0,98479.45039753789,626.4211681739297,13099.12138510954,84,0
66025.35279347129,59155.17903741523,580.73203207204,19830.91071328426,36,0
63023.73217934419,27005.60681274292,697.4691224485005,9916.557890585407,24,1
61238.62366762318,5000.0,617.5698114679797,6053.739130214135,12,0
91114.7669597473,81250.00199250052,657.5498008999404,0.0,12,1
70033.15544545565,5000.0,752.1363234899671,15330.070818736061,120,1
104342.15695069332,39781.877667687,741.1213103795377,33410.40580762747,36,1
30192.314532178916,43270.79516169062,594.9906708143924,31609.045134564094,12,0
64077.73701655044,47916.34586446942,698.6031602287086,8718.051706389473,60,1
62534.00359169842,51074.078001075206,537.2143753854244,23303.676177975296,36,0
27922.365187347597,54144.42669102725,695.0414161315705,40363.99722824137,60,0
88688.85006274038,5000.0,664.8495305801106,0.0,120,1
129740.19917558454,50439.6772961038,687.8979362363431,17617.46029441206,24,1
59489.81776548507,5000.0,620.2555245355767,24297.44436213409,48,0
75150.63264821301,71966.54219272984,850.0,20150.230100551857,48,1
62535.55427445982,33346.245325891636,559.8700292379685,32759.50091026091,84,0
38592.45990278473,5000.0,747.1551710968462,0.0,120,1
20000.0,25573.859678438726,546.8301680231668,4912.720088038803,36,0
38826.795507139046,32897.73982446038,700.4344174629321,30230.620140439933,120,0
20000.0,85720.98852665014,707.5789977251783,0.0,60,0
111123.06234177353,55899.13225250735,655.4975871562285,32176.51761549915,48,1
56546.709182302824,60333.34833051741,600.4675589456295,26747.272343478697,36,0
49622.42012858488,85436.64902661803,664.1134890745299,31128.79609558041,120,0
86674.61474363419,47115.67136226532,676.7010333430175,12960.655208604441,84,1
26347.466914323362,72625.6388309721,828.9936486306283,27647.576550701775,120,0
36994.078859863424,70515.83341795976,562.7659714699704,2415.6864477381932,48,0
62042.16807745863,11405.91519291763,594.4086503685999,13782.42586300521,120,0
90863.06974270442,94189.50732889489,678.4735557069337,20545.084104162997,84,1
75050.55135506365,7390.946597879163,624.3946209604749,6518.758631646353,48,0
67449.75427547647,77520.99948433545,639.99589622694,23271.603020513918,12,0
62343.53205708049,5000.0,757.035183536376,2836.891568101015,120,1
72007.07566580325,68037.1036445502,367.9733496570765,24029.762147525165,120,0
66049.58715387764,105857.44634450518,590.2050654982189,46127.754565809184,120,0
29100.83175669193,43610.64030349366,475.763077374875,1150.0154207396226,36,0
61382.37664899454,42309.33071440561,530.4183563095929,19661.598255861118,84,0
27789.340232467424,68313.19997950547,850.0,0.0,84,1
62432.476287024714,40118.106321123705,709.8168133952756,7505.689728643742,48,1
45580.561755352755,104548.36111228465,745.1564925058104,30529.23757609169,84,0
136181.44868348585,55765.76748376087,641.9470350213569,13540.570973147986,36,0
58803.168487448645,40394.91475337822,725.8713824831909,31136.152081526954,12,0
20000.0,33791.4341631295,473.3435492479751,25338.25038015136,36,0
55974.59367969226,22011.54589480938,753.8298411769601,19032.225929900116,120,1
75580.76236913665,31167.35039727531,568.01558814401,4558.811079148003,12,0
110200.9183845757,39479.79819024211,596.8684180674087,30282.323277463067,120,0
42316.428001838445,35370.8277950426,700.5151070454652,24562.005926772417,48,0
20000.0,30254.741775886883,681.6446758582215,0.0,84,1
84505.11034292943,112965.23691057318,658.4620048393549,5532.116100750214,84,1
20000.0,19097.147705315307,513.6903846419682,0.0,48,0
46915.336754775446,54398.97762938524,659.9813668821641,0.0,48,1
52271.38543467018,67775.63029282616,746.0561353483229,15299.356084694396,12,1
57910.99640099675,68903.23986751198,596.7512903900206,4162.16539478461,24,0
80674.93371223006,48241.78772652584,781.4937045340296,7525.001059194696,12,1
39490.97153140837,42778.92284458071,562.730806408599,40858.552363636656,12,0
51788.12243499718,63546.424737185196,650.6547891718374,35432.199860570996,120,0
59571.88941151834,57995.64949934602,803.5327733376613,9579.97718359097,84,1
64487.93872556364,42231.2349569746,581.860008730039,31903.06451603773,60,0
62934.81524123768,5000.0,755.3985483377073,38223.09279356262,48,0
73080.1732566774,35962.28833000257,847.4652362221809,29278.227373786336,48,1
85315.18528925211,15603.495088776268,667.104406892415,24483.91224562843,120,1
71779.02346952904,29985.213498010202,597.2983012616693,36474.84616577607,60,0
73607.56570527656,50996.69715550878,572.7261197049977,31542.76969936119,84,0
20000.0,60762.08431989849,780.4602703347325,1803.5860466388367,24,1
61506.83097497041,103413.58253877219,777.669419933965,17166.0161909155,36,1
74385.22644004825,33877.808632885586,794.9309122868675,11718.963784106802,48,1
81868.2358371135,73238.76905825452,646.7161649344052,37287.10225890618,48,0
39229.47677298618,59178.8007331351,753.7806941527105,11293.669238218617,12,1
40228.82175334065,88879.93011919368,645.116060887393,8717.225430352344,24,0
42776.97974149205,67286.86158786879,561.6944878391641,35400.23111707459,24,0
76092.4169967403,19745.55718141051,762.4176785112353,23895.065238976553,84,1
91016.43164772626,5000.0,813.3870278278205,51676.73525947461,24,1
47776.19678125195,59337.850990025145,547.939802721868,7066.377157903173,24,0
87238.86940881147,34146.47006298828,546.0569037099331,12217.461058010009,60,0
63704.394274937826,20590.587621482082,653.9981934230125,36829.51606141738,12,0
56271.42668512691,11972.668864007668,745.6128605741,813.4944310846768,120,1
53658.47310546093,54829.26492761467,536.6180806246047,39795.38536888831,84,0
82398.3409380647,95231.23097940095,672.7015736955906,1888.1692672314239,120,1
69767.3345036121,37739.82962881875,590.9573045940248,29153.353448165508,60,0
128274.76282942912,67708.10933225967,720.0829099825003,0.0,60,1
34433.26071008027,46932.00949347222,570.211317850411,20676.94759982469,36,0
75543.05106089928,11318.537326898215,727.180300027418,0.0,12,1
44123.969705654614,72044.34030531252,634.1785189182292,48894.128555172305,24,0
33921.39039034069,17159.23867917886,556.2859476318957,3925.542308067277,84,0
59673.98588895083,50648.79891780694,656.3689955426888,7567.14486528737,12,1
64120.57438221108,39754.387549840845,456.2026685511647,28031.38934454309,24,0
147545.20665180276,76792.32303697075,594.090542789506,10985.635566548923,36,0
54475.62552950394,18255.4702258794,683.7401070324662,30499.30035528802,48,0
26094.638115459493,61726.09723405879,472.8245220968105,9336.647320013188,60,0
68190.32152483157,24806.077779538973,392.88631468945886,8180.735650961671,36,0
20000.0,34666.84363013644,416.0632680186833,19586.619408791787,60,0
57241.29652187203,5000.0,782.712855550037,1746.0423955978658,84,1
60480.758468854816,112762.95714853726,642.324098723727,25945.495470012258,24,0
83838.01148835634,66516.70798478696,596.7534605992813,33159.47779804633,84,0
89208.66748283542,26979.575421855065,744.515473566683,28294.949599886564,24,1
44892.91143276848,16260.329350010186,609.5550317530889,29649.213070673817,120,0
55481.57956110201,35130.537413619786,676.8461899866732,0.0,36,1
37016.37508167987,71506.38604458355,652.5755350923263,13075.283812114138,48,1
26158.12335576918,5000.0,602.9000579247022,16594.022515344313,48,0
69296.84338141904,45752.46742116986,679.4145883889106,41816.79007693399,60,0
21792.433542102022,103119.2561738802,727.3261221420145,11280.389174900596,24,0
47561.192982844106,15981.609920965879,631.5093382983013,0.0,24,0
30144.781203022878,52411.55116290965,603.9444426845386,4940.45739504761,48,0
76490.4955887078,116099.29445773273,615.7487592000547,10082.10173918315,120,0
114042.90297799464,68964.54889072318,420.2087467214268,0.0,24,0
20952.360515900065,53777.71461456365,678.3059546508912,34530.537810588125,84,0
20000.0,65199.093647270085,529.0888711011448,0.0,24,0
56253.39343949798,37974.03994970893,712.9718724118924,26690.323223481326,36,0
60470.93387873275,88988.9385591032,640.9575899324706,3614.0491145519773,48,0
66559.77920271893,38020.09931299364,660.512109653044,42604.76550957616,120,0
46610.38454296965,5000.0,720.0329170606202,15857.69453332767,48,1
53980.821035237044,38260.906881786206,557.3476233659065,12813.325181218588,84,0
71025.31231621807,20997.964103698894,686.9248443350957,27923.81669984988,120,1
91212.92677934517,41564.179634077125,676.7621052562665,4890.492732188872,84,1
20000.0,42227.47822758107,631.5219167357207,28633.197108413016,12,0
48931.81682905613,85922.69599414722,557.1813799236462,12774.970627452614,84,0
66414.2638182319,70858.78179993157,709.5238364055164,11080.972300849086,48,1
32460.71686167792,57897.9646272619,720.3454544419316,18686.469345740796,48,0
111935.08895301899,49911.63766002215,661.3602025977884,3654.94346019992,84,1
40937.70359313789,18234.25973426017,542.9697584285356,17136.624731199976,12,0
58761.219389781516,5000.0,597.2550967074546,25092.275706839097,24,0
76680.66290526872,53394.8003417835,643.9667277579933,0.0,24,0
42261.45633594316,73839.23610720977,718.8494549982094,36369.612943064,60,0
20000.0,46749.983502662326,491.65105988868834,32239.671951918484,24,0
47140.364192504,33954.37031639899,593.6196535695624,0.0,48,0
90883.21667781122,63935.06495642637,609.7327440057798,0.0,60,0
49893.14619644584,47500.03398126959,641.677842059697,32628.59938401792,60,0
34606.97095623064,100572.32575921883,519.8674715975153,31467.78362774082,84,0
87770.16628508165,86981.85026204854,628.2467221626666,29345.521309870906,84,0
50076.753119308414,78785.24171069989,618.951643568741,0.0,24,0
44695.17559049348,72732.02342629712,546.2408128510343,47429.63335615224,60,0
64483.68268989929,11294.977566456291,638.2032415831316,8674.986997767084,12,0
83122.50628856363,69889.81106157799,595.8830903214498,23592.148115273743,120,0
131451.40595197637,61289.77872939726,699.5586142509708,23776.685327582556,60,1
84817.08322972269,68192.7418517349,561.4672438995661,43893.96729196035,36,0
94795.19899165034,64778.28460439158,658.9834122128456,21877.509499156156,12,1
44821.01403036434,63582.87763544197,569.1611162770732,26237.62033511796,48,0
29223.95682091571,131025.99408648784,590.0245761841187,18843.111838188757,24,0
61869.94048857369,47714.42990144243,679.7291627705406,2051.0091693245304,24,1
63215.09745778789,78090.12142487991,673.4717732842156,0.0,84,1
27644.617759062083,35870.3056920799,608.2977817421639,20488.698121909765,36,0
54741.164102879615,73719.24751663016,623.0589381667332,0.0,24,0
71979.52805157393,78179.59670697367,504.6393554890476,25252.658229708075,48,0
70811.8018505424,60932.78231406044,790.27643105807,22231.251307762337,60,1
75128.63560152818,100077.40827129499,718.7456397878028,21866.505440710403,24,1
68728.94190412329,23471.718909187475,715.1448050871106,4206.130708063018,48,1
44789.740221898326,35383.37174995334,490.4967783043785,35548.1611454205,84,0
44582.981200534705,56371.402580704686,590.4510007510713,27121.56645844422,12,0
24031.458060183722,76424.20560452667,616.5453971076378,2274.503254031257,120,0
113543.25117555284,55382.885638848,456.89385079659877,51028.21375883396,48,0
60403.51093857879,88572.77109531697,738.9950096076086,16838.130236227877,84,1
53254.408326154444,30149.30387101042,795.3884488548136,0.0,36,1
32136.237556426237,15782.645315343369,850.0,8624.720236072575,48,1
148069.73706983333,59243.850096095135,545.4116172482263,0.0,120,0
27800.159033313135,47684.59171658911,661.7323496834274,40391.40376530355,24,0
47134.5622318178,66285.9116107466,782.2818269150421,36206.72490243781,60,0
72475.10508858181,49177.931274004884,624.6381521053046,31092.193621045557,48,0
78006.38897232834,39799.40628129629,593.3012086157322,28267.128527792756,36,0
88737.96165647052,47751.872848288294,463.39823264555093,38725.132412245584,12,0
114228.25523307789,50865.46684379555,763.2622457771749,16370.086813670929,36,1
75184.72966382137,40850.56100455009,648.0739243926635,26339.93215218584,84,0
28319.076000999972,43906.03861029715,577.0658141036938,7821.627044240029,12,0
52291.64624634656,37892.199890392694,678.385728982886,17698.2717133829,48,1
69234.97117541655,75699.9535960822,665.3005373178665,26751.15759751085,60,1
122046.78124517472,55820.63013517398,666.8259102354591,0.0,36,1
20000.0,117702.574165063,628.2901937673324,10704.33836547925,60,0
96077.29515675682,54821.13653835386,812.2358158763366,22474.807096612745,84,1
65397.431086392506,33474.27589014015,636.6340266737578,18837.25901087939,48,0
85134.91605688442,130120.26124589195,811.9322076323305,13214.055113817043,60,1
56940.15850092204,62408.79133143006,706.4116926400197,28837.279082112167,60,0
34727.02109621021,79703.7436067845,685.1170142761731,9384.314401879185,36,1
82526.18338203996,67763.08949607474,638.6725246721845,1671.388100201948,48,0
79632.93081316864,68690.33087893247,747.3956693545921,37756.49159434333,60,0
89161.70897219166,66069.62154057423,661.2991767577995,35639.72788905796,12,1
59600.86093864094,16937.463056718043,556.7868784886468,11012.763535960623,24,0
42005.33930040452,61025.87142684236,553.4507809001965,18969.58145469955,12,0
20000.0,10254.160884492827,692.2484621934273,32689.845310355675,84,0
84581.1980441822,44769.114907623974,559.2621114833504,20660.514900961225,60,0
72716.68447331958,28231.476303101383,643.7768943027501,27953.114103070217,48,0
31026.521014081223,60724.10557546172,755.7184538551091,27133.50190590117,12,0
43842.78980110127,60023.78742014704,680.3970177894333,15212.446742677897,48,1
45997.235641456784,64434.3767229556,577.7865129671252,27738.860040221083,84,0
20000.0,58618.89718247262,790.998751161614,5525.845609630731,12,1
35469.52810184599,31795.239746408035,704.7875236994702,25914.114771178327,48,0
25985.089295809375,42169.89531944961,751.779298720409,18888.535153824894,60,0
47625.6296433619,77611.88483763454,423.24416567906974,14589.193521271112,36,0
37839.07505011311,82035.700318832,683.0852878262746,1298.961958049822,120,1
20000.0,15596.50704120352,734.2157836379894,21974.888914387862,12,0
120677.70691708443,5000.0,820.0288642297992,20577.95416484667,84,1
97576.22193087693,28193.318503858638,503.61814158489585,7405.453067663522,120,0
36629.41735440043,81356.22746096752,770.6114589194533,0.0,48,1
68172.6418996083,86446.52090549102,814.4380285701245,0.0,12,1
72523.95269463885,22258.643587964852,448.2711022721021,16188.905156606612,48,0
95732.5756432043,59219.28061209015,697.8591109869743,24597.46459132684,48,1
35441.84920019764,105032.93999420264,711.7620814340702,47749.57391451436,36,0
92763.20351947278,62459.344317210016,617.2992337348094,19322.67732424228,48,0
43562.84087379195,92645.0985569928,600.990553993371,0.0,12,0
20000.0,79961.79710249294,716.7853913287822,16896.227476305932,84,0
81724.09677943491,22694.03881316268,588.5018246589368,38770.47347778424,120,0
98722.75272367283,44300.55729508765,628.2750671581903,9758.065872481298,120,0
137637.26920592054,51042.63434875544,731.2434900823921,36779.05366101337,60,1
24008.242047293592,53124.0016406402,825.4043050326865,22635.870695524944,84,0
80967.59055242367,77489.86860315714,703.7984272542018,29703.223317812844,24,1
47705.962686194005,62260.54286826226,663.3484495414511,47882.83997306065,48,0
83500.76131572094,5000.0,598.360251533923,0.0,24,0
20000.0,10614.791807218222,548.9399959348943,33447.562745123585,60,0
22116.906729043076,5000.0,760.9578241500949,18579.483231780247,84,0
36723.755305005485,55260.95721966003,634.6550148873115,5762.291999695532,24,0
62368.92137004253,57214.629484032834,765.0703274666729,18490.480446153397,48,1
40767.562003849336,58496.748758321555,617.0448122004539,45364.56414727315,12,0
79771.6303174026,21232.151968561513,585.0711338638989,40024.1896963348,84,0
90806.83854773742,70224.32015359968,692.0798888827516,0.0,84,1
77987.32623736067,71487.87489405587,642.34640607316,8452.404409762503,36,0
108563.62918982604,12345.52798384527,529.4471395389262,34143.413533540515,84,0
72474.79888366029,6018.853956533836,831.7368329781848,19673.838833254515,120,1
23493.098689794984,49996.04941319187,587.3016226228362,19729.79990184153,48,0
100901.2954061502,103753.46820840077,742.7591521174213,0.0,48,1
41845.31293182008,100992.28226595928,734.1856629396482,8817.847365514584,36,1
87312.55499056709,66902.13081344157,524.0537235085643,0.0,36,0
107212.02649665318,28100.09985259771,549.7612355383516,0.0,120,0
73700.64032191198,76605.27978465756,619.8490660299872,1133.9302490370937,84,0
20000.0,36427.272055728754,563.4353455421683,6078.533638304903,36,0
32453.635004706255,26974.788899785686,822.6456371878688,8583.297966378668,36,1
99682.33400655407,5000.0,629.9824363201488,7368.054169093628,36,0
54926.319430715506,53071.465950429585,738.9749042814068,35306.84110126401,48,0
62387.206048264976,31103.979525878745,701.3637389000204,6392.836924694619,24,1
82764.73248490828,52892.911385855135,676.4022448996353,41392.77038278448,12,0
80889.68586240971,5000.0,654.0321210739588,12740.361836165615,120,1
68363.99437156382,55094.80017751062,773.7130707788697,26587.97989626378,48,1
53739.948863386024,5000.0,567.4907026664984,27067.146220983017,120,0
50619.94662802928,82638.20759805656,822.6335310456586,6532.348688108043,60,1
85736.96475874029,65656.73702405253,521.2776819495905,15078.641524884495,84,0
76607.0859320338,41640.05685726237,728.1511725622424,12455.842445894694,120,1
52280.99998146631,66881.59580246237,509.48361400602175,25586.610692162416,48,0
92463.36938979421,20657.77212009343,618.4294447773041,18067.332658732346,84,0
56128.97654610649,52171.26546844677,659.3309938060967,8774.025890795287,48,1
34450.1347699682,73843.22115381007,601.3304651170486,21785.87432988965,120,0
37230.879032899655,5000.0,631.8330430383108,25094.2412469494,24,0
30637.77491070702,36583.26920967428,511.30295520692067,47750.67017813881,84,0
51827.69950188939,49320.67609590877,551.2549531276449,21021.896841438516,120,0
97011.72835008579,44111.191467627,699.8264707195882,20150.125202128085,36,1
35847.14456908473,93713.05478682215,652.9671824977445,26425.979156900055,84,0
65654.2728305431,16282.966252313461,580.9471974178493,5758.964560057118,120,0
40299.319631177605,31365.22269664313,782.4277763129671,0.0,60,1
52190.72876185687,5000.0,528.0069100009785,15318.468624187672,24,0
20000.0,95308.59953819436,613.8409534135938,36081.48646966611,12,0
53383.85312530388,42611.295721736,599.4343721821529,38503.275697530364,120,0
54188.83860585114,36847.73335889879,711.5037627761044,0.0,60,1
76208.63832107086,48425.519530678575,654.8163691137195,29991.192207401997,60,1
66698.42739766111,69087.07485290972,639.1834753465403,0.0,24,0
24048.23625143864,60420.90210548374,465.5783296132761,26887.70832248879,60,0
92525.94732130627,129436.52640671263,736.5034480632092,25990.389693449837,48,1
66309.09120665985,63618.07665211324,628.2174185168263,0.0,48,0
65951.8055153246,36042.63712492757,661.566101761042,35000.69214697531,36,0
59724.52939844583,33159.29787428159,575.1436779906122,46157.53851936378,24,0
44467.27658333341,38217.231427495724,559.4171237182927,19062.795034962855,120,0
66534.07019246178,5000.0,799.9287758475687,22114.998124654452,48,1
74267.65307785747,51195.926224747585,472.67614217375876,42186.74304480359,120,0
20000.0,73504.04318626752,544.5800972217228,3105.0194886803,60,0
43837.17487961713,31599.09198130292,798.049215266908,3483.8381356566097,120,1
52351.59088789232,25778.598311476653,714.0746380998654,7409.247441211983,60,1
67685.11817082834,95478.35438882702,617.453746825758,20556.23156466489,48,0
95799.33017781377,7205.505301365047,774.6596314288653,20516.237663937205,24,1
36847.77556209653,5000.0,694.6860116396009,11700.645870796194,24,1
45061.14459546474,15412.941690578518,673.2660091974419,15492.793828136924,12,1
44623.9766806035,5000.0,672.5562017102418,11906.476475738702,24,1
35954.172296863755,61586.78192313745,696.5238217214494,12622.999829290828,84,1
49584.405146632125,39178.864986512795,700.5692501297453,8472.178095821202,84,1
83124.06659963913,43409.3886492848,850.0,8593.403922887224,84,1
28384.935139069632,84588.0253092432,630.5107188327328,0.0,48,0
72834.43185458709,29259.954165116706,633.5952811851796,16644.873584330242,12,0
20000.0,73252.68235236921,526.3106812429286,0.0,60,0
43159.86010673382,95339.68397609609,644.8102613178982,31258.386780611323,48,0
50115.32099346042,36330.12505959018,836.2886899544819,11601.232337822601,36,1
110245.79018742195,72110.68566668942,748.4485002434657,18208.85631925509,36,1
51755.93085741936,42745.462624130596,595.6332256124672,14401.855508720653,24,0
20000.0,77722.94386522367,653.0041364521285,16338.29336977659,12,0
20000.0,5000.0,520.3561624415006,38950.622233950766,12,0
61020.88759040043,5000.0,553.0880655701694,0.0,60,0
78413.12567369726,38261.968552773775,664.9441152613717,0.0,120,1
71263.67572881759,23332.25572820688,600.5545397179548,21790.58489995946,24,0
65027.10317402971,34498.72671710344,545.5400210621582,12561.804143910216,12,0
94867.78792517,43414.2025265858,698.9840764737892,25394.358820159192,120,1
43812.26337788605,71600.40595508755,641.7749913346676,30748.658596119727,48,0
86847.31668080475,37770.18264302195,493.24496283089604,3404.8511515222235,60,0
20000.0,25284.1606813074,442.4853033832212,29050.832648972206,12,0
32851.56501185801,39454.598697233036,592.9988501425746,4670.8476962074055,36,0
20000.0,26925.64160580147,491.17348565584723,21118.627864071863,36,0
51754.64097990623,21979.83493811857,463.1088593529346,1446.294146092925,12,0
58612.163482009724,5000.0,762.8969201402085,21982.15635786992,84,1
63423.044766795596,52084.34348663236,640.2289110134707,19686.840786171488,84,0
61856.50058661406,32938.82880208839,623.4553621774497,3456.057670907823,36,0
32173.400075648162,78988.36217704015,631.1594183849251,0.0,48,0
54292.77466760353,6578.117238231782,536.216784920703,31259.578761454828,60,0
20000.0,33737.493348563636,691.0976165014168,13204.993209824275,48,0
100896.86925396751,104387.21661976248,636.9299673267459,35180.46443348519,36,0
50891.21781305997,21811.714487064517,574.2591344020589,11849.094052629911,12,0
45333.41642868926,42904.00243711628,589.2371315475,39532.69603428815,12,0
107668.20985332248,13524.68051523895,527.2541286787705,5774.156675182541,60,0
22732.603993523124,9547.17461657057,609.3757127098165,42091.19836266812,36,0
26232.386579040925,96419.32949263035,626.0372119217486,22615.577945870933,36,0
27113.39025394305,55131.18477911442,606.7716670870036,25996.95111153067,36,0
57963.858549015546,54010.3651471287,655.5154557341586,4939.630798333594,120,1
72948.94888912792,5000.0,642.1488295238244,30938.227743961805,24,0
82190.26404353502,60762.241643249086,673.0768538664607,31458.92198616759,12,1
137159.85952484905,84722.65837981476,744.3097036921595,15133.477137121794,36,1
20000.0,84484.31182485589,709.302347721308,0.0,60,0
78262.06767373251,70049.99688818483,745.4589840510336,3300.0715112994876,84,1
43286.082822833065,16115.432672137882,565.2265770173772,3297.7900791206193,120,0
42407.5455333368,59393.70251578975,599.1385105911343,26740.292263120213,24,0
41406.83615238367,70027.54881429824,715.3596683945967,13024.514907197856,36,1
32736.9098757608,5000.0,717.1477671432086,13315.854255916243,12,0
110535.74503810355,16361.612255546454,582.1379382463118,11505.31595207874,84,0
85268.91981041708,76644.71965230325,711.1583925781742,42039.35416732937,24,0
60695.87935672124,76281.37330015785,555.6467883354059,20680.279412447715,120,0
100530.47257461,5000.0,698.1055724141794,22966.105033749456,48,1
20000.0,73850.64377807517,647.370379913436,10709.157328430168,60,0
20078.846060072217,52859.10197460854,511.55643960936635,19555.420144892054,12,0
20000.0,73430.26863821455,606.5926178240593,5364.659859421785,48,0
39017.56379630137,30964.36029698176,850.0,25155.87016336894,12,0
64850.95580114258,69355.50489442705,670.2780362804995,2801.696330404542,60,1
63085.75733797002,75314.86323456874,850.0,31163.297683987374,36,1
64480.25733179641,39459.95193632865,505.60734701249635,8975.715908423592,48,0
20000.0,50532.57638519858,725.0741792663842,34225.892194823056,48,0
84094.64227842065,30544.351114860394,396.56638081928844,48609.413865229646,24,0
67188.82554716994,99549.16846057639,649.9764515085217,20016.516672877384,36,0
81991.62844397995,46391.84182022702,713.1217377651321,39674.22683214334,60,0
20000.0,22339.270244684543,733.7890094996276,31271.734234781285,84,0
69344.7257639337,28525.222583757495,570.0730275419587,0.0,24,0
24367.042802474192,53803.118034263396,753.9090421976737,21663.916662777614,48,0
48080.30242345914,72599.93515334635,596.6285239955305,27517.98058533834,12,0
76030.9469590915,9925.19464548435,633.5902748887603,28965.729731394436,120,0
62732.808187677394,105429.80008827346,606.6677780643366,22673.102074624883,120,0
34453.80060662044,59260.25882166849,536.3610649267669,22479.670944908317,60,0
60188.19468553255,63993.67918908237,806.9719587420859,20076.31037172851,24,1
20000.0,47084.31368529691,654.8017817158077,21997.64128990528,84,0
94508.02187694889,50577.769020533764,758.7318378658628,1644.8154455143158,36,1
53841.479415112466,45551.50586217791,754.4711241764601,16456.838285319827,84,1
93556.49832765978,80533.87907107882,553.2059785727017,0.0,12,0
44204.04938711871,49762.142376398886,771.6127247671601,12535.584758690362,24,1
44292.72034780251,73011.5065547813,700.3414243549323,11137.916733486672,120,1
37074.39640086461,36984.574299422835,545.9098135527111,10180.055394941892,120,0
86285.21795079226,55869.21584936947,694.8850831341505,4219.877633164286,60,1
38717.065280145725,25882.389672817364,547.7032115131932,24039.159106953306,120,0
79337.8629724553,86495.84697648611,810.645836797864,15228.945414322085,12,1
48526.42806992129,24987.582778426528,731.3786744922096,13693.606163705,24,1
20000.0,40250.61667216021,642.8851437808964,0.0,24,0
42890.57796640602,40551.187626357656,776.4803618217184,15532.082117045155,84,1
24626.753569114553,39381.45836978695,491.8012355296462,37182.99199873947,60,0
61017.08171047013,71674.87308328811,575.0658699879958,37412.09464790512,36,0
24287.767929765294,40500.26705790069,624.7580278259628,25602.688695776684,12,0
87779.2530214385,91817.73591623218,850.0,15572.690373202411,84,1
57267.724189409186,25445.747416094953,542.9517099126595,28384.742453367886,24,0
54672.120157237834,55081.324098281206,479.2694058259326,9989.696177349628,84,0
79676.76413362748,26726.420320622005,505.56144855017294,15511.216161749291,84,0
88917.20802227588,62629.183475944,740.6215869205602,8862.163361043662,84,1
59397.03744691045,49521.5081906969,590.5807729461143,33625.49640746135,60,0
36863.991013521285,45348.138659045646,634.0913335631386,31700.08941487455,24,0
20000.0,85654.2489951057,726.2832641674485,19479.766114310096,60,0
39418.5072889446,30369.743868346897,634.1915372042089,45968.78463935846,60,0
41483.63260056115,67595.45472854,670.4146604508055,26187.7187115642,24,0
63211.7235897689,26931.20261975623,703.5215147609695,25343.413195044675,84,0
49645.593565859184,53380.55600481121,606.9323608039784,23736.80369810132,84,0
80637.98916154285,14132.74015329664,633.3682940070316,1065.6977340013436,60,0
41610.50186187931,30124.485610797787,674.1955402321012,6585.802528889442,120,1
58288.764994411744,47535.70863281405,736.817927305322,19180.430694706843,12,1
95519.62329590667,104439.47501969233,570.763073581935,19304.24781843049,84,0
70254.75641864899,53024.11611379322,347.94240781702206,28846.440503156544,60,0
58198.87374934307,99640.0494760012,717.9583149385646,9981.993364184294,36,1
41941.66674194469,56609.69875072754,742.7715918750084,21060.300511348156,120,0
41003.05809855068,38387.472665751826,670.0034162130172,21328.401966552243,36,0
34481.60241144156,96180.6956780208,676.8293218956536,21922.92622664187,60,0
43769.79402651302,63110.52866220257,593.5690105859829,20246.217755799225,120,0
82669.97516232944,30718.35218351859,700.0183421534924,0.0,120,1
53343.35186123194,64117.14378200892,735.3166819684188,0.0,12,1
20000.0,41222.15750277169,655.6496341418484,5873.545462891107,84,1
113045.0787917935,5000.0,850.0,12033.154658016432,120,1
69598.9557343549,78079.19477796853,493.62589123286205,2323.221964243432,48,0
20000.0,82848.02166925787,666.2961670856347,19164.89196688476,48,0
46744.532182775285,105138.26089976827,532.5647037682686,36351.60453182298,12,0
63326.591484852535,62664.31076585788,737.984592395689,30890.49748141819,36,0
111137.76279892132,42538.29727752403,491.8524571957819,26994.99943120416,60,0
26756.626252233924,75049.68282135758,516.6078457282301,34779.66107993755,24,0
89281.2215806784,75494.61095956719,586.6813059450795,6130.654335046551,60,0
101984.59280917028,99148.43549409266,676.5832169855399,13148.055954936139,60,1
41140.3708477629,48661.171308006735,590.4528611338383,29222.70294587333,48,0
51674.591434193,45032.63082297217,591.4558737400907,12882.049862420094,120,0
28910.722578786892,28533.667407244175,631.9109545073915,13702.602647733045,60,0
53896.16576759085,66123.86260175605,625.7759840938494,47936.286828639015,48,0
58902.30076971206,5000.0,798.7449388318524,21431.63116794984,24,1
79789.49994247111,73282.62118587694,718.5911119668968,46454.393003011064,60,0
92705.50413061341,67635.0536559737,617.5423260215356,0.0,12,0
37557.118061350586,67552.10607375116,850.0,10537.005430950583,60,1
20000.0,54146.75709505521,699.1661174856009,26132.248709778916,84,0
59362.65662171273,95989.34742593253,553.1037944686451,21405.98869659619,84,0
68806.12589905922,76159.80396280589,675.6513739991844,0.0,12,1
67482.53063055125,31787.68425872901,703.5512544865314,16556.31229141674,48,1
50199.80257472868,32324.628509070597,581.2375280938652,57095.263949280554,60,0
63742.562989918035,23609.785597560895,544.7491089193961,23703.69157745146,48,0
105463.34425056743,66538.49998326763,658.6459090042442,29066.53999998181,12,1
71452.02506887529,19995.8323628013,613.9778228693964,10340.852481122862,48,0
48798.94724990747,82501.76430750056,797.9127888455442,23649.262210945115,36,1
44994.065487120126,89689.1992503663,724.1155824084915,19815.07702647018,84,0
54904.42926966808,23629.511931486464,585.922472591342,36782.216476083624,12,0
109102.1988549192,44433.54396221439,692.5938110948589,36305.013301697414,48,1
54500.978714214085,50498.62944087241,776.7128142724739,26112.7421723111,60,1
59406.16966437876,76519.49481409002,510.619555410035,21064.48723391817,48,0
45530.592871910914,98280.30126829632,547.7221759012248,0.0,24,0
92969.50072325894,5000.0,648.8831382720468,0.0,120,0
118795.11764234025,40454.578474199516,653.5601967905034,21228.663700962763,12,1
73518.39148294165,42019.49913318959,644.780249453714,33119.51167192483,48,0
62483.18711356277,7979.904353403566,618.9222821212322,39976.19085434257,84,0
61103.484995227045,35446.699420878154,617.393967754798,6653.9187443956835,36,0
20000.0,62833.068330518334,688.4258136821629,0.0,84,0
82354.52592854452,41639.632914813286,763.3942553639173,33994.38729341873,24,1
64024.992479875305,5000.0,601.9047270311573,7779.623493524612,12,0
72850.26151982175,136222.48094029742,850.0,0.0,24,1
38656.13417748886,57985.33595612541,846.0691435740316,12594.827628213488,60,1
48466.29363068725,53350.82390320025,782.9255629580082,12333.51549913632,36,1
47669.25190490481,17062.20910798861,712.2483334561562,39802.5661446102,60,0
90648.68952219117,57821.18485913826,850.0,32984.50872022303,84,1
48637.2049019072,45073.58647875517,620.9884635000592,8939.19345855004,84,0
122479.80966329393,5000.0,566.7395588009765,40969.31513834064,48,0
72925.87257045112,17892.336799567514,597.4027940596015,21875.3878687153,24,0
21729.52020012805,73847.78053021836,549.7057196909918,35912.53452941141,60,0
56143.611202441294,108320.52950001325,662.180132231337,39907.67762183318,120,0
40449.74633530753,61014.962151291336,679.9830464127743,16061.106498957077,48,1
20000.0,83092.49834880102,670.0839838681106,28569.793611905254,36,0
107984.12820341368,45327.3407425037,648.75686478182,13898.62303349874,84,0
81094.27626660012,47403.61517958191,663.3154528171616,33951.53392878902,60,0
75996.21953697938,82729.37082858395,823.632380884989,21354.127157055842,24,1
64962.109808991125,99883.31867538407,712.0051867639083,34404.83328598545,60,0
20000.0,89032.90080396866,742.2508796604822,42871.349957276936,36,0
45491.4858133369,18009.10773845543,669.0789936686788,28208.47747692457,48,0
85253.42324352037,47991.23329054263,488.44113015319226,18598.10216387222,60,0
28463.399106524917,58325.74053428885,468.6117529530489,18847.58185115004,60,0
20000.0,42209.66109477413,850.0,0.0,84,1
53186.81976657222,61635.72630246787,596.8177724768778,9308.085202529835,12,0
55747.27337917384,74617.30435006841,588.3248655848067,33988.602805030125,48,0
64066.90249244127,80084.29255865421,674.5663241377249,34548.218105222535,120,0
81855.5593054361,100576.10456664569,705.0402978329928,8981.485128492077,120,1
79128.17436693626,40116.76685825496,717.6862137334413,22468.619266081037,120,1
67763.09415731765,9079.005054820576,827.4418532880004,17161.003668807683,84,1
95865.94164260128,60747.03782043359,800.0736382657941,30344.03568063939,12,1
20000.0,106514.33093554407,568.9066775361179,53129.221450188474,12,0
75137.45443432171,35690.72420137822,746.8734573421789,30627.028670028863,84,0
78796.15090010827,70605.40931191159,611.5909081789201,9947.338181451287,36,0
22813.131417592813,70872.37377417929,636.2491255569223,18823.7070786399,36,0
20000.0,55743.26142033827,540.6010794048638,41028.92379654098,24,0
37621.736205731955,50207.74163131143,480.69271461685906,0.0,84,0
40153.75672454124,22297.123828358224,646.8438287367711,10774.135017667113,48,0
82602.58390507293,5000.0,554.4018083888755,30649.458980100644,48,0
41563.83648926715,16644.478800079138,742.7813678572036,39414.96879808088,36,0
34309.54445156388,38290.87552664902,621.8921756479879,29134.518534104187,36,0
41650.98789916323,82922.6806226812,680.8590218949873,10899.576271740414,12,1
93558.97002462635,46906.15812945873,786.7525753915431,28048.02951989589,36,1
60391.301231308564,34429.228432455544,501.47048182178924,26214.391501048707,120,0
54622.469239292644,23270.436741397087,577.5382611450312,25262.3265053438,60,0
56699.83503896846,69704.17485528441,668.088362456585,18543.894845564893,48,1
98761.81002979568,90750.71499291816,681.252481582326,20794.914622784407,24,1
37524.84820190274,81903.07165602379,760.3497501272326,6387.502091918635,12,1
99465.24872820312,68184.49099275407,736.7153129040598,57203.06337496239,60,0
66314.8889676451,5731.617608511799,659.693362573074,22354.991610157842,36,1
55187.41854073957,39449.77271468686,680.3404670597255,28227.68421576215,24,0
135027.01493802844,108419.12686669026,683.1075890990489,16731.331753574872,36,1
28330.81530604211,83658.51475745675,503.02876353262445,32679.65494069177,84,0
49389.427212989816,5000.0,634.3624522645039,523.5058765679751,60,0
23027.062825079993,48332.28430402186,674.8473217997092,0.0,84,1
88573.85911608508,60892.95297983116,695.8550858785106,19542.927388637614,120,1
110675.66800955037,27135.246109213404,557.5636559935841,50810.82912676597,84,0
110097.68344213917,5000.0,523.1202087471108,38124.81251809691,24,0
96718.46259438014,52964.72135049295,626.546740748192,7873.303554043396,84,0
54071.38596612103,26367.25227138682,846.7366111091494,27741.311149596397,36,1
49042.77067530461,26484.747827459476,568.0752487271332,10460.157832541621,60,0
20000.0,39359.58920207726,767.392824735481,26396.25031166453,60,0
121076.20605545377,45989.72256035565,808.473964304512,27565.90814369056,24,1
74069.34234445402,49727.51617712941,654.5466526233193,33897.186813472,84,0
45241.29285391551,23480.303032339958,582.0152065346549,0.0,84,0
99841.70666960903,43393.71411097768,701.2819563658226,1016.1801671772082,60,1
30817.064497199975,5000.0,669.4990292099496,18866.441631425623,36,0
72198.66102668022,59331.171961042346,564.0896019809692,4513.649965031713,24,0
54821.12597127496,5000.0,584.1197173628224,3354.168950226158,84,0
79160.31419640903,41315.297586991415,695.3579852145331,24077.860688344008,84,1
58092.79382441635,77575.58461030861,743.3440408168548,6259.466533304481,12,1
20000.0,18219.779381755205,617.7209798684612,53864.85335582687,60,0
62267.291180101136,71492.90610972201,643.0866435111947,12002.510190591456,36,0
91465.92425626086,84671.98136362676,716.863857051108,15946.518736884611,24,1
59123.507824380446,5000.0,632.7513115826065,24463.108107757056,84,0
83253.45364767258,45459.11289272773,620.0673026704116,0.0,12,0
28634.115429778405,5000.0,574.4659180272774,27627.567682480178,12,0
59212.17620190443,46453.74663287162,572.7315376625969,25122.0147475083,48,0
41264.68634734268,49784.8636705602,850.0,14760.417269334497,84,1
82409.42520314129,5000.0,630.3798339920918,24108.909613944248,48,0
60944.746867859874,107745.15086239597,786.5058321512224,26424.23769235954,84,1
80702.21029009837,58580.47422903875,818.3993337519071,41527.86068450449,24,1
92631.31278473599,24529.29703753894,631.641771050684,57503.92201970129,60,0
80748.55725364166,93961.38282495555,686.8429808434769,4077.4851854799144,84,1
68193.55302880933,5000.0,660.2478482033032,539.788850876841,36,1
30053.63224465784,13124.86899445048,488.7817649341323,21541.24416962023,60,0
59916.416679992966,5000.0,494.8026987751838,0.0,36,0
44007.287939525006,104031.35589618002,654.8848466904273,29741.22847738256,36,0
49678.08129887321,59970.3911441601,607.5086461391404,21696.211446092857,48,0
48763.97547749247,69782.05369545484,839.158033839359,25509.298988920655,48,1
30602.232756532663,59030.03701755427,626.3427061305381,15446.420973200798,60,0
20000.0,67213.03283433753,845.0928997068124,23825.23648952603,24,0
39955.70855016699,52342.331416879686,602.3608603864456,27083.593664658027,36,0
65801.38355772477,58127.64028122324,841.2200420608933,23000.351084998867,48,1
20000.0,53228.10308668853,700.6424496947346,0.0,24,1
60470.46709414873,31742.245832921646,706.3291895771197,22580.087408022817,48,1
117008.05272932895,48601.25704355993,598.8236043266351,47809.47029074753,36,0
90691.69665756718,58207.83719785033,707.6917180403689,23613.380877197946,12,1
109306.24527361587,53316.47358656392,819.2713433081251,22055.834191522466,48,1
71733.83630798178,5666.836767400491,635.5172505939862,43400.56486836239,24,0
95025.29468959337,9650.399941747717,616.0603184633383,8815.766633526913,120,0
38281.058085966375,82485.24301749174,625.3237461139912,33345.16460130157,120,0
40669.791989340476,40790.178623497944,812.0111605006437,12047.639704217388,60,1
20000.0,67541.76041107821,735.5351207001087,36298.750150177046,120,0
95584.36422126897,17236.40270832811,794.7679990471119,31970.722317013453,60,1
106209.71939459658,5805.623700604105,681.3622710484269,13815.817050091697,36,1
43404.6826395819,24692.10162404861,653.9319356777831,16010.58310500587,84,1
52381.44880808295,43323.0478768576,692.3944039070632,34667.173121273416,12,0
37384.136589271155,30045.79102146763,757.015853441254,0.0,120,1
71479.60654432475,88818.0056931714,625.2881757412135,13371.063351579529,120,0
93747.97635909723,55385.699046123846,786.8676993356787,29306.26225436775,48,1
20000.0,105468.15855685575,686.5830557065876,15378.398429075209,84,0
72283.15591926756,62132.24462214252,409.37218619698217,22022.95070310387,48,0
51699.84684842564,5000.0,738.3493427105194,0.0,120,1
63401.83175900068,81681.24819375663,522.7694986738018,7182.82856495681,12,0
73769.82005022874,5000.0,735.9172760673987,30191.79008227713,36,0
54353.926836815364,56916.01001634017,740.1517998238166,8734.8893440338,36,1
56892.39439782658,26759.478270084655,682.9892597381208,463.10433766980714,24,1
53583.74497336083,114281.33103392558,704.3680898876694,35924.12799431894,24,0
89109.48605364843,93187.93782290406,759.8870787843987,27735.26081104554,120,1
72562.7988038249,27745.380748947253,600.4372326189273,3671.9997077436365,24,0
66617.50613212082,46179.26995636665,729.3429659702479,22077.55766648148,120,1
21871.44836723152,57337.94208947652,766.3023302957037,4160.783079120696,36,1
48642.607703605376,75902.42214684832,826.0082597538478,17713.114146865766,48,1
86960.07481017523,50874.55736975038,539.4219713940297,22639.82284288191,60,0
61130.89719371769,19253.153018573994,690.8516064987768,7872.554011994067,36,1
79785.94408767414,28473.240823998414,553.8510800938535,31134.994002878593,12,0
112995.35400982901,49865.54610869626,549.6077982298502,33460.27553482484,60,0
91158.1820762645,87033.70936294073,685.902777240598,23953.48287349785,36,1
62794.75013099227,62835.13581608132,657.7455814796139,26209.73227310602,84,0
44670.324894128185,26797.552201549523,764.5001478521984,0.0,120,1
20000.0,69451.1833312937,615.3823550405791,40432.80840265291,36,0
54948.452325814425,38390.4548336552,636.5948563802989,18630.125179152965,24,0
50219.625125494524,76712.24015560524,671.1504262338185,5971.154523118763,48,1
71710.98583186127,125810.31254985816,563.8171148563544,22187.537186838876,84,0
55382.84319075937,39235.20887169351,577.6930154984069,31182.04988583325,48,0
50388.44821689617,74048.15479179112,761.6098665772553,27685.243505809547,60,1
20000.0,27638.200038868108,595.1044958718891,3729.6445281735323,36,0
31800.965125498005,46632.08698426107,768.2476566449685,31364.568342762475,24,0
74299.53122401673,50886.868606163036,710.7312580668295,19090.11377301215,84,1
111477.22893398083,44189.49019866858,495.24689745110646,27518.06273576182,12,0
57074.2384876313,123890.41066325072,703.0378691837789,7976.727491280502,36,1
69834.33220722369,40802.20775964853,702.2479823094127,35688.673840799784,24,0
88574.34470858416,67605.54616354604,692.2928608511286,22740.732893972327,12,1
35673.18191399251,5000.0,635.812327361699,37832.34971207345,12,0
71004.42129856326,62959.89690108831,555.9932544608148,0.0,60,0
37785.296810035245,84261.63777056741,784.621276611262,0.0,48,1
85944.73315473035,34172.07972262848,639.8420411277165,16399.582300470407,48,0
64542.09143855198,5000.0,561.6593839664632,42014.375299591724,60,0
68953.55441944319,48840.44693518025,695.7468686088008,49442.163465105885,36,0
36522.042077442326,50515.51551156584,575.7220029266742,6673.605513878008,120,0
81210.97078832355,71722.25152232913,555.0913971714879,20795.705474172093,84,0
122541.38763693048,110327.09106240302,612.4527387797561,22327.27962920983,24,0
29762.649137153818,38598.3904819908,583.4602235681925,30772.364195570815,84,0
49807.22977057428,24311.356290191587,558.7757748015425,33274.43999618732,84,0
66948.22422504275,14992.465958856701,730.641176226176,3284.0271063249784,48,1
83592.1863598745,55942.35851094798,638.61721855376,20968.900403260577,84,0
43213.61144131594,64380.62776455506,775.2279945515892,0.0,60,1
20000.0,33630.338169122464,564.5490522270064,32161.869245606067,48,0
100775.68482492075,73360.48237177369,477.24389623636637,14920.70197513944,48,0
82815.18358752428,63961.52230457527,664.8770349249417,1919.2688104690678,48,1
20000.0,51296.95068934671,835.5978921806416,24988.20214935218,36,0
41772.93624661332,22927.558377676236,703.0986829362002,14451.96135491755,60,1
107045.47288581979,35544.070535458304,850.0,38921.91546164335,48,1
103433.89255373599,5000.0,683.2059120949089,6611.267966806779,120,1
88159.20068036835,57073.61192594101,673.5552211288091,53344.32800091402,48,0
54716.62698120412,50790.23866242306,434.46373289420825,32818.33314445024,60,0
62489.6225643753,55654.369732684594,692.7947440588529,39315.41619776258,12,0
56072.225846216206,65129.570466936806,666.8667760019291,4567.456976773234,84,1
93847.19349806513,61574.64459296669,609.2578801795463,46826.890657006385,36,0
33724.7278051467,46688.504580618945,636.322113294093,1811.7883188759952,36,0
35826.01035347386,51460.041294882576,643.1899425657821,16852.824553196373,120,0
90308.23760508047,7870.507499114916,632.0070847067936,39569.8494111014,84,0
58669.15633465315,32488.380629317224,850.0,27601.536087567118,24,1
101354.02066361424,51514.13161050384,612.9137972194991,1412.5712405605736,24,0
39854.633790583626,27924.39272262918,666.9313723853858,37031.150927639785,84,0
58356.64918983525,75804.52387617639,609.6098916613794,25099.316791138062,12,0
32327.610454681402,30241.037571349087,728.343118664388,13756.996459175996,120,0
60220.88044270701,56489.16233744949,667.6763699972207,0.0,24,1
20000.0,53496.969704460076,622.0089426829519,26521.257948092414,48,0
45370.99737135111,72388.32780831229,457.4032054092817,17548.58295550361,48,0
20000.0,77023.73522084906,674.330822528875,22344.640231208523,84,0
80817.69699573774,70820.97832903819,619.0423726420249,0.0,24,0
81497.68019278956,5000.0,643.9259343112899,13720.144124654797,84,0
20000.0,85824.4444403938,531.7542052754667,27204.56932312267,36,0
100016.57236501719,95819.24672583793,793.3282172720196,48146.96916957098,12,1
134922.4537925956,35536.27147035592,735.6743175843872,16920.77565724054,48,1
61380.19160209023,57099.4073801855,793.0705997640632,41649.48588602181,12,0
40766.572193260654,23275.04959607654,764.6979300780954,31810.226312747698,24,0
144729.91773009137,5000.0,709.2317302127461,23506.77449380022,60,1
20430.94505092468,27838.542033728412,535.7717491273557,4814.873245008284,84,0
60603.194006072954,33795.82881609169,834.3387164071859,5442.821847035655,84,1
65388.668178957705,39354.47805944554,557.2364849112489,29263.11306059899,120,0
100354.42861357244,21232.57729982036,623.1592375925038,12102.566388421808,12,0
70792.16925380366,27997.244995482833,720.6902280626921,10769.559218508502,12,1
45040.98312634646,49669.81035114777,725.6540787187405,17290.8449144856,24,1
31464.468888361316,26893.19050669574,707.2236726944558,17542.537544912117,120,0
49745.345392615935,66305.72997650084,609.9711518670911,33511.5196429053,24,0
29792.179171645676,70449.81954192318,589.3068372644525,12417.534526096842,48,0
61434.75959354049,121411.63238493468,850.0,32018.60054036474,120,1
43074.11460418541,83770.39796370387,646.0686061500166,26595.57701081605,60,0
20000.0,57293.091749852436,633.8228615361164,0.0,120,0
97654.37365124712,31392.07109996964,578.6443509061246,24417.614944749606,60,0
45069.82429712882,58812.42055021996,674.4670349070958,0.0,12,1
21955.89585074062,59797.87879749068,669.802280057807,6571.651075220201,60,1
54952.22596537376,34600.60732983018,648.3773791295705,26946.152698433725,24,0
62051.14697902976,73511.94190258633,688.1726646787886,19840.353496109376,84,1
20000.0,8057.059559543741,826.3537502442354,0.0,120,1
69949.43001377289,42668.00493387468,590.4947293709101,3212.573495396784,24,0
28585.272939292063,66675.7537795222,654.308374220212,0.0,24,1
111330.86427572364,41372.47557223709,585.2151547449445,0.0,120,0
75718.81536230205,43797.36789712186,679.4698360825628,28685.950239778253,12,1
48003.00029672051,45866.42416423159,593.1530498625581,11638.505921372804,36,0
37644.96689047948,24931.962779367634,597.4557008565811,22549.18312589837,24,0
56850.968773091285,85217.02794722625,504.0476625944374,20204.665723092443,60,0
78383.72224749869,19458.86984231555,659.7794782819675,20488.746057493783,120,1
59235.17614244401,59544.77982229656,692.9769621904977,35346.986346695776,60,0
53485.2357858943,62409.43694847121,836.0476353192296,16956.340367434637,24,1
61751.10872453687,21541.342963730996,696.9502481189845,33660.025595898594,84,0
41884.23206289136,52193.1276314223,605.0315876702681,0.0,36,0
49703.82219470887,22711.034817658932,514.032091231391,36671.3893526607,12,0
20000.0,91731.27425167836,527.8712994334521,648.8286183533382,24,0
89211.78692557104,15836.511890713606,520.4371660528028,3905.9041538251768,12,0
68963.93340965286,30383.08717304107,837.8042035449381,9430.73765763116,120,1
36796.324678997094,13273.249749332586,678.781049692637,36257.82831247155,120,0
116962.04944065717,9269.038193973443,591.7033780738108,6660.502262830134,36,0
62610.49441177159,97736.4587264688,554.0140394846736,10161.668311454687,24,0
28915.692840744097,66283.24021737686,564.3892159606079,5574.6842296133145,84,0
85702.12264411376,54208.80277101632,589.0700605493621,23830.922012891566,24,0
71941.44649527788,30302.69109959235,781.6255216255153,31154.12502331502,24,1
71837.39956452658,77228.35433140305,647.005655294225,45564.86773640946,48,0
47227.33186045229,25273.32681897641,505.25335827260506,55997.262496801566,120,0
73514.87171334104,73809.17882990309,850.0,29752.711297819544,24,1
52147.25129336717,23824.661701830915,535.9838860634103,25484.812803040524,24,0
76678.24354937527,30664.768943729843,590.9164690076133,1739.904018376823,84,0
20000.0,72748.47158353764,781.0144387633882,48639.54730596465,36,0
46983.79611062433,75914.82032467301,691.5149632609067,23231.046640009186,36,0
111664.65293424585,67924.18801690283,603.0077000375791,15664.027371385455,48,0
36987.976337990985,18509.776527296155,526.8633073906166,25812.976535803304,24,0
41884.8510752044,36598.194028315134,553.3309891074973,10454.739089076784,60,0
46561.15984650075,54706.962235955405,559.3503880923535,0.0,12,0
23555.8159233407,24521.571142697252,650.703179784955,28577.043814004028,84,0
20000.0,91128.88280387879,669.1061817281303,40137.107779008555,24,0
53082.40804429162,5000.0,635.1345371368658,28353.8395280142,84,0
64075.78272244971,26637.814538925413,646.078618607567,19893.81304997519,120,0
58424.84794384043,34713.004913905046,544.9276804805679,20199.076285870407,48,0
55653.64314156339,5000.0,679.3136106223889,22584.196215744298,60,0
61291.22612551163,8113.126092914274,778.0518636836996,22124.813316328764,36,1
90685.24414652292,68758.68537626206,633.7208318250431,19089.48023779168,12,0
54286.61442212349,50908.50909658892,631.7713293570527,20380.143192032767,48,0
42777.52268738191,97194.08066128708,658.3001052052848,43325.19110660696,36,0
51566.23545335741,96356.79337654458,761.8204859759392,27084.098215197995,120,1
77380.40279270327,62991.3913581184,560.5277000561359,21577.20476036846,24,0
102360.80635629749,59397.14747002135,795.0847335732135,29888.403444438758,48,1
41155.68782492465,51977.93325736701,692.1222239435237,29889.48480174865,24,0
62968.01361086651,5000.0,652.8680695698868,34189.96944154788,48,0
70150.7232580788,8163.21460021774,771.323883666432,8646.328822507096,48,1
30222.65979813531,53020.265092968024,531.7937926123544,12792.081407783155,24,0
60612.515016387544,68480.77126243015,702.2045536244708,7796.638187086219,48,1
20000.0,58690.09436414422,693.0309564506617,31500.843852405374,120,0
20000.0,23226.05096853027,556.4544935606207,30768.064616105377,84,0
71002.39223676772,78122.18847408486,696.0638122953821,901.3569121644286,36,1
48483.757760076514,94473.3208626391,678.3305179380486,25862.567192304843,120,0
66068.41222863657,78139.6880087402,632.1261880310066,40583.508018018096,84,0
59463.1506897495,79687.97988771411,736.2817555230333,16470.0104191327,84,1
30707.99854008608,33223.226061343674,592.8245747642335,24709.59910889457,36,0
58642.37094106991,82278.02368102397,677.0321245843369,30957.28554236637,12,0
23006.960849554343,54372.75917982972,636.8326217544682,191.62640901919804,12,0
101729.17074004203,65346.66585566015,588.5303176992333,22279.822384866533,48,0
20000.0,60962.95528474127,700.2884685118771,39081.74284612207,36,0
54126.44187094256,46355.38683678767,629.2264252650848,11101.867748537783,84,0
28731.85235858255,24199.925746330944,502.69935412904533,32486.992133882428,24,0
77112.63520082386,47535.90009337861,469.89338952820157,20407.424107086787,48,0
50057.05886155491,79602.84852448468,728.9057468083201,9882.430367994888,84,1
44439.9984113637,36755.725840612715,527.939989277317,18552.371737783767,120,0
85596.04635154663,76800.41787824438,677.9384493400606,12108.081138706522,24,1
60882.91775032657,72112.12011853015,655.495189362815,6675.289373557012,60,1
75499.33337807901,41031.87808940509,613.14682230291,16184.828413203375,12,0
30560.221904476057,91664.0031085873,845.666845721534,21026.394685791834,48,0
20000.0,39333.59986427882,667.9674018460446,17509.184261766975,48,0
63216.23886120401,95286.40587837895,725.5633482682065,16019.396283067392,24,1
50434.609335158064,63023.80944622918,678.4816215339808,23389.93824448399,120,0
78793.04017361833,49524.02244639459,626.8460576882519,27971.08962471572,12,0
57602.74642012351,23365.958589870388,648.0911249764058,2838.5715074039035,24,0
66152.2601770389,47352.19309594876,795.8542765660484,16214.061959290882,24,1
20000.0,43887.21459516739,758.810529260043,0.0,12,1
116653.1081884277,12251.108442472832,845.19864316886,17567.24961448695,120,1
55072.74044903905,43471.537318469986,672.1642092972884,22257.93569107432,120,0
80927.60911017597,25885.90459708743,562.3062934299252,28546.70018248156,60,0
34917.24989341121,67579.75306936345,605.9483055640188,22311.57209744457,36,0
69240.29706652023,89188.4142718461,531.2221808201409,28222.63466081372,84,0
20914.657094257644,13192.529711142779,726.7044128875277,20978.374725039164,36,0
73562.03514779013,101369.23185100767,591.4083683922752,9867.224327262886,60,0
49320.77746842502,46143.468968446105,344.468205368049,3260.9724741545106,12,0
60875.715118067026,20749.358451844575,850.0,16054.959390672053,48,1
80939.22090390293,72732.64340624551,592.9398861511685,8505.856948895647,12,0
23023.79066339159,36606.365652348555,592.3409074514191,18204.213280535452,84,0
39465.24808161609,47547.899719055175,817.1611692660367,12621.844947688556,24,1
73719.72843260296,37871.65267363763,529.1748549202484,26286.21518846072,84,0
122946.64423640241,25497.862044053,763.6605886533167,20734.325366858513,12,1
55857.529960155545,71719.91097205711,591.2557556575979,26712.415043858724,36,0
77734.08353771798,41410.95791317438,517.6204555403141,26635.770849118417,48,0
56790.855904245596,6900.446234622621,820.5717761378137,17304.904344253555,84,1
118267.36784268898,66531.80372647799,742.3096947062527,18224.954826180194,60,1
20000.0,13832.529469287343,742.0000984515043,27524.067324820422,12,0
62838.63134008074,15402.194819742239,686.7655546788775,56689.08396011187,48,0
20000.0,85778.18614931949,709.910163307768,5163.032795966261,84,0
20000.0,14109.803023693647,526.7841975251956,20626.272319841897,48,0
68923.8615935345,5000.0,661.161085724466,2064.3747916394022,36,1
64184.933884423765,68685.84454884488,557.1236999549155,19686.314756631327,24,0
51454.89186773396,40884.09711556609,511.10594809369456,9889.086445184386,120,0
56814.17729880741,43470.34636585651,691.0953330708031,18201.403834217595,48,1
152948.98302213772,40564.988199494,765.8149555659545,22329.65500921788,48,1
52254.745859056966,56950.0981705618,611.6631175771936,12659.133313640581,12,0
75303.73083750224,27418.422742907962,628.7987107665458,0.0,60,0
40519.05541158357,94283.44623697293,536.184935491696,41383.0351572921,12,0
68856.9772512181,5713.085590718045,650.7217146087897,32589.154696989644,36,0
52852.98974833147,63346.24750031369,726.0076112388414,18041.611566337026,48,1
47684.4455181081,69263.63011629751,729.1527736727774,6579.005026841576,24,1
114566.95596600974,27210.447174998662,704.5176175630933,21275.368854245415,48,1
95315.54889553017,19287.96664166545,588.1568832805465,25414.832375621125,24,0
64102.39942197692,80515.22642510469,584.9870956572848,31550.177236394127,120,0
20000.0,20274.177379498553,729.5404473240933,32933.33246601179,24,0
49169.723302422906,31800.081777482996,731.1998932216732,35760.1445796777,120,0
141090.8269321525,76619.26887379239,632.8005014568107,0.0,84,0
53080.15000080875,51042.237006170726,607.3828092434314,15430.351789682838,84,0
93096.52716160975,5000.0,766.72470934457,34896.51230917442,120,1
103258.27205857803,102411.77433660542,614.0051335186753,6145.524460430528,24,0
66568.91747567925,34099.67723660102,724.5932224523781,38289.013657725096,60,0
34745.35104395543,37917.28130280748,636.3156825141901,47155.66422707413,12,0
20000.0,57673.52756979096,545.2467218963,37868.81479188741,120,0
80524.89625826864,68752.30391012218,811.2312140023703,29923.856106548224,84,1
35557.319915293556,108833.12873874401,662.0063895731477,13287.406589557275,120,0
65284.513556630765,5000.0,578.9256020111917,24224.52205621808,36,0
22505.389812319074,74778.56626777837,510.9194332224796,0.0,84,0
52042.873785893935,72290.2908215023,520.9999201763167,8283.340031123658,60,0
61011.5716470316,45885.0526737765,612.7088595905399,9337.947762327944,60,0
68057.80743132894,73618.21084448668,842.5128883533592,20929.58860948921,24,1
26555.33437942757,78028.2205290964,591.5338121325757,14117.341018575635,60,0
95907.32846284057,8541.116450389869,794.7454832346205,23923.999349300964,36,1
42093.15645804086,102492.99517642491,636.9236331396916,33167.402373158875,36,0
20000.0,5000.0,531.8849608898317,9354.086856931075,120,0
56729.29740109608,15940.511562836808,602.6788811549604,22229.01639405577,48,0
61031.2592707938,42146.36979127711,521.9012076262557,13760.465152730952,60,0
64817.68299515279,107748.2153956117,564.4031548036146,22852.437404857723,84,0
100863.97211055238,40752.30110739841,561.4251938124082,30292.58897317729,48,0
52906.53489792422,49041.98329847568,459.6196132518734,33818.536862633184,84,0
56411.41126893686,92962.3581171369,801.2796068814725,30054.56178939558,36,1
26904.468563007198,40990.45572303582,671.1017030222282,26209.78443393491,120,0
84616.6050866369,14646.898612079727,581.3721594381898,0.0,120,0
65529.271922343105,37482.95494285056,672.175774643339,3781.0110568116597,60,1
47399.168181175126,91123.75501417332,566.4519606357939,7637.325802992635,24,0
20000.0,52125.9499116541,382.8938034630244,25379.303102112874,24,0
103332.36585165263,107919.74777168779,850.0,634.9263141419069,60,1
23169.601066318282,72138.04778786466,668.959987667706,25062.83492251786,84,0
42261.659718908835,30655.7319081955,591.0986960685235,23967.03885698973,48,0
70750.3353322801,51532.28913395235,456.60851883225666,0.0,48,0
24103.262141499406,24403.456455743613,500.585020485744,3685.9576734867205,120,0
20000.0,29947.0090805369,815.4491929554905,35658.133622851245,24,0
20000.0,150000.0,800.1938548798466,30461.137225923696,48,0
81629.90858716908,80558.73530101433,725.3215035998948,7244.090042075988,24,1
43644.41265821034,75832.9396702002,538.4922961590186,4477.085218783248,12,0
147818.1027741999,31304.590540758083,800.9973987977011,0.0,24,1
30169.348031073798,97087.52198843236,694.9782617944353,42069.46531581972,120,0
32356.46929713236,82982.46805378812,715.4924448351535,20615.815526465678,12,0
43038.21089143796,106448.63868073313,694.6170944443246,48255.86083017801,60,0
67294.03965415468,104993.42445195347,499.3012815373896,17124.933695416148,12,0
45893.89983644066,5627.321357074339,530.1839049253113,24238.839483343785,36,0
78369.96642007536,16704.81532190278,598.9781833591638,33369.47707142893,84,0
30642.348300340367,19886.365536090907,714.3639707533114,44582.64029271365,48,0
20000.0,21681.78070002689,511.95679177568536,27515.324877266357,12,0
20000.0,59703.570927811714,632.465358505581,20036.108269074393,36,0
20000.0,32995.89643712547,632.339048983695,20419.364916730454,120,0
44457.929415748295,112177.95622287555,729.2739689327577,4312.465966895974,36,1
50970.59062820334,107140.39646244913,717.4671535607663,14271.756997015238,48,1
41056.889175504504,49806.15217762881,548.9774070947867,20768.29226922634,24,0
97302.17391561487,108659.7864844937,794.6686169487302,40728.40812652643,36,1
96840.90628824405,94644.03881720605,533.6760171249709,13549.352097779858,84,0
49955.91037666494,36478.80322468223,759.223944190075,35939.81968210678,12,0
20000.0,5000.0,594.9855101651601,18772.429831042107,48,0
42998.846758348416,43460.94845117812,666.3925953433372,38653.37839373657,12,0
42005.358182488155,30661.33606764581,672.5987460104305,30150.83740959427,24,0
40285.951131658265,56195.168754374914,669.7707440708796,29137.930442770285,48,0
39068.43288305265,52676.84860624247,717.449919843457,34682.39989993293,36,0
40396.11312825578,51890.529766976855,689.1459497933532,32497.39866928938,12,0
48403.75152306721,65710.54224137493,728.3649129870538,35957.20093555737,84,0
40933.767035533296,13624.341587489645,696.4619960345135,51976.45938860848,120,0
66249.67525876776,62340.80832709123,523.5544741074157,44253.42067023393,12,0
70811.06147714583,36811.51540948982,676.9799074557988,26996.36351247444,84,1
32680.647384525306,55999.46599591061,593.6130097494666,13373.797119445197,36,0
98131.95978021101,78722.2953569657,539.0737522092717,25496.266845362374,120,0
30598.130944781577,13268.006803369113,621.01601073227,0.0,36,0
20000.0,41561.19041991292,668.323559903509,32434.799187515368,24,0
71423.34214095154,46443.97297913407,674.9675027987785,4099.502081395842,24,1
35477.75596756981,34571.930852880774,755.6024745140268,36837.21913961759,120,0
69638.74412272163,76994.88488398872,780.7309118971577,49704.33550536075,36,0
20000.0,28388.349235985854,683.6280830757356,0.0,120,1
101773.67824449202,33337.98801672984,701.7106377009409,19245.43405688619,48,1
80168.80224121206,28702.426011438063,659.5309033175655,4033.8072099885376,36,1
20000.0,82761.66234316405,726.7225463649585,0.0,36,0
20000.0,35226.6766276335,698.6988138837064,18405.17523194185,120,0
110167.97712292583,63801.361726506686,644.5511906142196,29527.505556478205,60,0
37878.60289506124,109271.15303690222,850.0,31316.006439785662,120,0
34974.45453802129,47755.44738948244,595.3816636558181,22308.887188480167,48,0
20000.0,83361.82040099472,795.4456956708337,0.0,48,1
49476.65383195337,100140.62252279384,514.5707073673063,21850.68143679956,84,0
53168.411554927414,80815.74680121242,731.3616536451455,0.0,24,1
81464.79290308456,49495.96052066779,793.6568351726837,0.0,24,1
20000.0,69263.23276995841,459.278092899208,5047.701676151606,24,0
20000.0,11378.642205939635,663.8950573055095,35747.167870676305,12,0
73528.8790432943,26598.70525550144,721.5414041244044,28178.83018522316,48,1
90201.90213681194,31859.74455104243,675.1963604128066,24838.860468239007,60,1
20000.0,117218.36360522847,687.8155935606964,7060.787287447478,24,0
92445.42258899224,25622.46457234199,663.6223162376664,14183.369246729104,24,1
61126.25524460465,25175.69746214511,540.5752173638408,0.0,24,0
92754.16017223937,18682.370592530497,850.0,40464.51990338144,24,1
57893.3891544715,66794.35285792283,599.64621366842,52958.870113554374,24,0
20000.0,54278.641780066486,693.4161238778905,28348.976211096888,12,0
55440.978530518834,82602.76931079695,585.3160322914573,30976.313165155414,60,0
91804.3145601381,70137.78998232062,422.41368099793016,17615.59791182946,48,0
33187.61942748857,8588.30459827798,557.5487126251031,0.0,60,0
48361.05093277643,25781.66689968888,505.2393307724862,7340.528140592109,36,0
54715.99489347065,90959.86244827465,759.156753922449,13019.23176599741,84,1
20000.0,43901.05266269585,589.3131983955545,14221.159842308673,48,0
110140.4272631243,85627.75454054038,598.5908660820037,10769.095571445741,24,0
32958.729603084765,45509.571562540485,543.5669287396264,20716.299628573506,36,0
75172.06297418397,20970.307151344357,659.4035398715102,7247.463672019767,84,1
57398.96591555374,40902.176669998815,578.3541483638719,52515.86180929442,36,0
97728.57169078081,20958.50613350912,749.2354731246788,0.0,120,1
72181.68367284242,33033.417127927285,680.2039323089161,33309.64316033826,36,0
52952.27185437076,56027.77119695738,592.8174214275552,16072.179347571686,36,0
33194.54722442159,65348.152711070616,735.023305183702,26941.97142892773,24,0
83935.52104146416,5000.0,650.7940523023238,27621.723007664375,120,1
20000.0,49478.95977472705,652.1496905689951,22355.64845180983,84,0
79376.71260827678,32401.527933207428,503.73650962680745,2999.4387860056377,36,0
27028.657453353822,30547.55573123563,642.8913867214686,15019.403744448613,60,0
97568.5098586992,53980.53857399231,682.1544639317998,22536.429082990144,24,1
64838.98627988085,33486.44381932364,783.3566822198345,21596.50752926179,36,1
79323.71303550326,91464.13984540023,574.8106370096677,4653.020378269606,36,0
62459.66441474158,85641.8562875318,850.0,39368.186885623494,120,0
20000.0,85454.84881826118,705.6868316828986,0.0,60,0
34178.12509813985,35152.69413529095,498.05881239661926,16248.12668353043,84,0
80171.68012834147,21125.03495242033,565.4801885914444,6180.21867221572,12,0
64999.67452079532,52460.89788164347,792.0999164216819,22732.481245387884,12,1
95429.69715917016,45489.54901141198,774.3229142962394,35250.887840066396,60,1
72098.23689111516,31735.305127299052,651.8093481560503,0.0,84,1
30998.943278920207,14727.966599991152,664.9917703057852,55304.078484326674,12,0
36118.07586838098,48754.460921957856,533.5389726274029,23027.72955436793,48,0
63087.52171569712,37877.9164924258,782.1442740235342,25725.85985143203,84,1
20000.0,70650.4111111406,551.2232913225532,0.0,48,0
110203.25656868955,69953.18154564439,734.4741111123417,19301.492174997864,84,1
73252.40209132672,83023.99416268151,785.2042368665138,34575.12232276838,48,1
96811.03791146618,12221.133443598854,654.8155554219509,23148.823583280162,120,1
20000.0,62031.74923080898,746.7611366122198,22102.933605903756,12,0
97336.95481065767,28176.028812989836,834.7639708025695,19222.10646982418,48,1
126944.96733083246,13387.57367566746,676.7968799210738,0.0,48,1
20373.649338680472,37141.9328915387,632.4698183568054,0.0,12,0
83142.053847113,82061.14940403853,643.3147142448483,37539.90689961065,60,0
60033.29834061879,38830.44939288547,575.7012097327912,33234.30058914641,84,0
20000.0,96963.63979877337,573.4416207263126,35454.067587009245,24,0
74786.51915555609,66466.35546561,694.2406763825703,7657.699342930702,48,1
85008.09614512045,38177.285630582686,633.6050177850715,17636.48358246622,84,0
41966.203419934594,84801.45286719226,682.7569176851266,38477.00279001717,12,0
94977.49560765669,63361.90316342857,501.0063850147429,1570.1701286053976,24,0
20000.0,22023.21834659884,640.7381174812859,36948.23611329899,24,0
20000.0,105764.07906741546,753.0117850090463,11202.206110641608,84,1
64097.92186766257,57784.364692594296,538.1075723023982,7171.500493482428,36,0
60761.55833916815,50563.88575956476,651.6526414134552,19521.255502902317,24,1
38502.79534727684,24334.019902831522,464.5390689101589,3244.971363323046,48,0
84287.83307915658,85386.14802823214,519.4537977726826,0.0,60,0
75926.82942647848,65518.2628208392,730.766088767805,21140.445299734358,84,1
85744.17212802048,68877.14540885724,619.071570668705,28013.986555720832,48,0
56305.906939431974,34774.05969422695,832.2072865538543,38229.35258956332,36,0
78077.40803935022,75023.01715730205,693.2443110424313,29104.62069757229,24,1
46630.49090910016,77354.40780712405,703.0595664889324,49480.95777249058,84,0
121614.56070259787,29936.652836566325,542.35179501051,40416.12463604724,36,0
35623.62689634043,7490.295809570271,611.4894623155546,31071.181275299223,48,0
123158.92288374936,67441.19178016772,576.7363817952388,27029.282380339886,48,0
61046.63841268226,5000.0,543.4558260449414,38451.53274609847,48,0
20000.0,54560.47333513338,716.3893126096135,0.0,60,1
101042.38051465803,36582.64685638079,736.451586576868,12799.14438105575,48,1
63777.04165184877,86559.95632366763,689.8937194167448,0.0,120,1
85533.72295140714,38214.68327698378,567.1932806774013,29946.464485791494,48,0
96715.6775562778,83218.18916011413,683.0730035097463,8858.541838836521,24,1
70138.66662435076,34573.71666910921,458.7321598534344,65294.79713507064,84,0
42232.77465561556,79999.73015178833,782.300926870804,12231.113027438296,84,1
89271.4013300775,111810.24631510495,520.1849824362563,21595.447473237848,84,0
60022.665223637865,17958.585849012787,537.9541017561537,13966.001987185009,60,0
80575.73455825257,58761.07165192724,661.5292269570192,12667.531427841841,84,1
20000.0,132463.47247730196,670.4159560242045,1302.1717425305214,24,0
73409.45151029556,51997.66480708765,642.7251401548216,797.7588508853769,36,0
40842.425245649094,51853.64810688945,538.9872059017704,0.0,12,0
109599.28911535592,73654.96842053058,763.3347993603293,28181.934542051575,120,1
78692.62043667285,51232.42592284262,481.4050798930749,13630.298502080288,84,0
67195.7323754789,5000.0,501.6731009551555,49004.4233906397,24,0
74589.29980050665,83968.62124516815,639.3017228045519,1337.897238991307,84,0
30046.77441369845,5000.0,523.5766018155613,42144.71780232418,60,0
108697.70071584161,37496.25046584975,772.2625276275926,43583.890030272814,24,1
119741.11255250714,86222.77247469945,532.1785364587085,39155.64749750722,120,0
71787.40531644649,39303.72714071643,805.7027152210312,23521.959656982763,120,1
107712.10705720916,29189.105226067877,753.5122165771573,14926.914121708975,12,1
42925.55403982398,76377.91715499682,773.5055735507584,39141.01545405927,24,0
36086.593013250575,24466.556394968404,838.7105982953245,8128.05285743477,84,1
61227.74246186769,13333.228412241391,658.1227924095765,24060.61393168581,84,1
73048.23115103696,58235.4196247985,548.7025404180042,19343.780809668096,12,0
48180.399562706385,44512.30104762227,639.6992124231358,6628.747059559713,60,0
76133.04571105451,12689.80657433474,593.3334394591037,24170.704584264557,24,0
69191.68446220242,69108.5761998461,579.0808727486278,31127.573773895187,120,0
30050.79674126835,63934.628167317016,665.0853436806832,6037.576858415356,60,1
75563.79052355164,39207.34950183104,618.8295785792253,26901.802806737753,60,0
85905.84727564563,41260.03981625161,574.7790315683003,0.0,36,0
65144.07952771173,64111.7822602747,625.4597607412742,4262.669884096495,36,0
94579.44309785077,85710.842592562,704.8978464203705,13139.814156830664,24,1
23477.886195091443,41516.20369672026,745.6417206592696,25360.058554491745,24,0
74038.51266395555,69640.65479024433,489.70760868090105,33039.72124451082,84,0
24891.578808096754,66956.00651253798,619.6798913671457,21242.343367457564,84,0
26577.559253007377,76379.21878126929,635.8656794525295,28498.93601734995,60,0
41072.074987866305,51179.27596230396,531.7479977772368,17591.27145095863,36,0
31738.19449277265,22630.234578009266,638.02942669593,26071.222143624476,24,0
43560.12543776586,36125.02540400092,664.7995609540028,25278.635999430626,120,0
53575.49067866434,60285.60397344944,701.883454528099,12364.69061548616,24,1
85114.63458994153,104553.9313514478,657.715802563167,14669.301851790922,120,1
50365.22883882893,35479.41130411165,561.9050590002445,29001.90758526828,24,0
20000.0,74143.62330582197,850.0,47181.31712962102,36,0
94202.03539485481,40158.3064796972,732.9126771621598,38102.2787196398,24,0
34887.29599154882,53314.06267658407,705.2719744649867,3063.259158238994,60,1
58238.38718686114,95461.90247790777,750.4831257010936,3116.2739116113407,24,1
73396.09520822135,72928.777442613,674.4609171810478,11965.529768476048,120,1
65988.31255208349,12761.021817771296,778.6300885521955,21483.820068163917,48,1
92825.38642564428,32825.74928565227,655.6871950285764,20723.84385461479,84,1
74370.09430178277,87686.64033324076,650.1747460274185,38604.20415392523,12,0
34160.71260908676,54256.34127885486,713.5228478791204,39426.69958770163,60,0
125356.86521974986,15534.796411524097,807.6357546290924,20084.983766232646,24,1
65830.003900147,25431.426650788373,801.2048615289307,16584.55135458689,48,1
55579.79320135481,71104.80568133516,709.2847598259996,27751.19648431399,36,0
88917.76269166713,79832.30843652891,701.6611858576799,35948.01980077266,120,0
67483.52837790217,50535.65904446523,719.6042411096486,28286.55214966322,120,0
71976.84578817981,124259.41402808306,748.5620913336597,13526.812949139374,120,1
134765.5199580206,74724.57090366916,779.8731939413242,10816.192074390157,60,1
51746.3571523486,42695.567911012986,626.3415915996151,3340.944223014132,60,0
50467.17317947812,25528.818557019673,781.8061289837392,22902.302713928788,24,1
63497.35536037391,20753.47086082876,684.2995114071306,29346.801474795306,36,0
92145.47806743116,60062.639614411084,715.093162249995,31022.677896941856,24,1
20000.0,35336.6886525978,788.1949321533995,37276.40554632347,48,0
20000.0,100212.31261950274,724.7062250090679,42204.64400992899,12,0
42386.54188139558,93989.35408753579,741.5995563152841,0.0,84,1
20000.0,68991.99642491681,611.0581466717579,26071.436501469914,84,0
47255.05957423085,14630.114811293133,799.831154374968,26588.892340710132,36,1
75074.99088387871,29833.43382342785,719.5686711076125,18890.803873729965,12,1
33277.53409343209,87670.32577223302,662.6065717840497,7574.831450835836,48,1
20000.0,33108.01400614694,760.1074386893102,41669.44752105155,60,0
62080.11485146044,83664.25201758574,850.0,11170.992334288476,48,1
85876.30453845511,64238.11769104283,533.1075498178066,0.0,84,0
20000.0,51551.53654439562,569.6267377076717,20301.084276653513,12,0
84606.97194917953,28915.015611936768,850.0,16432.044996713616,36,1
84519.1861121498,47172.68469425745,692.6694842304374,47865.45909220204,24,0
88622.55306469885,55689.43864624694,669.0869678631568,27345.409312906253,12,1
96554.40644615059,80976.16694903365,638.4614258337834,15421.058797531517,36,0
126060.41773978848,23427.93198098736,770.843600097144,17047.17364410389,12,1
49317.23854142834,42115.49472421654,850.0,16873.947382433736,120,1
63287.147402335744,51344.69395796854,583.4811459266655,53257.00061845075,84,0
47506.84700255923,69880.35073058493,640.3123272810666,30132.25802206766,120,0
60059.30534267432,22746.069874316694,614.9272871432134,0.0,60,0
105986.20066908936,10502.906213383547,723.2864976819278,16333.400778485222,84,1
20000.0,70218.95455130149,772.2393437650575,19645.51327999237,60,0
34168.50983503273,5000.0,812.0932785333117,3386.476948035972,24,1
101315.42809513684,88549.39144286505,726.671828262028,0.0,60,1
90601.0952070627,45322.21707551276,850.0,28933.45072680267,48,1
49106.05059548766,5000.0,592.5247016792587,7930.505063931441,84,0
85632.06003362159,35587.393417895175,566.5459447567296,38731.57427839973,84,0
70236.475274761,61373.70899207712,796.9344293316209,20122.916489117513,120,1
105008.23827002963,34018.96737335067,662.2832319596337,12885.967696073967,84,1
62235.28781480318,50600.89246473042,512.4059676584719,0.0,24,0
90768.96341617747,72202.3509711586,618.3937028362551,38334.767744418976,120,0
139260.3573147786,43934.28993837141,675.5658654097274,24402.902489679527,84,1
77942.97465142398,21888.26970601599,585.3751762092645,13277.079217739565,12,0
61479.844973845306,41030.48007884477,548.5339312905411,6645.629186296961,120,0
81673.40955662938,92445.20409377781,629.2370863474124,43986.36813546883,120,0
49041.57425388345,100551.93035999552,543.5466579638289,4036.7044899071607,84,0
131639.03116574197,5000.0,713.5131038980232,14470.288125460218,48,1
65402.13113087945,82730.83727574431,455.61951531071537,28546.176530855944,36,0
51812.000393234615,57504.43148106069,659.0424927965422,41761.49960035061,12,0
34929.32984939891,77719.4803736045,701.9509888108303,16755.204394433298,84,0
92916.60574819315,33485.35219197111,640.9458760251624,8977.745386511864,84,0
86015.62238483217,5000.0,759.3222897070873,18398.911871670225,84,1
45079.3688575772,67534.66365942385,512.9438765795865,33567.059944360044,60,0
77293.54035367268,21770.682161518493,579.8910498623885,36940.92327894804,12,0
20000.0,8351.22705545443,616.9965353749111,0.0,60,0
65549.11725219469,10447.958525796006,721.2724569409306,21724.101805655144,120,1
73582.69056230084,68027.41347246003,671.8507586046121,0.0,48,1
111219.89428677669,54183.57398087592,850.0,33263.257564659085,120,1
36875.43591813932,73473.98065624021,569.4214103026106,26335.75850874729,84,0
21649.42113593027,70072.25763489095,510.5011101419349,6182.215535739058,48,0
33137.16117224874,37371.993062487025,828.908898293306,43012.183550767455,48,0
20000.0,47885.79278367633,506.91414160676175,25025.202200110813,84,0
100099.72073276949,34656.87413652381,718.3062711399045,23377.88720699943,24,1
106459.1788507211,43690.16681403528,552.1329957978031,17313.32776481061,120,0
69606.49733846486,20982.35786056802,443.06816491523136,19879.43098498015,60,0
96638.84837055445,61714.52881623006,612.5216206186768,14277.76247865818,12,0
64018.75141740706,82253.62246945269,739.949996247716,8881.872556756196,84,1
57146.65056897702,25501.6091053704,527.8228911526926,38436.95881408091,12,0
50008.87142838715,88438.08936204028,707.6094728144831,12608.861155014769,120,1
50688.27025867304,53405.64489433825,726.2863561186451,12103.879434024167,12,1
20000.0,57232.3692921744,522.8309858480696,18060.588647766763,24,0
67927.64290822018,5000.0,627.223871128763,41367.71721282213,24,0
58789.982693578684,5000.0,807.7074822327164,36967.48840545969,60,0
82360.82172233627,54323.490883390456,715.0592619963743,14077.274456487696,24,1
62805.70489315829,73691.96373896023,623.8507535423979,38401.78138338016,84,0
55118.88895292725,29858.586690651427,691.529548125392,21621.802556425082,48,1
33864.20909977108,100102.81701749268,581.4736691529552,7348.620979879472,120,0
62164.59710465284,72048.07922762947,761.3695678385025,12858.059779948904,120,1
82147.11692448486,22749.762448760444,761.3260064602139,40598.80803925592,12,1
25699.830267484176,50925.46001160522,662.0905915086055,51242.6789535367,48,0
62624.212610422175,124307.87401170236,673.0706156457694,24797.251381298036,24,1
66991.28854588451,12723.079916008835,550.1203124994328,11501.942574754717,12,0
38458.056491452066,65848.09816745316,514.796357293217,18126.237984890802,120,0
42364.31085276,40317.66341829973,612.3395256058469,8563.33727091619,36,0
66918.32546298644,71206.88872755537,641.2598290308822,10748.549316151259,48,0
25997.36945122131,88018.20938955146,756.2627497387989,9274.283033047714,36,1
70497.71145748178,38412.88733865898,742.242775061831,18809.84378752014,60,1
33139.368790224,83567.36815121521,668.4832888359093,21810.2155468689,120,0
91885.61079099649,116636.10182815883,769.0538984372787,17777.58288977316,84,1
130134.832361649,51988.24212032704,555.6513821185597,16680.15598217644,48,0
34177.29594894541,73546.66062482556,757.733688727837,31407.3743525854,120,0
76026.23587124023,32286.77689390175,570.9571285650533,16561.8661261183,12,0
38197.74285353942,50577.77927093637,773.9694530064243,17524.762840493982,120,1
91228.62521393369,44699.747218752724,648.6653535230018,17351.59593460841,12,0
22042.24772744355,73908.07776975787,450.1713323462262,43149.31599426903,84,0
74417.60275283139,86140.27807270776,723.0157164031442,12631.780627613796,36,1
33810.330993319425,46710.35452647622,730.954575950078,28944.44160412302,12,0
53790.46232704894,96008.6853719877,604.3419945511419,8774.334590938086,84,0
29069.241745580788,95901.42324684886,612.8740421605984,25249.17247137894,48,0
84670.51412687261,75405.61229539702,634.0454720115396,28193.49787682506,24,0
34890.58936681239,34519.204048348154,457.48481873737285,36263.88930204108,120,0
76558.92777995483,31645.135497802916,413.5271826904857,14235.977460611528,24,0
49677.05915213001,25628.55935929884,780.1625638130389,3290.561527622278,84,1
56565.828846034114,78474.98210714482,567.5932332589423,8240.220151091376,12,0
64432.677222003855,13646.953775319067,835.5264109576364,34468.12359705007,60,1
37145.259850234535,70305.12962333021,787.0401801138914,51226.27418730009,48,0
66311.0134062266,17566.719565276613,806.7195314269738,32516.801180190785,60,1
105910.03693063234,74706.3835952592,584.9701047532845,1067.908553174726,36,0
36657.15642501857,50516.58748191682,489.1598813069419,32009.793216692564,84,0
95154.30429821534,90009.15685579482,541.3117693405645,5843.1336346768785,120,0
104942.92900463354,84243.63734963813,605.3545272847089,14762.860743031408,120,0
35515.35032915868,93051.96236006335,412.677026714936,22808.46615297941,12,0
20000.0,93824.56154867339,602.4574310875832,25330.532832064466,84,0
69058.82700515294,54308.92501964593,629.832197248889,20981.63142006825,120,0
43577.77431699381,15236.208007261863,520.5579028413306,10983.31779425618,36,0
116058.09657489008,18424.308350078645,545.9514901754168,35899.37397011501,120,0
61044.22621499497,5000.0,627.9401478819199,12086.503926541101,120,0
35934.017758944625,17490.024997157194,685.6286548310302,38817.691180429836,60,0
25585.21466964866,52064.709731139475,560.9177331999756,0.0,120,0
92697.1487727249,33210.374575245136,679.2252609576269,23232.955129166345,48,1
42864.480777474404,44595.93186770446,663.6846007987855,1607.735551527021,60,1
61314.86398381285,64781.46258384203,654.6885859018391,7488.760520110449,24,1
88674.08235337443,40878.04225802726,584.7985876143423,12304.81686599873,120,0
45472.249442075095,16345.135987622474,516.6620403964617,42809.08182096461,60,0
58622.13513779518,48402.989973097036,819.6451979900739,39620.3699915349,60,0
59502.9477053244,23045.285396814652,713.0305916457426,33113.73143835794,120,0
80499.73534548275,41876.405090628105,750.5731653060739,20499.286253252983,60,1
77722.33006530977,90283.3089326901,641.6370315161078,22820.884240570147,120,0
53396.58806235514,41884.84087711476,633.5974557739862,38997.187427470344,60,0
61909.47184489553,103128.72660043236,699.0659680725388,30519.579293101975,48,0
48846.62965429535,92949.07960813909,466.5311649547755,20270.12635056135,12,0
20000.0,32620.840742628705,538.5356530646856,42300.073700244204,48,0
67728.02572194388,16666.287007526735,570.2225121971627,32217.943042452716,84,0
116765.75282499203,48423.3751423942,604.5433577458238,23636.29798758527,36,0
33488.42577926812,84599.83290190667,562.0304320529846,13115.34829627278,24,0
36809.10871191891,35294.27281313935,683.2807125250746,11761.366200604807,12,1
33878.16685068776,77242.70894786417,658.1447234462836,14957.369671995806,120,0
81737.75336169367,86253.19967408264,789.2864689751377,26854.86328642978,84,1
73454.5636258932,26779.230489121826,850.0,32536.742238992098,120,1
55243.8692275063,29718.467351342388,523.7149759851567,0.0,120,0
32459.428150831052,71379.8609638102,664.7305213968446,0.0,84,1
62771.30374919773,54555.42648924712,664.5525878206975,5727.6529011180155,24,1
20000.0,29418.154203689635,648.5801930235338,13884.850799369804,24,0
64302.797005724795,39434.58655641238,541.5175429034498,37939.20800984291,12,0
86145.73158263802,47884.41341817743,558.280255435745,15793.727480252179,84,0
22464.02590098966,5000.0,674.0405611916119,23821.600234578385,84,0
20000.0,72969.29319448085,555.4649926692764,26268.567679815067,12,0
107383.13675084579,35639.234331824264,665.9271972167007,4646.437097434706,84,1
41647.210814862454,5000.0,625.4050215454395,41898.33247817405,36,0
94078.43537831467,49283.87095071642,664.1657903121283,10027.911710301205,48,1
55380.07004406505,27752.86223319477,554.6699529565566,43396.87183949421,120,0
55141.35549176017,100664.66576908031,665.7469242334537,18107.35997804427,120,1
73152.38098489936,32436.649372400952,561.9047416523409,14937.450535803408,12,0
33480.03429760678,17070.69909264167,666.0695608656919,3338.1622451554795,84,1
63974.914304869366,65237.98009886048,783.9396122439157,22959.27936797871,36,1
48555.317555277215,30186.578959772505,676.0983850016071,53815.735910539086,60,0
20385.196697849053,26616.313962433032,682.1870382383057,26203.824356030043,12,0
70124.46224179197,65285.04148473218,731.7206517497548,24056.553079233567,48,1
52100.76579366252,18785.98076331302,509.6441655526737,10000.945613162625,60,0
55289.25514665877,6281.790254016414,821.8921573723012,28879.756229176703,60,1
23695.171697575264,101779.94006283011,544.441000738763,22364.267106844236,60,0
107742.01103288413,67384.96212801934,737.9660997368937,19057.48287887791,120,1
86301.42559158348,42073.72145016905,724.6909987256323,27421.921764927647,60,1
88924.67652515936,49895.68370894192,559.783363849524,0.0,24,0
50836.658926749544,65175.930743484685,750.8886136766762,18492.13261407233,48,1
20000.0,79200.12348840262,699.7812766413309,2044.582323219438,36,0
118587.52147468532,27320.741260549643,838.9978644402257,20433.47747479915,12,1
58167.074759823954,60984.39577897047,669.3378751341293,9137.00936549968,36,1
37536.006119398386,34798.87471369284,639.1456668477402,10162.402241581942,120,0
72504.04723449342,44330.56266462127,598.5237472081795,0.0,24,0
95013.62364009893,54820.78602394714,475.66447286488267,36734.97456870231,60,0
59308.48331743602,49799.642808419834,618.177243524884,9833.80252598182,84,0
98357.25503818123,72067.00694907716,622.4101605741123,10636.420645493687,12,0
92489.99815550605,64612.59677346782,676.2058182557435,42959.22606758627,48,0
27708.564377938248,5000.0,507.6896889117534,28519.361491498756,12,0
39786.29683021571,9265.303788036734,626.0987788813121,0.0,120,0
88726.11489839302,38908.499457221216,707.6251392022116,40780.402575827226,12,0
20000.0,104858.75787325474,717.5509675492517,44718.35962548954,36,0
55516.32920505034,24452.24502495193,464.0184823862673,43315.64132384521,84,0
20000.0,43753.318711617416,720.6406608653224,30022.838645166958,60,0
45703.38595699426,33909.619191304344,625.3426086878508,3474.3536010348216,48,0
51035.39732912388,33378.6684773576,631.4989122501446,19261.617389777122,12,0
49252.66866277476,55347.19231715167,413.5484630144162,0.0,24,0
43432.162436621744,92023.31828586955,799.357116255788,7009.7591674689465,24,1
27085.69051113558,63679.05199641767,667.6798885011295,3336.6991405591034,120,1
128757.33800456059,25894.071157187234,496.8539573477293,10594.543172157213,84,0
116023.86012484052,132596.8853240962,687.5201574916466,22459.308353171946,60,1
25138.02539231151,52357.19662883377,684.4478440847024,13326.320762517302,120,0
107463.50253910702,32683.3713085366,772.254415293299,12682.073670650327,84,1
48016.03528581441,92362.89124032768,619.0311230709123,15636.583329147972,12,0
63875.624199951315,35927.88146168544,651.1996068938586,42492.09019327823,60,0
58101.78120309253,99887.40964962328,585.7192199762092,52456.332535262045,12,0
40207.540762381024,23880.716271,709.7948613992738,13239.55730271215,48,1
89515.5703081844,92900.91166764108,571.6509658324951,25041.113037454357,24,0
63776.59591729973,56031.42992845083,560.700948291977,7380.830561650308,120,0
45703.45730342276,88731.566981073,643.220246222008,31514.769572847617,84,0
20862.316685985825,107052.97126104633,527.4136228696171,12853.249071083857,36,0
33192.149588426386,16021.781284362383,810.2131218539234,9333.427053653042,84,1
20000.0,88273.15462274967,842.7266727741876,50023.80898723545,60,0
60366.70645245508,7732.882867237859,604.6409914578185,0.0,48,0
24100.032231468125,18584.46934255315,511.34049934428344,0.0,24,0
52033.18462444376,25897.716206226887,683.6592038902062,31022.453692235016,120,0
101103.05560831112,65109.09908533584,601.7897482031076,14485.57383570288,48,0
95978.98718764757,50990.47630804579,767.4681132528032,10310.05131119117,84,1
59031.693176921464,44985.91747511492,571.2853404470096,60974.885006609664,120,0
57387.458215705505,54387.05837067083,704.4513222428443,30953.398588740434,84,0
116396.23648263025,67738.68767880418,661.3993589391694,19122.28853741786,36,1
75622.68361076133,70047.44371824058,582.373848938659,9381.025404084527,12,0
50165.80620370431,82825.00506845393,674.0049828491941,26686.8177324753,12,0
20000.0,104601.04438302318,737.8532558474849,0.0,48,0
71816.1965449423,49359.12882675569,658.6848519055396,12258.478415422978,48,1
84879.71317748587,34367.33113607251,659.7284665126258,19443.51545303307,120,1
41050.454264590684,68406.08387555565,562.7216572146325,23202.37747545403,60,0
68736.08265414098,15672.355512061396,764.4204797904135,17863.52994808836,120,1
49092.80115254913,29638.876036651658,754.4546578143184,9601.831344066555,48,1
54479.02802402992,79981.4283917837,608.9440811313503,33809.93218492308,120,0
20000.0,46276.14875546887,637.5711540517004,0.0,12,0
53346.557888515934,13754.226249258827,791.4220672690327,15831.141919773589,84,1
89081.07907224163,5305.908039044778,536.6429178952544,12231.041565185164,120,0
41057.92333300326,51461.50038181422,710.4288391358781,35177.64650063999,48,0
61575.79104645949,84256.8961090403,594.1386226868872,13116.75358505953,24,0
37321.47879924239,83856.3733259356,827.807787675164,26564.953351659657,24,0
70813.2502887832,53326.41508678512,656.3446728665338,24995.701942391188,12,1
53504.30407391479,110267.28257288385,776.0378518140043,0.0,48,1
31822.753779539795,46855.38902178612,573.8672651538872,19015.28922635561,120,0
99976.54402995383,45842.971298077675,525.1471317675732,0.0,84,0
87867.96040596646,5000.0,626.5740542798889,25269.278276813482,48,0
41852.79708215476,36579.111525163535,676.2683457946837,9045.176990342461,48,1
74933.64928253333,75560.45104725484,598.9268317983586,37800.04365274096,24,0
76122.36008461143,96918.84010579113,725.8307426274968,17288.478501830574,12,1
79269.03705033528,25092.960989981464,629.0046432189571,8449.155466936469,60,0
20000.0,63867.56987879146,441.8562838233394,37997.882992923755,84,0
90198.19623097884,81406.37096969863,705.2811979193001,6921.647529374704,24,1
42909.031112228055,50336.244595876975,561.7462940852843,33420.4259202146,12,0
49265.16199676199,5000.0,613.8402618323481,27012.930110271995,12,0
139136.452567806,57418.69998722757,805.3131203539356,14518.525661005931,60,1
69056.20142163035,72842.91872182679,827.2811724121091,0.0,36,1
48410.32573658474,21577.313149446232,592.4506564907189,38624.938127260146,60,0
20000.0,42375.36407376839,707.778663063184,27506.960860390398,60,0
101692.92401839067,15335.118736137076,594.7725509577356,8420.779688597462,12,0
20000.0,5000.0,621.3127021101396,23669.085268918854,36,0
29896.832895014897,80810.1323536297,589.4224585101447,35092.42848098729,36,0
50059.431027364524,49887.54398594445,477.56563196035154,21680.28191295331,48,0
102492.35375100878,97930.24990114948,659.5055223733709,23575.982489796454,60,1
83197.19959997278,75719.66575718531,678.8165386946166,35480.05615706042,60,0
55264.8747047922,39373.707150036535,582.8998254688862,43058.94161454764,36,0
69248.76190916463,47504.58019686774,758.7791711437109,18206.012375572987,36,1
41988.429213866824,66985.32172310518,606.391978290478,0.0,84,0
64189.61068696053,79006.5025026723,586.2788175140985,461.35529635931016,120,0
62200.1023433441,59680.11892226034,702.6503118108106,9635.10780740163,36,1
89063.0968704406,83167.79435868454,495.7318010027471,5976.62710371524,12,0
89015.34367316848,41099.93789976586,740.6679031702806,0.0,12,1
74819.32146616935,20085.69359642941,609.7830842605637,47717.37504697323,12,0
49129.57327361693,48055.72239316609,748.9286076394089,27921.488934145003,120,0
82254.6688317038,56155.546722085506,778.8130525829156,12143.03604747513,84,1
57240.9460139086,13953.938157821394,714.0153442357141,19512.24736412032,60,1
27542.56893860601,9898.337475601336,568.8026707271689,0.0,84,0
47901.36624267184,63421.588894202825,524.9168293515595,37359.82846863113,84,0
62535.80951352973,37809.29445888729,506.5927336664764,0.0,36,0
87306.47350994236,45024.77283013993,760.2910701701311,27650.416724663948,120,1
54494.15483528541,39209.220028975295,636.5199887799816,0.0,12,0
23724.038662811814,95618.02705289636,590.0778205469152,13789.8785732111,48,0
61702.250498904585,87852.83481185,636.7917848461108,38640.33308406337,36,0
63403.68120169657,12879.389298824957,758.0621208954168,0.0,84,1
65575.12886708259,34016.20360758659,727.8739785359551,17769.366496720402,120,1
87596.14547863291,75500.1280390878,693.8506155708855,29416.560135907803,36,1
90567.69720269696,68058.08711309727,713.7886057426405,26962.542505165777,84,1
42173.67382855,48756.26113010643,668.0172355496949,21052.78999667544,120,0
41515.696258531694,15871.99385107294,680.2113057296425,27436.452685072974,36,0
28794.038671335806,29523.79861539363,672.1025231151046,10837.640665935665,12,1
80964.47010841429,34496.97297361131,649.9938754372446,48991.93782999496,24,0
103464.60325013146,58309.82993357302,725.3373883831282,0.0,48,1
50547.542162732294,101111.81464091713,686.1282106200395,37431.06116493162,48,0
52757.08305825021,29393.592956356162,561.9284968893043,22842.418051752742,120,0
104003.47670696929,19218.942573342796,702.8874385522654,29256.63847046524,24,1
75166.73559645023,46742.4056951617,674.7247066379305,31918.190263756092,48,0
73087.07114403165,80952.16941542177,711.1413468915099,28334.429051948646,120,1
24272.5048207882,6593.510997178899,639.5793086384972,7834.673591615434,12,0
80361.84207838257,93609.02452624842,731.1740313767158,15705.954657668277,120,1
32125.90978470725,44839.05913652992,643.8591449133843,0.0,36,0
25979.394421951256,27970.39993059879,722.3879686600545,15522.564109828661,24,0
49596.852696998634,5000.0,604.3528484049489,24837.78492212664,36,0
42426.2182965393,71195.62320261882,611.2745945901047,29106.92413035055,84,0
53352.00916844882,44864.864142753955,710.2052523210125,25871.515174913926,48,0
20000.0,55121.164482635206,616.8226606255256,0.0,60,0
88764.48919403017,22975.647769659085,850.0,11567.391013689077,48,1
93830.58883549288,40427.11897246929,706.6444986779027,10066.257659487086,48,1
20000.0,35402.56260935786,652.49234861542,347.48100134962806,24,1
89353.7341699965,46982.20683865377,731.9900776758849,7460.998983443598,36,1
35684.14110535121,29913.430208725684,601.9319590023483,20019.187705542645,24,0
85709.26610948358,5000.0,742.3014819233017,41206.82781167641,12,0
57946.60522000753,131854.99235889822,739.5235216663532,5704.035061865065,36,1
60863.26692242996,9097.87257987458,775.353405777955,3067.0334749145295,12,1
54447.07051736344,55443.77020827617,605.9190468651423,11007.91334533169,12,0
96363.8761270046,5000.0,527.7266745862255,25061.995806291663,120,0
22812.359624249155,5000.0,588.9845360797451,38355.618355378145,120,0
78235.21016205025,52934.79475556803,621.8369484027253,18702.366384650457,24,0
93039.90494668651,55231.027633049096,816.7211600851755,0.0,120,1
81490.20241621233,87844.9697240715,850.0,1503.7575757992454,48,1
129740.96742970253,61986.40523047117,684.4662304643982,22824.220829899165,84,1
44131.59711825904,45505.67843762627,650.9390608018599,34928.81592014084,60,0
88719.14467780593,21511.992678049875,615.0092169525789,47236.128872619236,84,0
56817.28093975739,94970.36204700646,732.4690350210867,2263.987476458966,48,1
97002.1822905801,77865.53738150671,850.0,22096.615719264788,48,1
59769.33012835892,12610.11566754726,828.5850891188272,4552.324441322011,36,1
48363.726544125915,51138.91184631906,763.7976612605834,6520.599866230601,24,1
99182.16611614887,54321.566945794904,762.3302531113857,5250.324015877381,36,1
45253.1418294321,39630.390301829924,733.2309886254114,14986.082528381987,60,1
20000.0,73155.51457420384,645.2709354291466,6765.81371041294,24,0
44494.593504785145,74951.99415044532,576.3451777459204,57182.69085400201,84,0
78570.98839765598,44285.42906584682,647.9185910672059,13104.863250714918,84,0
101761.16254761274,41573.92262607025,692.2339602131353,34816.67166289239,84,1
63333.881258895366,94968.75388002595,504.6366101281705,10107.084880478022,48,0
99545.91201702076,77985.16677086712,634.7049270633792,53498.60794802342,12,0
20000.0,52170.811697251534,567.4067645408727,25085.974721282437,120,0
46702.09605546291,5000.0,751.3841161068142,32553.975942920333,48,0
51342.74648537696,60320.00318915107,595.029159784329,11133.837355910928,48,0
56563.21717582441,70942.50394753004,682.8220331980988,34646.60907653564,24,0
62522.8316475059,5000.0,579.9979707064424,25023.33538726877,48,0
80727.32872176578,57556.08344954076,809.7699325960916,14315.336811871934,60,1
46655.79485488529,37499.240396127934,479.92430634654147,3801.628453555535,120,0
64170.860608593764,43374.37159611345,697.5840376843967,16436.847335456376,48,1
58646.31329027845,22778.571417100382,522.2742331560067,15152.847820662986,12,0
32223.302883265504,45554.32128789074,599.066734951515,33035.42414879639,24,0
56589.999327556936,91759.74728543994,670.6186703684505,16516.26701603506,84,1
55690.21410308646,36608.04503553453,675.5357031316837,0.0,60,1
55047.583049908615,78967.20676379552,672.9266841095413,29692.70072754772,84,0
60952.78369744352,25810.063433611693,665.1749140975501,39397.498729074374,24,0
62270.20621840158,72762.68577968117,585.8155738126558,0.0,12,0
47031.14462678009,50049.675668658536,633.5946676911188,47070.959200940815,36,0
98181.44201913795,60560.74486367842,653.1634016178915,40949.77704730027,60,0
24915.5811239095,50214.59768292463,669.5360396758883,10536.790023005435,12,0
38370.89674590311,69248.75697323625,643.4319527193012,3242.6058977353096,84,0
143398.9087267067,5000.0,722.9590420984455,35794.66185387825,36,1
28860.259350323104,7405.24059627291,659.3386970150942,0.0,84,1
20000.0,62512.41494025934,670.1325967621614,9974.891326738903,12,0
82034.30235003654,5000.0,611.7347651688483,273.0538774057095,36,0
20000.0,34082.58933058372,544.7558073385578,20088.617142213592,36,0
52941.782700826836,48369.774768900505,665.402893073247,41977.77715058192,24,0
124374.74775229466,25155.7958716131,770.7446043962938,25623.75251526991,120,1
20000.0,29253.15791918679,694.3861230730413,35271.11748084237,48,0
20000.0,58147.46600460777,568.2506058785208,14722.962866979738,48,0
20000.0,80278.84867339427,731.4740025818604,21459.542440427682,12,0
86950.78705040956,21246.51856235577,616.4882932206043,1603.433530257047,36,0
93743.30159957438,32748.254114378895,721.4653980480288,18546.711071925267,48,1
44622.336090644734,28062.170800188655,613.1204135103839,8810.44835515186,12,0
80496.37212003206,5000.0,685.330643982737,17595.945524355924,12,1
101707.65982535969,54251.35370952526,598.1502663375653,16564.818910730457,60,0
113620.39243289476,78041.53237485477,600.6947503529666,15283.401829789775,24,0
52609.94156460455,80499.29621947647,493.373463290426,51613.35499895259,24,0
20000.0,23877.008706777833,701.207481916116,46513.16979067889,84,0
35373.6323277094,12449.058544395724,687.0169634820337,41242.135723126135,120,0
47195.87415194227,50648.16642775054,692.6442716260942,46925.88451245886,36,0
52231.83610264828,74878.21059699402,677.5330561131811,41289.539739168,48,0
54364.21796973841,54645.51344931152,573.7749966676697,19664.339988347405,36,0
93566.83793792008,58679.139076212836,746.589926449358,18126.35592441218,48,1
98232.85280062744,84254.927832087,749.277930009227,23531.003757808696,48,1
54849.7903822565,27825.903223078898,571.1762534829418,16839.7262192688,48,0
92954.54628155456,43400.8973998091,703.2123991349958,4399.319278513223,84,1
70729.84099893268,99038.16535283605,737.4991185367977,24449.078833205214,48,1
61935.179185877154,44095.666307071195,602.9901726656278,0.0,48,0
87196.32471329892,11979.891021002863,620.3964310755648,22064.6246068454,60,0
62167.56144713747,29919.317112491157,703.4113408211786,5078.406723857832,60,1
121734.33531293288,21854.60446336273,498.9670230585699,18784.416944439494,48,0
20000.0,60714.877571038116,541.1482778466,22868.05163808703,84,0
44544.87302723947,23121.589892336633,551.0224992130438,14707.197928957718,12,0
56204.43309138149,58131.027585837335,470.36836351745046,0.0,12,0
73183.58071373972,27918.043443780505,758.493977418748,2179.717498257247,24,1
98038.81461309266,5000.0,451.1868185808333,26873.654325200754,48,0
59268.0429829153,59198.59360945766,684.3110663431366,11638.367092296694,12,1
20000.0,54453.91044640667,731.168339475522,28412.74629176595,24,0
85275.41689365014,65532.73447126522,620.6404045586733,20145.519374473526,120,0
82648.76298425894,29810.383425042302,583.1632375268755,17032.52163334284,12,0
20000.0,26613.665739218704,673.2842450736639,25214.653821822918,24,0
59885.87598987602,62044.00575444637,650.1833000594481,9876.54392157786,36,1
20000.0,95570.58717592942,750.3504862416415,26005.923771096273,12,0
40060.467074938126,50335.04028518983,387.14788596020423,13707.393762794616,48,0
32915.73219111601,62737.55288141435,558.1292523851872,58044.28338559153,120,0
84277.94094725957,40352.36946722878,706.1576883916056,2990.9657429587387,48,1
63504.905225165516,5000.0,655.0447442774461,14641.270549039353,60,1
21432.26997731917,79022.88257462173,725.2034159196867,15246.395045711683,36,0
86401.97888872027,77252.42717258487,676.2019976239662,0.0,36,1
20000.0,71323.22075525582,636.5262936758687,30887.188836477893,12,0
69903.41371412831,44541.63684972744,619.7711556906496,13569.138783791255,24,0
35579.67992125332,67911.68299215622,850.0,0.0,120,1
49029.6875240844,76812.85392163492,803.4946274031511,30426.928573180005,84,0
75128.12244115151,98604.76054870122,699.5505098095222,10457.468279707162,120,1
75643.48197178586,79655.78313942326,657.8463893448414,18426.478656203504,120,1
100109.0722066788,51914.636751009166,703.8132549353435,30152.338697837877,60,1
57532.38900985641,10752.402337268853,732.6834717872908,14529.401224668283,36,1
69193.52588890021,54669.74893015223,691.882668570451,14406.550408901196,36,1
46867.88032787026,57697.32187547923,574.8619876613442,56970.52976483247,84,0
65459.69647868393,71270.89325954912,828.4510767724511,0.0,48,1
73184.58144025535,90616.75577970277,674.620822775402,710.5177005583246,84,1
57050.70457636872,47145.48463829662,850.0,3619.085976118331,48,1
20000.0,113029.61569439335,668.7147486877334,46835.34111363515,24,0
69944.12688992686,5000.0,625.4346647874466,10330.800409369267,12,0
70936.84432066372,62580.25617384876,788.4140124046464,23603.133122685053,24,1
39594.79570956147,26044.388234479156,680.1186958077767,12888.826956165143,12,1
21468.388917824574,5000.0,663.342263450929,29048.005134963314,60,0
104276.37451511897,43946.768711025245,529.9635794357406,19809.2967843276,84,0
74743.36532683206,6284.819047371304,716.0217805135828,23796.487942993575,36,1
53127.569072348706,45157.1630590155,600.6689617044092,39308.69556954771,120,0
25889.013505575378,51043.0774428337,605.2208790926026,26604.044702734478,24,0
35345.55514735963,83556.24228007848,600.9451154594828,8973.98933815607,120,0
99077.71190358695,5000.0,693.9033834695302,24681.005736328625,12,1
64129.85822604138,77253.35496937318,496.462372642431,56279.7912252183,84,0
43482.3879899788,52942.41350839382,628.9154657274192,28474.557035056365,60,0
75290.67693673968,80865.47460828783,748.0278991109378,22278.64482468503,24,1
35568.05437661029,37047.46474906617,525.4331130659992,0.0,120,0
105025.29090841135,10032.66239709664,667.2878960934585,30866.27795997432,36,1
100584.01604690176,13475.02021352401,586.8600579729166,33083.40320272579,60,0
46002.7778639167,11245.776389986517,609.6306880534366,24690.847201809505,48,0
41139.89258907419,64334.42458761965,815.5152260389907,21711.41178640697,36,1
20000.0,94307.66066644099,484.95108164549913,62488.09521760902,120,0
20000.0,33051.45420034339,726.5630338171616,32831.4162368661,48,0
20000.0,68874.0589477335,602.2071731222787,38600.42392764446,60,0
64055.710229621574,5000.0,597.2336014854333,21003.23231632732,60,0
50212.98886675922,55409.637475318974,538.8437657511732,18026.083729429163,48,0
20000.0,70056.8784901138,725.3899637273636,29481.486165532115,12,0
51565.07872606328,6556.256741693949,630.8595383715983,18011.857066956036,84,0
75160.11442942046,43883.49593060436,618.2330586205347,19243.49022982853,60,0
75835.18049746762,71477.51421456695,660.9836929204075,26948.08522811543,24,1
20000.0,5000.0,632.9712874258199,12307.85231574003,84,0
56152.095585485076,90063.59185105228,449.93121202464755,23306.138225894258,24,0
20000.0,60610.381276731445,600.9175817022642,21201.262197890763,60,0
87051.86091420821,71501.82943152028,739.5440890948324,34505.3845618105,84,1
83524.39249060495,37618.42162415707,499.33835358876917,10830.284927718896,48,0
33059.183210266245,5000.0,541.0062100143646,0.0,48,0
37018.643927988,66021.88868950855,607.3208604601474,15340.476197859867,36,0
46161.98848505078,47522.29023750464,577.4376581362858,25959.290340871208,48,0
20000.0,50963.46366296962,647.2114517858392,34461.61185740355,12,0
70079.0452032173,82628.20955596861,540.6923248321259,9607.35495842277,12,0
51814.66360979608,72861.91621587794,611.2145476190627,28131.497894643348,24,0
89105.25247703577,107637.12251268838,645.2005468400666,37027.31548427048,60,0
27047.723461123423,54615.62686620497,714.8940416207971,31268.75994658235,24,0
41426.311552502055,29263.626866266484,774.4789386099596,8140.473448313776,60,1
20000.0,44347.494592738214,623.8452846146561,9751.604377439477,24,0
29871.283095172406,62469.901176158186,838.8060241245826,26525.051745119672,60,0
24540.54011795343,80475.69556978933,631.6095419455476,44380.104681876495,60,0
89879.21036539337,5988.981456838439,732.887514825653,20212.477390736323,24,1
39052.14453745823,50256.12845537507,843.1507734726779,17520.08421005639,36,1
63725.2705423384,98286.24971115107,663.9308409235936,0.0,12,1
48577.09788414587,42793.73386992439,512.6473378422464,14535.696802636994,48,0
21916.042019615612,77930.35564607313,659.0903857207632,9271.427691233182,120,0
54950.98730485072,64793.52581648015,588.835711179509,20407.990612743637,120,0
77973.09995590785,78675.8181957494,622.5567973027548,0.0,12,0
23767.218223699434,25707.183752002027,848.4976882495215,15071.143184094359,48,0
84273.38372194135,25837.949898032577,527.7236576776124,4865.984813582205,60,0
34508.37235566911,50608.156763668645,680.0466822305859,34103.43958758273,84,0
45510.48221781477,5000.0,562.2278719678276,7112.414631852756,24,0
75920.49369030143,41907.78180165027,619.2342058799086,11414.761435253859,120,0
40096.915283415365,57586.29972547001,724.4842335204484,24231.897889319123,24,0
61127.245780075966,103539.06820849318,681.8163943473023,13194.266337441131,48,1
50559.275136357224,62081.54567809465,627.4967731038411,55391.78933729486,24,0
63881.040201114556,68756.85412619307,585.0199674735372,33957.72735919133,24,0
20000.0,84934.27541150017,681.6078192153615,20258.098674713274,24,0
20000.0,21060.272333148303,820.7686717153371,25521.520781705076,12,0
78479.01018140514,45047.52012887043,559.8648057376377,0.0,24,0
91115.44216947151,122762.37775411678,841.1663885457773,38475.87760565744,36,1
32685.39889405436,47626.33332846474,769.9497450725152,27678.450046507547,48,0
52679.14943486597,83492.92246346621,786.9353367577767,18902.632656088663,12,1
68841.57758706904,78912.13631519322,680.8432380929602,28487.745241316312,12,0
80796.52804976112,5656.58856836932,767.1129775509894,30317.7386576421,120,1
20000.0,59314.378310178,549.1168717549374,13754.412239956266,60,0
33418.792590648685,54402.42416615677,583.1956092151488,25702.43061742626,60,0
50022.618604503754,59898.76363521304,726.5813813920392,35730.868122300504,120,0
81094.20591708148,27376.6256062682,679.5845055223816,26823.46614803323,24,1
134952.91451164486,16492.414642635224,635.1620741502231,16210.910191439916,12,0
53159.82819570846,35719.69999937446,399.7391109392578,24449.761424868007,84,0
20000.0,47066.150087473914,606.4525951961829,40733.58595433951,120,0
72068.04231603895,85549.53342800948,532.5946219701734,31759.639115231766,12,0
99629.87368622131,104519.3245917682,699.3534311311503,2553.9926859193656,24,1
63240.423629385026,91897.93538669535,630.8831471432765,28800.25721318632,120,0
32800.54364537122,75805.55632345533,587.1699455833495,26812.36857787784,48,0
88739.81824440058,19869.792131012306,850.0,37461.702855673546,12,1
79906.36855495305,37733.11475031514,753.8174476694235,20492.292693947013,60,1
29217.57467413127,56297.78157238993,755.5872141356059,14459.89562901972,24,1
71442.76852603025,31026.82885771475,850.0,0.0,12,1
89917.96702976618,67316.16957583852,730.2191782683109,9581.083895130687,84,1
95456.7012767668,71614.58324762863,572.9045990527134,38119.18354628442,84,0
58006.53074071632,66088.70187696406,561.2103648308264,22969.347300487705,60,0
49257.616614620434,80754.03813672744,746.4902758754234,18503.182798595353,36,1
96818.21466243788,22862.26358860778,444.06457202248237,39434.35673888834,12,0
23695.18491057345,77984.86112276593,642.2220368990435,36344.03701018978,120,0
73157.37872763016,29130.636496394112,432.8875622443552,8963.816695579853,84,0
20000.0,21771.921420713436,659.8843508389506,38014.94500439501,24,0
91961.28816778808,65963.48402559145,735.4070250711953,0.0,60,1
52258.63453166516,86476.20686596942,677.9415534603633,26893.174128506347,12,0
98057.49706942408,64640.4045912803,743.8109358970598,25119.625960908008,60,1
74742.3826906658,50624.12071317633,846.4826941659915,37246.728689576834,24,1
23303.3930981421,59304.61478304521,635.6461562737991,25715.1751436826,12,0
102738.8319623173,54092.8075420184,850.0,16331.597017954846,120,1
106537.35799283188,16221.473115938177,671.2669956170155,17516.558884248785,120,1
86468.59477797647,12721.395651652543,744.916506269036,60398.73480114929,84,0
37152.364048913405,47635.223615796356,588.8937285434932,21239.60671972395,24,0
50819.58136927773,52395.705073079116,811.9313979630682,28956.135379213305,48,1
64362.81652217278,50339.97135103202,754.1710198542629,0.0,12,1
38888.688020057,70283.0484094974,797.1451302567998,7589.646527679781,12,1
110770.39717389614,43535.6985150698,655.4504421773955,27781.52066946687,120,1
64329.794151781105,66889.37545714568,524.458243561671,0.0,120,0
20000.0,45662.39698020656,696.0397439625406,28240.982505008767,84,0
70180.67438268661,104700.76886109398,480.2980186676484,9123.119683733967,60,0
49555.27809548061,52421.4118017934,616.3814196378048,4492.230350667864,12,0
57752.20331644656,120221.67834577031,669.1080436632251,9067.456195576598,48,1
48941.41902642901,60560.34773272593,850.0,42913.08287216542,60,0
84211.39249820061,43589.68488235353,681.8548611941941,25001.26882235418,60,1
93590.63335660144,23016.560712209768,663.953746908304,6343.454333736121,36,1
68491.59486775962,6713.342778269194,643.6967575964708,31630.097784621612,12,0
49820.66438585523,20256.731468115297,515.7909095234983,32446.075161378078,36,0
58759.88385572489,23611.810725080304,658.5825840013008,14280.37848796039,84,1
60587.98849732885,61844.6006123653,660.2882676136772,34387.60437642986,48,0
35927.0988040549,34215.03886819437,553.1391504546283,35101.244533973535,12,0
77367.85945713705,55607.81157663493,531.3254385571636,32769.97951020098,36,0
73801.26971581398,88459.35087130059,601.8429317232267,9893.719501414142,36,0
106213.2371933002,47365.74945095439,656.4932978572693,2314.2216083626736,120,1
97660.49340865425,112374.70095400413,604.2445818618542,0.0,60,0
39429.752472296095,14725.670589824062,544.9124550348479,10167.28041278678,36,0
84608.95123526893,45482.493548752165,678.9272252004306,14482.835624455476,36,1
31471.39850716585,33820.61229167064,703.8866824169229,15703.458708234928,84,0
80877.9630282255,78095.19818171024,662.1297709222235,19291.947188726906,12,1
44501.57403719677,5000.0,593.7017286123066,45994.828238151465,120,0
29302.403298732468,6706.541324665668,709.4841021232259,14906.342401526394,120,0
68401.36028092213,46779.59532647111,630.9462710273019,19268.38825115489,12,0
20000.0,96541.3316302848,531.091629265485,0.0,60,0
20000.0,56775.25502111922,753.6244355001398,53419.57196807061,120,0
54675.243486771506,9453.576372072988,685.350801926649,261.38898957333004,12,1
62473.252999045275,14085.002219293092,638.0709694304261,9397.179432659654,48,0
48920.43689525433,100189.69108534858,492.8947795165275,30435.830703052474,60,0
20000.0,31365.956036112777,575.5139720864788,23692.88657327262,48,0
35463.24473584483,21711.09882650708,850.0,44647.794054486054,12,0
71736.27981712182,94321.17681892581,499.16579381193026,30800.204835912617,12,0
77453.45311885088,80332.91016760972,624.8650720358307,18780.739231432097,60,0
59513.30647212176,88221.78929800387,648.3664237646381,35661.25803266538,120,0
94705.01343110966,21498.7435920255,682.0476789411555,37419.619188025594,36,1
71921.91070377703,5000.0,500.2829064173586,10097.618579267935,24,0
37576.33038125363,53994.994680881166,667.4176256404601,34445.44079246359,24,0
51584.93839765148,60053.78399220992,481.3894537528321,16666.08255952385,12,0
20000.0,60938.05411114496,659.7428796195511,18447.83138621746,48,0
56755.8302882575,94345.51806917007,584.7602080990417,22143.999245433584,60,0
93363.01857664016,5000.0,563.4130733082189,14288.286914888706,36,0
80558.70254132904,75790.85153893297,733.4817158667587,13481.132782609813,84,1
102060.27977757365,17101.248675580464,626.4393756636118,34770.81272373038,12,0
50913.442686030205,75672.05962582523,697.3710804907571,0.0,48,1
100382.99383542774,35751.29886435867,700.6826911377817,4075.595818112186,12,1
54200.87320656091,25580.846123284653,776.9953488955102,30121.00974665738,84,1
104147.55247709682,31702.918791523934,529.1742258378976,18906.508112612668,24,0
59344.29757673629,6631.693976703122,741.9015662519756,34872.689780341745,12,0
81216.9412141283,51212.86819500402,651.6461622438047,25368.98417185186,48,1
104253.37092929566,26819.798280186285,612.1875419630406,0.0,24,0
54197.171142563835,73588.94692700835,535.0749480809718,20942.516289163792,84,0
66551.66962632522,69201.68243098752,710.6590861542861,28018.217016338247,84,0
98665.90275618907,100644.71158708373,557.7775478666115,23510.594877999807,120,0
56009.90508209809,60989.82450623231,701.7806586977143,12975.887395588257,12,1
20373.231524815164,65620.33301240222,842.7830772967133,15890.895198196977,24,0
124290.2116375473,92002.99435483442,747.9977040359329,11598.722663588667,84,1
45907.0660698859,31170.11911919911,789.1434325150649,122.04377598229257,60,1
64762.68152812628,5352.253615309019,578.0995222774968,0.0,120,0
94680.20008353381,56002.82177385181,726.2733046131995,25850.314341415527,48,1
41745.182888063944,7320.995923567876,535.578504486361,6928.1245170664515,48,0
29763.962603336095,123618.1601877617,626.6517097425386,28633.976411780885,60,0
67612.11890324499,93664.9487623683,824.127205621912,11073.987688227046,84,1
20000.0,114919.28999904741,589.2157793573516,302.77119927577223,84,0
51362.817693962395,51873.40929989388,761.1356184173093,13880.84547163178,48,1
67351.15992946218,66517.20781104793,751.5646732999714,51415.6245862708,48,0
51901.44309524508,36215.73704142068,757.4741250220839,18565.83831225454,12,1
20000.0,76487.74416760256,523.2998023878728,29688.00002498347,36,0
107825.33868612036,13533.703638468294,702.520096601568,22532.057148861157,12,1
63106.144618475264,5000.0,634.3401434083137,0.0,60,0
102934.56353285223,26278.681415343,758.8496857529111,41734.44869034755,60,1
52198.91249458666,6335.795731480524,484.49996002731547,16282.672852640979,36,0
33599.64054927709,94337.80208478606,686.7787889065603,342.3115292195798,12,1
68075.4276076548,104470.32365240948,672.6375202840067,12316.497373349983,12,1
53526.38621015341,7912.127827606673,450.9883262751065,16906.338575387024,12,0
24667.15626025926,88751.46822563719,561.4579643905023,31242.192852518383,24,0
104093.52776362488,78541.54950502311,466.9847786883149,9788.552290845797,120,0
41331.89331318012,5000.0,577.3644698077094,59305.18399975898,84,0
20000.0,38291.97407205145,704.9217084665148,5942.4652623708935,24,1
99844.98161871999,32595.08833626441,669.5365575648608,29179.92443346543,12,1
44871.059525621306,72439.861958816,666.9400080593549,0.0,24,1
41765.28322153127,13136.61947284959,546.0251891068617,18144.520006110506,12,0
20000.0,47033.82123021553,762.0450491510533,25508.514189831723,60,0
112228.24459790972,29421.96488151146,648.118032163866,3206.2511926607076,12,0
21315.582383709378,64200.2355015543,653.3703812257509,42485.68221562504,24,0
61753.484421169494,43496.23904936212,744.039956894613,26517.149767762567,36,0
87378.60967621321,33942.62888178814,550.8654252307462,15235.393027303591,60,0
72651.50799009291,43601.10273103766,672.8547769871923,26355.162524419633,48,1
58210.37064023425,111081.28498520335,692.346249160142,11100.287570948256,36,1
20000.0,37493.01091641832,595.4431849706152,38770.69853611364,36,0
35708.25492698148,18769.84345148639,715.2373380759776,35229.479027332636,84,0
65634.01014127566,67503.00707467896,697.7123170629567,25600.851006612313,48,1
36384.77790039011,45694.259917311305,639.8823287722576,29175.380712468846,60,0
66100.78379996303,7542.982074005828,636.7849109865139,0.0,84,0
80452.30226445425,116944.89005607399,702.3547657871305,42004.176601166975,120,0
88875.08657400304,39425.63163240056,728.847104001319,18509.632681020485,120,1
23214.619265619498,38663.91638115946,656.289991740664,35375.684741391524,120,0
125899.38164936863,54795.06055724292,762.0189460406847,31247.633352870456,48,1
83024.38033662392,101903.50307626519,715.8525962430583,35145.721513158074,60,0
59948.57538992808,5000.0,471.15360502731846,4283.555746115686,60,0
92686.09749229922,58279.575482616194,509.5103302457858,6192.509865261332,84,0
130962.2331599992,112618.16485380882,768.2235219021661,53724.121532308556,120,1
20000.0,53861.86042218945,625.3226868529102,0.0,60,0
53242.12072525939,12939.980620895607,666.4175822797474,3535.8446973693754,36,1
20000.0,31448.09441118042,763.9290517659144,20648.659948972392,60,0
65779.54597944074,56206.47589270372,649.3588782628159,20674.69590992915,84,0
70961.82725775422,89924.11746919586,653.7267609589348,11899.728843012877,48,1
58825.13653671722,39819.92466751818,563.1270767208271,29241.18307878908,36,0
40363.9928700507,74799.55392297295,686.999450722752,33531.25156400751,60,0
20000.0,6938.935188593328,708.6512218966824,19727.48550636801,24,0
71206.01050235306,6688.448912148364,592.2118162997144,15972.652104674049,24,0
103663.03451745975,35515.979339451515,557.7978621694133,19666.067155772806,60,0
42269.44632799704,93140.86165619787,850.0,12539.588120383723,24,1
73201.79787069435,52066.23918541308,640.7091530151718,0.0,12,0
20000.0,58694.335866998576,581.6307660390709,24513.866555113185,120,0
73716.39191077542,58342.38786720582,720.6586445292262,31487.535706220617,84,0
48198.53106766029,83276.23947760192,644.9205964772108,17691.0908251414,36,0
37127.46148191257,31693.379223864384,541.4233676737897,0.0,12,0
37189.090763516084,70648.55325464698,698.3053571651445,11424.274320173716,36,1
48191.6525390097,25073.520084346095,564.6879030924181,33585.83107801895,48,0
71472.99947077606,109498.1796776228,807.6458002155634,0.0,24,1
20635.10396413447,25988.266871099306,699.4504629752403,30438.2603315558,24,0
48086.54005296442,23528.320907641373,622.3119575473916,13318.75807445341,84,0
58755.84666002557,66490.09440464148,660.9347018022113,19718.372739875886,24,1
27028.823264044222,52393.65294296971,740.3288121098193,9711.507338241929,60,1
113899.9560502505,59805.57218782803,668.5961253560798,2966.262355730796,36,1
34395.13559815975,56819.41386476954,850.0,41513.697024055575,60,0
39916.89259099528,17288.234035776837,763.5867516395524,32237.585488572357,24,0
30650.761505325063,98400.76787238452,698.7607367561122,29670.8154425306,120,0
113954.40261414353,76806.26617667328,556.3014126491516,33628.33223302869,48,0
76587.15685798445,90768.49853801347,635.3111896098009,27540.723084537454,24,0
31902.239812690736,34150.07332668727,697.8874970052452,34161.96883670351,120,0
93186.94676579906,62495.70634145514,567.7138584241861,10041.488810293777,120,0
66020.96082866634,55921.05386704073,779.342687496295,40665.30330918568,84,0
67717.60263334506,83840.07878604523,552.5842658221959,39326.46589305994,60,0
49665.68373742642,84807.44395488857,586.2774301954098,25707.22951276909,24,0
37517.520391290804,55791.52408874345,593.7700815105119,15680.08178172427,120,0
70132.98297163803,5000.0,724.3824460633133,1647.061720253896,12,1
43647.38310013229,103389.85661263067,569.5063632829227,23429.866613062914,12,0
114502.66888725314,66679.62301070416,470.0023429580945,45273.72769502096,60,0
21921.26684270687,31746.888758265737,758.8038835761713,2587.4423997350277,12,1
106084.70318564837,62196.264148000846,605.5613714894438,35271.12722788409,36,0
56660.43453606598,5000.0,543.1492367848064,12928.41689140165,120,0
68972.57202063318,81660.59202413133,574.514144679746,14208.533227770822,84,0
84994.73299888303,5863.647671625411,821.6762749184351,2368.115131056973,36,1
41092.52114986691,43374.965238887526,584.2956302727089,8712.606101495428,84,0
85927.4515409591,57333.633488166495,637.6631894623099,29701.7312834172,120,0
20000.0,81165.1913594628,605.3081637713984,31566.913531351536,84,0
38400.314003341824,53196.34029303122,526.7337456566244,23537.871216149077,60,0
32278.11577976804,69048.8862083765,575.7281437753037,12487.807028602216,12,0
22394.81962884715,49154.99274651341,519.8891592993505,3446.6419665164176,36,0
53551.354857631464,49034.42147167152,745.5881275680714,20926.37700215339,12,1
71572.49904545085,52564.31751044892,660.0879064613596,14525.685436750731,24,1
81079.79995497917,44328.26237442876,850.0,23167.721336561455,84,1
67226.30271601223,5000.0,579.1089275009411,15181.434502695029,12,0
40029.19605319359,26950.295189101154,564.113975385438,15565.028199718057,12,0
71070.49313475502,57343.24523335095,803.3759768355328,22384.410291686945,60,1
63728.57084552552,42526.36989533843,755.7977032068135,25282.886969655836,120,1
88081.68503808048,45325.727534542806,688.4765021771022,38358.81935146602,24,0
83308.1010879455,40299.38991683854,538.6308484911729,14945.174988879611,120,0
60914.29241761887,24092.048218045464,824.4996267727934,28182.417755784143,36,1
33082.4098151623,35207.016170711184,642.7896840229652,47054.33088548112,84,0
40411.49532503758,40795.04766834216,606.9324871504964,28581.144863413436,84,0
43506.319210859,50154.29421625548,764.295973691828,37463.76490347469,84,0
50542.009982512325,61801.350334091374,647.770487874627,10690.589910969142,36,0
68041.5128276926,44583.491273427826,533.4329914368118,9194.665394774853,84,0
81455.23170384175,19110.342329227416,654.0302599498582,17609.38807422594,12,1
58466.43920953867,8057.538802436502,571.8651198429236,19205.901721793914,48,0
60483.74363701417,127923.11622125673,349.0658857316826,36062.36775673917,48,0
64299.18915000011,16105.549092063105,561.8289807849868,9054.74076227968,84,0
44522.8406060298,34441.24996206851,597.2264429132149,18670.5813470362,36,0
32238.232270711316,65510.00907541806,534.4354890706952,36122.37870519815,12,0
20000.0,60825.818286970425,707.5246532114038,23233.153750980127,12,0
39145.51925769383,65625.97077684717,572.2552242671218,19837.745445431265,120,0
74194.36359803361,36718.48791403473,697.8426200834456,23577.46432200396,120,1
38912.656858812974,57156.74211918642,526.6680263631686,3086.7124773370597,24,0
52865.78887722181,51840.309927225906,740.9218921082538,2843.7032863705936,60,1
73992.9386223695,40636.058973761385,522.3517473333509,0.0,48,0
75620.68489268006,57362.2922531402,415.8469590608927,23100.22681054405,84,0
27614.01443501883,81660.9664025212,773.7262585163228,33782.821247645246,12,0
89911.78069360924,49333.99329694026,564.4106196268829,31483.797269058057,36,0
93820.50268066456,49533.58539069276,825.6929058199408,37154.41988847223,48,1
26104.50428344321,82044.83104627952,706.459190120807,41813.33328580812,60,0
35284.89391076538,78840.8107945644,729.0263318381253,22169.710767322445,12,0
95732.72049438575,97518.0932289045,754.5472500466072,19030.884233396766,48,1
55594.39436234097,5000.0,661.267934624907,42139.4704226369,12,0
20000.0,77153.57549508169,662.4055417838539,9484.772049843697,84,0
20000.0,68047.40136206537,778.1340024194309,2322.0106942512793,60,1
52518.91124482556,23430.42806740204,661.1358495698098,14916.808211463474,24,1
25108.720491461943,57547.63753996535,577.1823153203391,13163.850359986765,48,0
47597.28688090676,81533.65243273995,708.5758560162224,20724.901187315314,60,0
60971.88641050736,25125.232325438,438.6356585615048,7249.704632853207,24,0
103867.63812104186,63276.872870684216,781.9558801560213,25545.997171449988,24,1
51286.38251316633,76140.61027193052,784.0439135965091,11463.31939414275,60,1
92176.25398718276,17869.41312405536,769.8166668123079,38423.057395338095,36,1
102862.80486110311,45731.42922664556,765.9771962377695,2081.5174484043964,120,1
103029.29008056229,59029.05129927234,641.5824674658877,17907.907759218466,60,0
68542.63780156705,26116.054833711358,639.3317615506977,14976.285626337327,12,0
20000.0,23625.404027193617,527.0359910229143,23463.34884005702,36,0
73824.74596211597,45948.66194411677,824.8041251711047,33900.567242400604,24,1
91451.99663440623,74049.19150711075,601.4981826973723,23993.163595834143,120,0
57567.98683693749,69312.0200357633,683.988530975188,18071.132024731793,120,1
112337.51610225745,24157.618124409735,675.4045282954778,30368.825566479412,120,1
85795.00684402374,69565.03655347059,515.9580818395843,32645.371541242268,48,0
77048.20131458352,24921.806715004746,475.5324975876795,24037.996950565142,24,0
92591.42133617513,5000.0,650.5586620867348,25813.877409597433,48,1
70001.09553782635,38985.692868583064,604.6243882388491,29699.533194434203,120,0
20000.0,83689.08114757207,641.0563140756665,0.0,48,0
45025.83145588903,69678.8165642412,756.5415630203232,14737.92182815315,60,1
95915.0408174356,49952.84577880417,672.4944150537023,25643.508968129954,60,1
35772.25979705112,37498.83549226828,725.8522540764731,15625.887743384377,24,0
53295.82484289182,38307.13591650706,694.5328162175578,15677.796655427155,60,1
28654.910582907865,53263.547175823885,618.3665806760168,25623.52314199901,24,0
113517.67785605308,17946.875424625137,549.8196832806937,25964.674610231457,120,0
110444.77372254047,39556.77964396108,676.4717868113469,27005.890318563295,120,1
33483.93314577812,43532.916159206936,658.3892619346092,8116.648074195415,60,1
64418.94001167252,9467.766246455074,741.5156337504748,0.0,60,1
39585.178567078576,24846.552473072752,634.9099930277507,32065.80173528765,120,0
78448.33917094134,62315.20374459145,620.2658454884478,8863.76738767251,48,0
75290.49231726988,50285.35519822982,627.05006162184,7827.119655915858,36,0
84351.16714839797,40737.14626419851,558.1273364994554,6473.7271188196355,60,0
69957.55343123662,22657.176873861084,794.6909944820458,37265.452120033086,84,1
148062.18619165404,97305.49476767652,763.9628754615761,23180.402181296948,84,1
29162.287049677834,24860.623559620446,528.6970171041953,25137.85097576802,84,0
20000.0,57547.784217852124,730.394814197255,30343.26774841203,60,0
48207.29397895616,35363.92735778614,465.49949360676345,19364.4420437668,24,0
20000.0,51088.37877915006,748.5289233111023,35190.32693998562,48,0
20000.0,63728.29225821117,580.3649548892324,2047.9526603066297,84,0
29960.56037406099,8892.302323763419,685.9900557678252,3715.8949136899046,120,1
32334.332837051177,49801.51267539536,457.0490310458328,2888.4580150094225,48,0
31361.456941498196,85721.85946939536,530.129576832205,26325.027463554998,36,0
75546.56851336235,102845.0568047601,696.870296724941,27596.265442980344,36,1
44814.32816743992,46099.58080234607,579.909181661722,12911.26944929745,36,0
54614.562753825594,51250.43621650727,566.0037129627801,16513.424768168374,120,0
86826.98323502805,116339.99085804599,789.5861697452098,39021.059011928475,60,1
37010.324256557215,84047.72844797594,850.0,9583.457060703606,24,1
52063.623038858335,31481.46292234343,743.7013936819483,24431.491868799287,84,0
70972.79958278747,31430.49647341631,540.8119428264936,9714.261934701954,12,0
20000.0,78696.48385361806,826.35193328177,36439.61487410254,84,0
20000.0,19668.88609862808,493.8567740351618,29426.392764090015,84,0
70383.51986393168,82631.80254016559,619.5508545924674,0.0,24,0
74760.42841700696,60028.99891253025,655.4777766987373,16087.984555280811,120,1
121926.60404557231,65531.62292081217,842.4037843838748,0.0,48,1
64742.8462760043,42297.9858955984,741.2659137551725,33506.83371516245,36,0
84592.19151774285,31105.255872607704,603.6242305200481,50709.63426382153,12,0
54135.820692420784,93859.78492604962,555.504372922025,0.0,48,0
68916.8166475526,42597.88158339575,750.2192653803254,0.0,36,1
110017.70525248602,37671.94770278415,596.6641042779645,22509.801253547794,84,0
20000.0,47595.887963605725,671.6740087864976,19723.1178456582,12,0
72408.48772715041,55790.66398153829,513.0223510740884,13837.32242292319,24,0
124067.60190232098,19075.246198416542,706.92578552242,0.0,84,1
68461.02657628027,33053.85517379265,698.8695145747479,24851.70244962693,48,1
109517.18889698543,31459.037782818265,525.8379938341828,33312.70777920468,60,0
41123.63551411673,75358.40913820545,753.162311287164,62704.781731313466,84,0
59038.5751750886,23421.122960003322,705.4745808242782,39609.31883205232,12,0
61005.74107165763,5000.0,724.0024252780098,519.2601208814449,12,1
20000.0,5000.0,612.132130724987,19821.628832573475,84,0
24954.665164493992,5888.595959728482,667.8956411286442,28881.16582173073,84,0
27093.747618480418,90846.14608544334,656.3378868865325,9676.078287150554,24,0
84661.98234097582,50486.19798452155,635.182959524577,31700.180023143344,24,0
86164.59317052165,65037.472604216084,667.0503278165846,30550.666849054018,48,1
69721.093281196,66094.63181363988,775.6442973796383,38560.39573603749,60,1
84723.08690567117,51685.51755176961,757.4950638703926,32033.641299012794,36,1
55075.517618346785,47756.561100460756,531.8139322531143,24277.154751616385,84,0
96057.95008618629,81335.79289454423,748.540181690694,10431.023794866716,12,1
60263.653278962156,54379.8774293792,769.1143372748036,603.8210826026407,120,1
61735.9214228027,91972.92437790244,634.8822326647634,23285.24207230928,12,0
52032.221002127655,68624.898358696,700.8447103797777,13942.488624344734,48,1
80533.51432909284,31466.111795569162,699.4001667303017,15392.041434902854,36,1
47364.035501612605,35085.979283901914,565.0033383325699,36826.85736079053,120,0
89292.94131594204,28176.055806371616,611.8043712471672,40533.860207087906,36,0
26035.525778519797,86526.44065852146,725.0810238851607,1469.500756200443,84,0
27032.512358154185,37848.471411633414,600.4177763168549,16843.540911272183,36,0
80622.80265379512,26045.816096011025,747.5499559262307,13501.922445551496,48,1
57343.67356250962,59593.341233804604,780.4972440849762,24723.629630040075,120,1
46383.25751540615,47084.986808824906,764.3671841980471,0.0,12,1
86701.73197426379,58837.05537725492,847.9804603169457,0.0,24,1
41782.15757741747,106694.4171168153,640.9267717708888,18237.576004423914,12,0
53993.962370988906,77392.12417786579,667.7201073969063,31791.728064579733,24,0
101976.83850213478,50810.31662905719,682.066304776264,21129.36106180361,24,1
106174.27037431952,7747.298473819741,643.9602075009261,30072.60609586553,48,0
107171.94630810982,35001.12508374093,704.2178974101645,22959.625665304797,84,1
51536.226691982665,71331.3830763591,478.8795970988011,39144.343606161725,36,0
96921.08714953411,14868.768810145513,670.490538869252,42288.3132324827,84,0
31531.415166939656,114229.10888991063,512.2563350117105,8593.056692517597,48,0
32792.91375833817,50432.49687906646,553.7376722392422,33254.680096813274,84,0
20000.0,51465.45179628455,723.2889811029913,27621.793227005823,84,0
110186.0460569559,30000.644211260664,630.088376155098,57570.022176252074,24,0
34080.60452771765,64902.132703271556,719.7614474715806,8032.4747147882445,12,1
56204.0226075882,15259.945804333045,627.922339639887,18248.967034522724,120,0
32690.269742151482,114946.77767304372,760.6406316391156,4515.895500261988,24,1
80854.9574499042,89520.53913956034,626.0919294378697,5405.956518469984,120,0
48730.9901784798,79528.89335591136,454.5081510436877,25783.460324676515,48,0
20855.493287011523,8287.129826305718,672.539258201127,23083.151308086664,120,0
73249.87692558182,56162.398113732525,433.1140154297449,28121.766408622672,84,0
20000.0,86272.59194042013,504.7279097467592,27796.305911735984,84,0
34877.828240535266,67793.16198073217,561.705347100143,16465.418707633835,120,0
20000.0,19936.726860986753,549.2290522229813,16361.913969527557,120,0
20000.0,30497.18734074034,595.4949195583715,5438.019012921277,12,0
65355.87509161433,36441.915859820285,545.7932176468894,9482.68543573108,36,0
20000.0,31896.864965341774,509.4047336414327,19147.973351630884,48,0
20000.0,95863.36507130922,804.1835744840774,22955.44462763121,84,0
59928.93251601576,5000.0,582.1855453608105,30661.818373828835,120,0
43691.79311720842,69677.57418976509,426.92323468526024,29132.9098968826,84,0
119761.09907877927,11230.898752146466,613.9081626990743,43356.15148348599,60,0
115016.89638073125,21162.455376467966,537.5268941972446,5409.678612536465,84,0
33962.32611746539,5000.0,561.5032372707186,16511.21884033896,24,0
76714.12855210446,33528.36706523402,721.0342481352485,6720.431657033429,36,1
82478.47670638355,95321.94954617642,605.1842381214782,39159.30604043105,36,0
42075.6342592679,57944.72727394334,534.7403398782114,12462.891677053649,84,0
20000.0,14049.15359002709,694.6253509957245,37325.411786669545,12,0
59631.046520758275,80514.43023137937,764.9940830609086,41791.79200589089,48,0
54814.62975557667,86939.12790706058,703.6872162639845,26201.55445191173,84,0
46927.06509088143,53121.394431172565,404.64444283495743,24395.882415875454,84,0
73269.50604493456,111042.47474457772,538.5010497602987,20579.677182268693,24,0
37478.11178983204,74646.92373873843,654.7448530636206,15243.409457503662,84,0
25440.073572625704,70479.57521877764,625.5700594735985,13439.228542579018,60,0
63272.48911049496,25898.638785011295,617.2724846060803,17788.749144285386,24,0
71579.10277706628,68821.95456864023,551.7243307159166,47365.67585718649,84,0
24700.65168299841,56503.7383281348,509.441591692256,4372.171775507295,84,0
87842.71832973244,65594.8700801308,850.0,23069.138356639858,120,1
20000.0,29462.43142576008,652.7110953138912,30669.589462811004,48,0
42656.5962385307,53842.9665307696,714.2121788867418,15734.362379864659,36,1
52259.74391407173,25494.15499355126,650.6251173583809,26241.23556862368,60,0
40913.28862044211,5000.0,654.6348698637989,0.0,12,1
43048.185793464225,79949.1370573515,643.7896600190712,39875.647194727695,48,0
116132.23446924341,5000.0,537.9554140925568,36967.23067161636,24,0
34473.47732883304,53215.593943472486,498.55105419657525,18523.61150939526,48,0
133236.65167415742,59990.06388347119,688.6225373744987,6802.462020423973,12,1
73113.80339193155,59796.89047589165,668.7842407271166,31893.472213803612,24,0
62761.65411935976,41507.627792052495,743.8280898459707,2778.208005469056,60,1
74287.21060162998,58136.3442583992,723.5360826642027,4930.639011355981,120,1
135897.83247755858,64129.01209355486,569.1487807250329,19195.85763396975,24,0
30192.20988205656,72048.94447255955,763.2591308921872,42770.623504820236,24,0
26387.462431908323,102003.24018152789,726.5027195154518,29608.72783902978,120,0
37354.01410284237,57025.82454494616,719.0841569857336,10295.07245016072,12,1
60964.294408936825,51921.465350531056,850.0,0.0,24,1
20000.0,22798.131039497177,850.0,20622.806204477212,48,0
60670.17717955824,63078.38971698011,718.9913766554886,23771.326788523962,36,1
110806.41400241017,70021.49309421706,706.5197205837529,18908.29877616795,12,1
64542.22171874333,44230.904471551185,758.165518176968,47095.87520347514,12,0
51219.43623074169,66338.37512552111,591.6046230329629,18021.096655873313,12,0
41455.18653949117,41224.514193519746,593.017074240895,0.0,48,0
86955.35113654693,70129.77956266771,717.3421407091913,13892.906627354172,48,1
35225.016802858576,77378.06942089231,564.3523910872427,26819.668678211434,48,0
115391.87761797744,76958.83600191456,709.2769485523255,25803.45963127959,84,1
118000.79243143072,53535.32978423902,665.683216653619,17349.82570647454,48,1
67702.52395985363,18800.95545148846,564.3809895407882,14866.727208907669,120,0
59654.54735770065,31642.60842074538,652.5866510288299,0.0,24,1
90919.79424724678,67854.71971654185,780.5081592138416,21286.56134332301,12,1
92843.95506681976,123464.36917220682,658.2370450653838,14920.658358815563,84,1
35820.24806821754,39778.376854037546,658.6547647617978,23738.74823065189,12,0
44203.346005898944,63675.1303516442,682.8985278904596,27369.339110304358,60,0
20329.576959501137,33318.4232756179,695.9188522891609,38616.02558066961,36,0
72271.94815002171,20780.98867252698,616.9159533918807,5666.523480291979,24,0
79998.83650370673,29710.524092679123,685.0261047967048,590.2676822642752,36,1
20000.0,5000.0,545.0929640409267,11390.49903313399,24,0
46344.03285551522,90603.05188723252,570.0928943166111,8966.101324155392,24,0
20000.0,5000.0,582.8850891924377,7618.856379255836,24,0
33036.00569268488,42085.153087981016,696.9762689634108,41673.59661302379,12,0
76530.51180678899,14656.163139498363,666.0232827556277,22226.238073074415,36,1
37995.53799965161,23468.593539133868,636.5640422756047,49585.90193942122,36,0
50975.22131903104,91295.67979216004,719.0769989585286,19953.943654628558,48,1
20000.0,56032.00970094176,687.8862082742336,2421.8532640105805,36,1
65609.70629173993,21038.115224548983,621.0023220017129,7877.381237033456,48,0
58671.800404660535,32314.486025104674,546.4769157180187,35366.83020565937,60,0
38131.22249900513,27035.56338673743,568.0291198773248,2992.2239455921444,48,0
54329.57106952577,48693.62983763358,503.31905346071085,28368.149663958182,84,0
65408.84641510333,55186.75054363078,664.0569550150826,14648.71206271009,24,1
35553.95553271967,106867.2431968568,563.7861217546329,6052.616410028588,12,0
20000.0,5000.0,600.467701801613,40797.79598222336,84,0
114167.23298060446,48955.63055726143,637.2409319371136,11171.509455199699,24,0
41001.818858691826,40532.969223964334,754.3995191330686,7586.43463099449,120,1
57097.19690439332,78396.45583150347,742.879059831682,18816.60380670765,60,1
90325.1920506094,60644.5435453518,644.5291528746026,12376.434607372026,84,0
165871.65562711452,67710.86624344837,776.55034894003,53224.78850899803,12,1
22665.40650333403,60352.585580452476,448.7651490679139,35905.35940063369,60,0
73494.8164117953,22040.266241493813,837.7220549766513,11139.613663172555,84,1
38773.431441176814,86337.96489479039,719.2499714304585,12869.943331123526,24,1
43836.290862698675,73955.14713847007,660.2803285019929,0.0,12,1
38393.63936979631,77465.89375174229,560.8640319247937,22061.05476637167,60,0
26230.35096598245,87921.50511521494,606.1932633869536,8794.109855917892,84,0
58761.25914646016,62530.25301955879,710.9350895578041,21320.170732399005,48,1
20000.0,94429.77212352479,713.2079383531413,0.0,36,0
88404.22699535612,61329.18715359923,716.8393370590787,19598.654960165877,24,1
61650.08808100124,43428.24235926174,577.1503265633539,45480.06959350241,48,0
72673.04918704319,49801.882685499055,557.0152286984791,20812.117418484904,60,0
46014.34164161331,49284.686955916506,669.5205244352506,8379.767194241884,60,1
48983.88197364755,34418.26033728371,726.9853957771473,19692.99912635262,84,0
68626.91715501984,98956.66545110662,650.3184849504859,19036.268957208707,84,1
25078.481027825233,58888.86096511003,798.1484246885167,52877.49711134437,12,0
49260.286967599925,52842.154274987195,653.3137462190111,15007.3710616897,48,1
34211.59458364638,61648.22764779301,649.9291356167014,1950.6004516571447,60,0
33282.93568226957,139395.63550211443,717.0559991192669,20321.87261341157,12,0
20000.0,16048.27434201022,771.9230137592039,22932.998567589486,36,0
100179.7976844,24648.84464851173,515.0744740195455,28434.43949531234,36,0
39403.837405386934,8582.86947659011,538.1988291964402,31336.42775347079,12,0
94901.2816549065,43022.02284693542,618.6738562255962,49332.89128264693,48,0
92063.76964182877,57365.55329982081,850.0,11065.044474911921,12,1
21420.00880450519,36040.32444976768,623.8531437459068,9701.75383732723,84,0
27347.66292981463,33808.1960554469,637.8217056989431,0.0,12,0
136815.0887806705,54272.14599884397,711.8351929807918,29924.80650073585,48,1
112527.7782578143,34936.76525510907,747.6928902813474,6690.28451841284,36,1
59054.44460015687,59305.27481548514,666.9785116454756,33376.4641987193,60,0
67721.19319252048,83427.03040227812,766.4347495040256,12625.476296212319,36,1
41074.60791158434,70310.91409402419,530.6028816974081,45889.369576405516,84,0
72970.5814260102,76430.40041495606,573.3911575257275,0.0,48,0
38484.54297832586,82577.55234520158,766.2486950579639,35343.88255029042,120,0
20000.0,58484.844803561085,651.0943114783474,33557.6384421918,24,0
20353.32640466847,45240.76921870696,523.7549394991336,27898.64657696329,48,0
60632.78243551762,26832.407873504133,517.7462068382792,3241.0445151869026,36,0
26067.982934922366,38264.65509092837,568.9059194655296,27967.262304628308,36,0
57981.67605259396,34289.434019693166,650.2125542157917,21903.12111195058,120,1
27760.16881701411,71950.16979862735,696.7379569726788,0.0,48,1
36529.38232494019,60403.47663782589,617.094000005586,43374.094846019936,48,0
85594.95919239575,70902.73588142905,688.4999189239519,14815.828761245131,48,1
67424.41642920313,15189.894316995458,606.2933513306385,42218.26544036578,36,0
59710.06736059958,92952.48452723236,772.3920201616918,18985.078248470247,120,1
86368.91919211953,37190.588854797126,850.0,34734.89094948108,84,1
74418.25780042043,16999.50073776012,610.7387267915576,7107.123323895774,12,0
103396.89873754102,36823.467055345616,697.9932810798946,23216.524314927257,24,1
46204.22213054579,124512.97977762525,689.8410824150112,22159.129896915158,12,0
47110.950644174736,38368.49400525297,663.8695426259925,15145.984589110505,84,1
20966.72200825964,40247.105855872236,715.3250945341291,6961.6577912799985,36,1
47130.57847882741,44236.85958110972,697.8821188979828,0.0,12,1
88943.09682907337,45541.38849705634,602.8946429615105,7313.60887259622,48,0
98999.62116786401,26555.71802596237,781.6545772622687,30507.636703636,60,1
88809.15504260003,54296.392496183915,670.1666247486776,0.0,48,1
20000.0,82267.8472459499,611.5199580169636,2177.9954025707157,24,0
92494.35637982203,59428.67946436121,850.0,0.0,48,1
20000.0,16665.04103300043,638.37866228444,23133.321744658344,60,0
86943.51972367043,39669.62285198875,675.4943841423749,6598.9012236011295,36,1
48966.464202868345,33454.17799695111,667.5440344580337,38305.14465800205,12,0
81075.99941801566,51588.18404704404,637.0105389048792,31019.295606789114,48,0
20026.549563163026,89913.5501468695,694.8664705044016,23001.860959264446,84,0
95135.0289811844,45533.51611937351,565.5000090908375,24559.244998637798,12,0
20000.0,47355.35393388828,709.6543386523058,8555.778910254472,24,0
39946.35267440467,103329.34456458289,474.164597160757,8559.610610078853,120,0
30057.16116692894,76286.17975014981,520.1930248742871,30665.398198730203,84,0
20000.0,67222.43846319606,832.5724547168516,33700.88035455563,84,0
62835.82702765405,108743.94845905327,524.3819973278214,30533.935578703193,12,0
114182.67353510884,64694.33764382039,454.00411479631396,12941.260153649018,24,0
140007.15666960028,5000.0,526.8583830933812,14130.168837195746,24,0
62914.67361258743,74979.97273641083,824.0057269196734,6023.648272924564,84,1
93500.43825202566,5000.0,470.8138259727285,31523.807558868277,48,0
66962.83913785612,63560.16105747343,554.418581740845,0.0,84,0
74966.49584304639,5000.0,504.1807515683013,0.0,84,0
49735.540466182836,35994.337688002415,622.5870802909991,0.0,84,0
65852.30776267806,39086.46411170386,606.3979101819264,0.0,60,0
76124.36113819285,26896.426783047402,601.9243493272967,40357.11352247218,12,0
42646.20813371006,39534.440084264,835.6133799405136,31802.080453554106,24,0
57675.171003210366,80976.85161081658,530.0924682362452,2021.050974754191,24,0
58247.096430075355,28581.4126352134,639.7812220282889,18411.006399688307,24,0
84792.09951991573,66354.22638531623,683.8601246320734,41986.85560772547,36,0
28019.03485116958,21030.510811780994,551.9790737927856,27502.979313686348,84,0
58453.733741770455,44315.01270823613,698.6589981246602,51715.64401956208,12,0
117360.16407158092,59715.17798982351,610.0189505446692,18286.00798860773,12,0
94921.80457757812,20104.147501443207,687.4309066189855,10172.615804411522,24,1
100475.37146666116,10648.387012679304,639.2000748474347,3783.3624996932904,12,0
60732.95520534102,64756.34451736665,444.94687744336954,20354.669836991678,12,0
69629.92691058069,83692.41198021916,780.6098712765742,34040.96587380451,36,1
90067.08500108776,47628.04941537883,850.0,21486.87549903935,24,1
106807.66588592793,36280.61280329887,632.3245818065186,14627.075005354789,12,0
20000.0,54670.26163065161,560.2047948133396,38847.80652975819,60,0
20536.76078850463,51664.397562961414,800.6012721175688,27933.38144199507,24,0
99283.32304207943,57287.07622133754,839.0382902867472,18298.452550701382,12,1
51693.31932693589,5000.0,633.1204588410003,8501.130898323674,36,0
39848.37632225768,17926.871265021106,628.1319384779486,16183.358127023079,84,0
22375.170390131883,24643.096836894383,642.00889023285,27091.208341353584,60,0
43349.49895367672,54526.02885534688,482.54511107546955,8294.766858273631,48,0
20000.0,55576.33650866799,620.8874121306773,1495.2059184876125,48,0
122732.82818197431,69085.41466052108,821.4941887549245,12797.731150974761,84,1
59326.9184405828,57727.452476313105,633.131133922944,19261.854618833924,60,0
58261.48374711847,10977.947888379931,545.9965472127794,40449.35247748665,48,0
77642.30025503496,93410.13852755181,699.668561930448,2599.439452062208,120,1
88870.35507799708,88157.54910267098,583.2801201505888,23401.221453992737,60,0
88376.64469663918,12254.081299192228,643.3547876332073,15836.427900391529,120,0
92208.65831722715,59981.15883122549,523.1151219452721,16580.888211159086,84,0
41074.633476274306,32137.268442709526,546.3375838813269,43090.49454326385,120,0
51063.99585129417,54165.91967601645,723.7659254863593,21218.182059880513,84,0
83070.94966326826,81599.30838925611,661.5866779401088,6296.676324263319,12,1
44178.3281508114,113903.12798962876,572.3942613157184,33331.20082318408,48,0
59846.80103918325,72538.3311542783,661.9535130304903,32228.61024960294,48,0
71962.91293274442,58848.04205330408,589.285329127274,4982.433321175797,60,0
83555.55246931128,39805.364950751085,571.623983062983,2105.949054694327,12,0
20000.0,55464.04613033529,766.4034397248306,26157.795870606053,12,0
81442.36949666835,90793.15679984941,728.2877553188772,19505.466218875663,24,1
52988.278264448236,48658.73729721244,647.8727150368906,12941.259429366086,24,0
81223.73132593144,23416.62045957049,664.4337337249704,35844.47761982555,12,0
83307.95077064486,5000.0,649.1601982665657,11115.789559463632,84,0
108237.45183357473,65391.43602230752,698.7009259173539,26323.44353755081,84,1
100603.60942863609,57418.64376883218,570.0498341544305,37619.66551926182,84,0
100397.14987830888,30622.7548021311,736.2504733368643,14913.03709777722,60,1
103310.10957498715,80780.42377121894,685.3565837890812,0.0,36,1
68741.36954447838,37346.694068371085,623.6943662110448,13953.983249077262,36,0
60965.55261110519,45960.67724525614,601.2221968491458,22839.256123631574,24,0
86184.51249535003,49500.076001061694,734.1130941766809,35045.08914144211,48,0
81962.42854299067,39471.41773585736,634.9513683849893,12182.589646461522,36,0
50728.0128978522,57075.95197248713,580.1106904170163,45846.40169694821,48,0
72144.70226424804,84545.45437799004,611.5430233025677,517.6643189938768,48,0
58947.10599646217,15725.543056447314,726.9204648889161,22462.15496820982,120,1
34382.01274619832,64655.604154220266,488.944679875396,16412.554494361924,84,0
98713.8222412905,55164.76008819323,614.4591094419527,40206.36339709969,84,0
61655.977275902675,54612.91488634119,757.0582669675764,0.0,84,1
121461.24773096552,76155.33709622272,633.1783227896742,26384.52137203885,12,0
20000.0,51478.92275651476,677.2816732277842,16336.525521579335,36,0
43296.63681469901,64406.877857171086,758.6768964537195,42937.11424528985,36,0
60979.16510072614,71475.93888713441,739.232965339717,7571.619781661275,48,1
94121.43292886742,34869.043988581805,605.9941226960078,26229.773937416554,48,0
71984.08117806555,58975.50382441395,636.9606447796164,7427.1268934322725,84,0
69314.18262542255,42476.37178368104,740.4763901729013,22820.932661342737,12,1
26182.086223375583,46019.546608403136,743.9469487283899,14459.526909038415,84,0
25291.758083115863,40338.15810565004,641.1949874685059,14221.553671138627,60,0
69675.13980869715,64132.41212290659,644.6454347707573,0.0,36,0
20000.0,52449.34127054761,676.7683694533852,26218.760965371453,84,0
44043.66749132014,61836.32102950023,786.6900690017293,3766.41294572225,84,1
75027.51987257572,49474.47911312755,756.7566120657956,3249.8057742216297,36,1
30530.271831696722,5000.0,719.3386703799018,0.0,12,1
108160.6788708542,50941.052482991254,542.1330723936109,4159.2596240151925,12,0
96718.09032713671,51906.13865470451,622.5166593451743,27507.19649493779,120,0
20000.0,57277.87811460381,627.7713326310097,26767.599327296135,60,0
32028.862704540385,32188.12418942774,791.8485032603473,29955.664408118435,48,0
20000.0,14135.908500034639,626.1135608820363,4595.286607327838,36,0
36522.259123556,68738.19934682833,775.3442823077613,23221.724383590856,48,0
82991.65429717198,41791.803303974935,592.9301329468916,10769.247004938186,36,0
47583.15173175429,55137.32143054987,600.9116042339241,34320.94532507473,120,0
73823.91730847902,41556.19760335113,698.1454105813141,26390.20932266453,12,1
20000.0,49818.145226792156,806.8146705571758,10152.225099295816,84,1
83939.25763745717,36521.439561925756,628.8222870732122,35608.633029773555,120,0
43346.7231621495,20957.492325385156,393.7232138138802,27610.16510961987,12,0
60365.09046848716,64211.94982305972,493.58165976611133,0.0,120,0
57213.76495820842,31906.3973532164,679.7961556164456,0.0,12,1
21853.54437323148,54918.54442684432,502.5203973218232,0.0,120,0
25407.470047806528,62313.806657062334,563.4437173603587,44737.725747899574,60,0
89033.83407010278,32395.61853190755,651.2341950638257,4768.060609453545,120,1
71969.76472505086,13883.430968810455,405.06327542535394,48142.10311522732,36,0
91501.4712466028,122782.56841559158,612.0274210674545,3990.221254184109,120,0
69739.74706507556,34166.84372163722,533.519144213973,2392.0241708398353,12,0
64289.71904427649,68702.51475803475,500.08202820992494,33199.287215948934,84,0
20000.0,108183.90648710373,569.781556078194,33882.849663536545,120,0
51888.99909716491,73697.2324056168,543.0791074930569,28337.377604504287,60,0
59178.47038788768,40986.71573517345,696.9480217992303,30141.65440687467,48,0
118593.21594817723,47986.50837394666,769.6526786682883,7975.673369624998,60,1
80608.69896296032,25021.78340783455,613.5573148388937,32495.04793220974,60,0
106081.83545128585,76450.89280873227,590.3874220953164,23599.950075779027,24,0
77926.13117684185,66988.12124176064,608.5794998842101,14520.869156241613,48,0
38660.90319151562,34567.2254521477,539.1812892061538,21419.298466771514,24,0
63513.72648449554,18734.755787046666,521.1258104380322,35909.68727223918,84,0
67086.709387927,10362.987870089251,485.44455471066624,25877.759044367252,120,0
31825.33290687955,79595.42011412603,517.0479041681826,0.0,36,0
48468.378702212365,53611.19386866682,813.1991007112629,33368.41806937816,60,0
53826.99018968484,56449.53608998255,580.9578964636542,32219.580701938237,60,0
108168.59497695355,25311.54122412928,355.83715282362374,14314.029805391689,120,0
20000.0,6094.9069008678125,591.2943061518993,21751.224398286846,60,0
96174.5526214813,78878.40724134898,490.95854632391786,21691.09626738998,60,0
31896.142951218517,51261.17110991692,655.9484939997163,0.0,24,1
20000.0,77217.0398017286,645.1646344762995,13974.945363588358,36,0
95398.26390115393,38422.00620453308,655.5885637692055,14555.343830796382,24,1
81956.94207703143,42895.46470889425,645.9273921254816,17619.096967200567,60,0
97635.56107143569,71398.94529861896,612.7289695380251,12112.283541985333,36,0
84021.05842636731,71970.44238951574,504.41038784600136,29942.62653835073,48,0
121795.35005212206,73926.96868057862,642.5345928028576,7863.066521530147,24,0
76761.71510833455,41143.96240691911,751.8924589135694,33651.15749035329,120,1
55305.67871630524,68436.41712952603,831.3673083795204,29236.131250956496,12,1
70287.79131964028,83272.98396430156,626.2008672693994,40406.275817023874,48,0
97304.07385037892,46856.83964955397,637.0390054716314,46006.985512055806,48,0
36618.740242196494,34595.34908677839,700.0427179088894,46106.777321233385,60,0
40443.34252405858,90282.42809950298,799.3241559472104,2215.7305344795714,60,1
50731.19956206278,30366.62799346079,601.3703389495453,25162.787533926923,48,0
20000.0,68884.2949134343,719.2651316950338,9233.206155298869,120,0
64142.352252526405,48247.33068440416,567.7180734475611,69204.49384533676,120,0
20000.0,5000.0,682.9848990265502,29211.070384771854,24,0
61591.77938797857,83857.8220243574,747.060417661837,41244.67984540691,36,0
85958.69268405749,5000.0,520.9139393452203,26530.54255247733,24,0
45693.70618068493,5000.0,597.4855277981782,0.0,24,0
110313.47610560613,65819.90238442016,745.4783096695002,8246.524525756638,48,1
20000.0,65812.13596034347,711.6161230514795,9716.255889705384,24,0
95737.82044895497,30872.60426367393,753.5946140314855,14147.970836545606,120,1
80254.11169220763,54434.66270909735,734.8439646454067,25393.524503801447,36,1
20000.0,5000.0,615.8896472083294,27519.990866215474,120,0
141323.828971216,71209.26393411797,850.0,0.0,48,1
58087.641434881014,57491.76461160791,663.6909990753395,16446.206537359056,24,1
33675.47933533105,48630.71439998614,344.4291050855799,12711.85817921511,60,0
20000.0,50625.24446413316,621.76536276227,40715.57485553737,84,0
53399.45917020978,64797.62528579096,603.0828743000671,28883.669061206478,24,0
56177.793828301204,49132.95429506417,729.5249167367278,17253.83716394295,84,1
63079.365856189936,5000.0,604.881468480187,23355.212357940225,120,0
51066.115313281196,115889.96703567568,759.8969995819137,0.0,84,1
78996.75930345281,86024.02458285354,705.8099372406708,29920.280672477107,84,1
48371.10502010261,11451.660141355154,549.9909538529939,14066.916191108416,48,0
20000.0,39645.883085702284,635.9626664388575,7889.318408573647,48,0
55519.155130510764,42918.974295318774,572.4466555724599,39713.47759754385,84,0
20000.0,82365.4869952689,668.475864685367,24103.712340163896,60,0
70613.11892674168,5000.0,571.8509132764879,10018.536047289568,48,0
30620.99309152094,35029.752067106325,657.4435230509062,10934.1028062578,120,1
64900.81064747401,5000.0,622.7694249009588,25488.595094607408,84,0
99422.24944573813,41447.13452514985,634.7776745320176,24322.56944710943,84,0
31537.53914196,35824.973207452866,850.0,20441.375771366667,12,0
91837.68775536354,52390.82202148137,613.9514773292796,1949.6541710606834,120,0
46998.3129994154,31853.7680297245,456.55669123828096,4168.0396983610735,48,0
112595.84406196757,27469.298258284274,751.5826144734348,8775.29032750613,24,1
49045.4216040536,68589.70075289444,750.7955901802009,17057.803538708966,36,1
34785.21043479926,63640.18222827741,452.1059826203174,19380.334053382398,24,0
80617.15351185865,66541.95028334727,579.9100378791933,17600.43461397679,48,0
46926.30811129092,44692.99728527472,693.5810556846523,18286.32558394275,84,1
34756.514576129746,32847.842533244315,702.4203261217067,48218.68396881605,120,0
45664.80447888627,46434.425539376876,649.5276236547279,32738.75129889757,12,0
58661.80403450996,65034.862102053565,651.7825378933285,37823.25134822355,24,0
100265.40393734562,5000.0,556.1412126916815,26963.959873459695,36,0
20000.0,61823.35791112574,410.0151286544313,21086.040084743716,84,0
60692.41976851262,59274.145620043935,850.0,26149.373594213186,24,1
78747.10783962128,51864.52718257181,553.1332722293286,23387.3025892316,60,0
65803.45724975388,45520.597343849746,667.6505690064482,32119.673129173294,12,0
99295.95508300603,5000.0,634.1152004340664,5372.893000273492,48,0
57769.640107244275,36804.40210698782,739.7197552273547,30871.20641924641,120,0
54463.45673442165,103683.16133232121,661.4897213482159,22505.88003165953,24,0
77769.8864104003,50387.038867049174,665.3440953092,0.0,24,1
62979.41444854049,40781.30483975846,386.5681751991071,21285.825299466396,120,0
48287.73785158587,50507.185867703374,566.6660927457747,406.7329866622422,24,0
75484.32118759138,60643.186058840256,724.4633046598997,11975.034899209248,24,1
40424.151203500645,69764.60734068393,715.4668225071929,17612.14010367588,36,0
41664.68543942019,43133.595105261746,554.8347176382788,0.0,60,0
44160.17934703159,62747.58807181051,492.1971417278878,19193.882256406676,84,0
100592.07480499221,100299.52408284078,662.6579306722931,21027.021156057624,60,1
20000.0,80187.52398298145,359.3225951204185,31326.10597695328,12,0
71867.96504288827,120209.00647570938,535.1325747662238,13193.519745736929,12,0
61028.154426006666,30296.889249448508,826.0161075155311,24117.125064792337,36,1
20000.0,100285.68522506046,794.5067328873769,18568.80876329284,120,0
69291.80337408006,26279.79080232216,698.7249358765146,13725.938956975344,120,1
74272.55975494596,60606.9844022139,680.7336314481256,0.0,60,1
77689.176940722,71974.29587714298,454.98292154756007,18325.99539005753,12,0
20000.0,34676.68424286583,575.9332763350883,31167.68746103754,48,0
100991.68235563315,52638.92832422827,620.4831402034224,5994.248141223252,60,0
37867.89885945477,77313.83307355523,578.0586250498811,16733.2420805259,24,0
80597.03240259529,28691.873050642764,614.9756665092136,18942.69010358547,60,0
82232.21342046859,100081.50378642941,779.9224424346294,36536.60947672645,48,1
33699.08743142121,8462.10125817953,595.8176938728677,20451.61735784061,24,0
79813.79857054651,108190.74328185152,615.9060819443234,24321.310629696367,60,0
48435.20277262926,80039.78404398776,723.9531286683751,19870.15929404691,24,0
20000.0,47308.232710166645,508.05242813971967,12615.412625397852,24,0
95032.25776583338,37919.95366289806,565.9795421161153,2982.891236637348,36,0
36748.65110951281,34789.152116269295,576.2277412243158,15723.918538930764,48,0
34365.19611785837,45926.13079228956,655.5592146551747,25900.389566888105,36,0
47908.02395889834,48545.12415353521,615.5037932506334,21846.145519993657,60,0
68167.10175982164,87656.78739903745,618.6659090652867,42192.75394571231,120,0
58281.88767533693,109059.62301153751,583.5146012897505,34187.780549257695,84,0
76442.00774121511,55981.397619620235,542.9169739785245,38608.36850782214,120,0
20000.0,24631.14536031787,710.9142924210578,0.0,120,1
37728.40888707796,33628.218780914176,616.2195881037745,43690.013785759314,24,0
56520.087830353994,44507.276461661466,711.9018980147373,24002.17392990718,60,0
116936.61877976116,19096.336841096734,538.8372669518852,26133.881936327016,60,0
56585.62384758726,14631.757936778638,583.4757842250358,33440.41018491771,84,0
92556.66790984894,112913.81637119081,627.8816972153234,20319.7596262044,36,0
61156.65506352953,59078.40577838762,637.213296318379,3944.291787450231,60,0
45490.240876872944,25006.005989589597,725.436872593221,41711.11449694508,48,0
52598.26727656678,74498.10711073138,606.9490710407641,8476.669098141694,24,0
54947.408639133566,14649.61625579463,724.6742242810875,5214.239307762311,12,1
78109.37216882216,17119.638563868393,687.4944008559695,16485.48627491243,84,1
101238.33802729663,25908.72796807265,639.3147389917051,14209.940981801976,48,0
70790.42543058963,99635.398425951,554.8701203503481,20057.102513421887,120,0
95612.33036225266,42413.59802664878,725.687526546332,18526.875805417098,12,1
31056.307871109435,5000.0,557.366253268635,40206.94651353862,84,0
47561.08473557908,86301.97799526779,647.8719619842722,26889.83898578316,12,0
38270.92397377,40808.55907512928,644.605955706392,7133.045313006074,36,0
69433.33772624558,5000.0,629.2904857382717,9192.436123136074,12,0
49231.24844461759,40499.49536109771,611.0680277014685,14177.170285128783,24,0
81893.18811102587,65630.1168981471,567.7923305038329,14236.984928442618,36,0
32069.948651026756,62121.474995989076,488.30635626299215,12278.837947798142,48,0
61290.92919963844,103952.44937494458,790.3804732840351,3473.8697293460937,48,1
80605.73733036769,24416.964122902085,600.827653574275,24356.03206154229,48,0
20000.0,51401.60360794917,637.1887904882531,13165.9324619178,84,0
123648.9392199061,29012.921642647343,636.5772616066059,5722.978114324356,120,0
51505.44345360373,5000.0,759.5604337228748,27282.127926390353,60,1
20000.0,76565.82116917864,843.319422151764,32717.32998159936,120,0
64742.81695730358,63898.0870744256,665.9847419588687,16315.443532996582,36,1
61003.304039194525,58510.35349096558,634.2997331543082,46722.29546777773,36,0
57543.16861282521,62803.705797759336,537.6542992840588,53232.81048546761,36,0
89735.73338779999,29435.814419347396,505.6411550587235,27453.352300419134,24,0
82423.34914281167,19829.1473804542,472.6025070355899,12967.839212084735,36,0
68936.28573071536,51129.42116508081,570.4155040476531,24034.303315651367,24,0
73504.66901839944,84836.34207234843,440.91452026868853,1633.3540212909102,84,0
56869.246516857405,98242.3140636064,757.8829953740112,6922.045886520073,48,1
113264.72547720146,73862.98120422299,692.3096243993425,0.0,60,1
20000.0,50875.232803042876,624.835948531522,10573.025262478024,12,0
64189.550226476895,58093.51788199808,760.938398076079,1512.1962471316256,120,1
61950.7389356634,50347.81577976114,542.8843922596725,29360.850978735303,120,0
84398.41218193779,19221.699809017155,568.0018944635445,8762.622116145369,60,0
34684.38367725302,50739.42134631629,456.6206719698255,24149.3193727487,60,0
20000.0,9955.195472345207,727.4353695020212,31218.596610851484,84,0
64704.69048294579,46277.683216908816,568.9658713690726,37570.13617262783,120,0
68436.91476655813,99083.15331788958,651.5695613275824,14698.631880334542,60,1
104687.98228342948,74685.77668350056,750.2576400574677,24659.562484096907,12,1
21889.138610247413,22306.42447290411,787.0850755499421,25137.522508452574,24,0
94640.8130015016,47827.127910731506,647.0853648509429,39081.370722832726,48,0
131022.43092081364,24968.71064735786,688.4237436271357,31753.371186259188,84,1
48667.05337432569,48124.5869546837,559.6149753956339,39550.17483180066,12,0
21271.733415203278,81233.23449573689,818.3373343007534,0.0,120,1
47790.76900879887,69590.23814929712,633.3849439700634,10035.934848922238,48,0
60420.14902114142,124524.32242236007,658.028495186812,35477.2525133589,24,0
76913.63625020743,85774.32207522714,609.3146927736774,28710.527553467375,48,0
42258.15810485858,56120.01143233074,769.9248998413757,18124.31681416205,24,1
106655.95602442026,70314.49922399879,669.9593923083189,12889.251749599815,120,1
26564.03054975815,43926.70477449993,726.0934577413624,31830.26816943394,12,0
20000.0,16174.872587405116,685.3958139978882,0.0,12,1
93201.31272861952,89173.29734862561,627.9590616783995,31882.86777969102,120,0
20000.0,80269.74430794944,742.9468561299592,21360.32399061223,120,0
53876.10693381852,42768.37356218107,684.5316194575381,12667.407236116025,48,1
153530.43387624144,58218.07210794015,553.9020939152766,27536.61352854718,84,0
59638.69341120205,87228.17562154419,551.078861619062,14209.263765723254,48,0
26376.97047911251,75390.5427861806,664.8826729031634,20435.28102088805,60,0
58278.07608639619,6106.962462509036,740.7457902387628,19306.312986644632,60,1
58475.976341413996,57308.60064469473,813.9420548506404,31167.94885975196,48,1
64819.4982105935,44971.05423534908,472.27865424191975,22387.727317748948,60,0
79867.88946478859,83390.02097416042,652.5659849098721,0.0,120,1
28826.664948967824,80931.28216347983,698.9647662174997,0.0,48,1
110626.4416571038,89558.23484534134,679.5669134994763,3737.506952016096,36,1
67353.42853117854,16463.16983839377,750.9327105033709,26848.17000167872,60,1
81803.82139205412,26476.653978312836,715.5533976491503,28352.78632284132,120,1
41155.51800733073,83422.47308406315,551.449981641966,45055.357771313065,48,0
98591.464109866,32250.625539726632,548.5208311309269,4783.543835486571,36,0
52288.42773560806,5000.0,681.2454856151725,39638.794548317244,120,0
68326.57540480595,65977.89462842196,749.0505424422525,0.0,60,1
32006.817684386722,33583.44679202081,664.3417552952695,20266.36936236682,12,0
30092.051207936194,103693.72310925202,492.2066930431722,23678.051000670413,48,0
80646.15919358649,58885.53661965391,545.2828584683728,23623.853848541443,12,0
46691.79509377842,54807.77859924996,719.1515855865331,15356.067233644302,84,1
34385.30737486869,38922.68325152729,615.1354909082868,21768.433877906733,60,0
40704.49973918909,97725.06001780914,661.7957303203287,1471.706440470516,84,1
80968.59215152264,60756.63379669463,756.5418039151757,32977.42230194633,36,1
41128.864163891674,37745.01445531381,529.7790952380044,23746.85650180161,48,0
56470.35205193508,26177.488801836593,608.5757344098046,25433.50120222803,36,0
60450.83250861291,47795.80836307346,597.7127186626057,15814.753076688785,120,0
20000.0,20670.594885355833,685.5402536527866,15080.305628767492,12,0
20000.0,80866.32325036832,727.2888178271992,27870.963412479017,48,0
70088.33667742688,5000.0,501.97325431012183,43849.60774936112,84,0
37889.11916541909,45814.57915000788,649.446364083373,0.0,12,0
91701.74733841256,68304.00635263804,736.9329104046212,0.0,12,1
89004.21312751633,60263.58260328972,464.5213548539165,23993.079685833854,36,0
81575.05999066311,28481.510809529933,643.5607558560393,15016.998704685244,84,0
114593.15361937793,69807.76120119647,528.4215559216772,21861.586575087407,60,0
57507.32016770451,23418.818348422774,585.8433096450467,19643.16028100991,84,0
79466.45777711517,49328.4603050957,399.49654105184777,29330.140517805405,12,0
42467.97070211907,69555.24715941068,789.2734118755027,15707.548546700837,120,1
133571.0973860617,63887.3833847934,614.4170872596487,1876.8231515109837,12,0
119509.00957308058,29748.82965741596,569.2808135964085,8152.190583620426,24,0
60356.413035533755,85924.8354969309,682.8267045457151,17593.225176582557,36,1
71597.58689715576,52600.83714456602,545.7689767312751,1175.442966929033,12,0
100778.92798094417,72289.86232817454,536.2755471118705,19447.191398735238,84,0
55585.81485557679,95873.03020019742,801.0329169813728,20911.319835717524,24,1
40301.277876008855,83525.6164632382,830.8663028326798,14632.946001932774,120,1
86219.69253020648,83603.88218993132,590.7936327717518,23138.33200687691,36,0
62353.177382510105,55780.397895484166,756.735470991618,0.0,48,1
65489.833489357814,73818.0536273153,685.6040443988086,5702.2349215514205,60,1
34971.85970796103,56407.89723692948,508.61687082896503,2859.5167054459307,36,0
20000.0,13720.265966647596,557.1868106150215,33197.851069211356,12,0
67084.27229637303,59082.31377515127,805.1099799196935,54592.46003870951,24,0
87148.861244826,57690.82951215396,507.32049671758233,6787.706300415881,120,0
53225.79752771874,67511.88084565458,850.0,16471.36644548845,24,1
103092.885586766,46160.09074359814,592.8637824088221,9598.561360767782,48,0
38882.510237533665,27156.33329708448,808.0814906293233,23318.37861211915,24,1
28358.866351022403,69695.18249525681,619.4436205357163,10873.87025869767,12,0
57983.090784116066,10601.83138243256,729.9903591501152,24241.69815120781,36,0
57522.222739461286,93764.57407569408,789.5033140120689,29975.3992508238,48,1
83099.06194005668,43057.45816385023,788.995381768101,1642.6259316386386,60,1
36751.115278080455,57365.84516168505,591.563446920703,24072.714732874527,120,0
101042.82710444694,66756.74459844716,564.2611900100874,0.0,60,0
119007.50887524761,67720.64134532573,641.8787990248865,16151.990533393202,12,0
58825.67919094974,7730.471001447957,519.9520378966022,15144.793617788455,48,0
97491.31260552956,74722.59741632792,673.9264175610558,16562.944242273617,48,1
28305.087881242198,59094.6148512882,567.9203347722485,15319.09315413177,12,0
92256.64623545748,30942.158463241733,758.2709773542915,12576.093191504173,84,1
91418.29225678387,27509.991471622583,592.9887583781862,16013.267324076724,48,0
85903.11840569635,39978.40753829463,475.77410305199794,23572.065376652747,120,0
59533.10733389118,11037.749401685243,790.0914776169296,23993.858110816233,24,1
20000.0,101668.02172961077,668.3368003331864,21727.990170494486,24,0
40748.18569043612,94584.53975430032,652.9134890420073,11396.038645302862,12,1
41222.51946946194,63551.00602927818,759.439478494621,36205.04972382174,12,0
30652.35185818568,43298.04750973728,737.1576502298157,42880.326254873,24,0
63667.29013641199,44086.76036187814,573.8146455989574,673.7852743212243,36,0
47431.09663436296,72741.97118521904,605.0218393973839,22464.037339248804,12,0
35261.63970704934,102734.80698505852,538.7044749940662,12977.871012132613,24,0
28235.995552565408,32888.09781209771,503.5547944875185,33883.97079342499,36,0
38534.610435443145,16472.418721300273,707.859253491539,19811.08698187238,36,0
93644.97635549784,96429.22320785813,689.2184310041682,20797.669218547042,84,1
40169.248361175174,5000.0,726.0829211522516,27424.517350871658,24,0
44551.838807001826,19744.075752420613,778.1605441495942,15536.915622046163,120,1
46299.07154930261,42594.26322467442,727.4474794925673,45162.21616097,120,0
70169.80541428259,5000.0,736.3459476305259,27646.095924748257,84,1
73687.48465585598,83364.47188419795,442.2038741827863,33974.11242462244,24,0
20000.0,75707.158115153,619.3014758075007,16691.666060538024,48,0
90649.05641482824,32756.203183540485,746.4576494669986,18157.165076210946,36,1
103091.04102731262,88388.42357533243,533.1791263794784,32174.372893460073,60,0
28494.403879149915,93478.77285211478,659.1671382837764,30667.734023893783,48,0
30831.05265795496,46604.88055129809,701.9464440613506,1269.9720150105968,48,1
46492.398366651854,36479.95467295978,694.2853493838487,21914.488947242287,36,0
37319.87941630186,117788.06083227435,686.8796307958299,27107.569183496395,120,0
66717.8062183982,71634.85466252465,709.8912719045575,18045.49062504954,36,1
20000.0,57689.7395890656,668.0743894928219,25683.91348524989,36,0
26462.171758897806,90906.37839918837,503.70717926089867,18680.086282314565,12,0
106175.91600524721,59057.91905009064,700.6955535403494,0.0,24,1
32153.400979559465,34831.38242242434,678.4746560553745,336.6284004175068,120,1
97302.84834308774,52404.792814626606,505.0251549144547,34624.76651289228,84,0
70660.14586770411,81159.62861959205,787.9735211086571,16334.296243665027,24,1
20000.0,5000.0,703.3837699748041,22845.364928636474,24,0
79059.87585648618,41359.07781682337,511.96516790225417,19945.14795513205,36,0
56469.9809342144,91491.72195744814,568.277483602785,7620.525517570417,48,0
46335.98831250778,34643.94796719447,593.594795825382,12993.822922654123,36,0
67348.71279516011,96383.2568129423,593.5236561199351,24934.24215257251,36,0
74239.00456700377,92442.31458079438,679.3050188818441,26464.942035457694,48,1
81227.75465923859,48034.12653533146,552.3648248941738,52826.14205720474,60,0
95347.58542644007,32943.82085332998,762.8136747121935,12833.867318335815,84,1
72244.0773833507,41379.23377551096,754.5803451367991,45059.587374888375,12,0
20000.0,129938.43476004303,711.9317309599589,7093.776756491952,60,0
45790.63627046427,106232.73340799732,654.4241775393851,27329.002906180373,36,0
148291.45005805866,53761.72915420215,743.7447515151537,22668.089292977522,24,1
81734.73181145183,31755.393451387718,622.4052277195991,18112.016732372213,24,0
131078.6190243449,53511.2310674379,577.5511138616791,19915.12322205941,48,0
101863.02246597556,57314.80779850294,769.0109645619741,10660.775121411643,36,1
67254.06214667246,12699.237871719379,681.754275701901,33558.56833195769,120,0
69042.21209343353,52401.238076457805,581.5942359418608,7360.774391166373,48,0
58902.59880369463,89672.1297443519,608.2257632958421,24762.888804723414,48,0
20000.0,5000.0,576.3572016234732,31337.875003660698,12,0
60541.417574046725,74797.51895411745,850.0,40763.04640081579,48,0
96320.23657626592,91243.9391016434,650.4098437450524,34576.542033469654,36,1
42010.80015536389,33183.27964716895,665.7771311253669,28586.441695965863,12,0
72358.5899718543,100825.2727457317,722.121904786194,10434.020552750102,24,1
85547.73137679591,29289.88812654964,528.4639017392994,8213.37271540378,12,0
32709.586820625736,63232.47985581211,759.6547266286224,2921.3167230548024,36,1
46460.91406969006,40796.81946009109,589.2153869212148,1486.0164585988168,84,0
29462.655285685225,40790.10928512189,833.0016286115149,19978.93942783485,60,0
35335.031799317796,31481.027907258635,618.7341269985407,9088.749464502172,12,0
21371.841490408166,70957.2644258606,753.7640014763185,37988.38451734399,84,0
32986.5461586592,75464.16373194347,400.32018828809134,11315.576126593565,60,0
102583.67042393517,48067.33401268434,532.4866923914029,21413.83756057524,12,0
32535.689127291225,9200.953589831777,620.6392841002374,16030.343473397423,12,0
63793.7765718207,62095.1049990317,446.9217001875109,0.0,48,0
44913.937389871324,62660.430782320815,710.0884448841405,36341.61247370478,120,0
95365.97811110817,43498.54965840718,681.2958125436248,30432.231269674892,120,1
99334.86889810849,106016.93861542425,550.9172350140122,32157.831333845723,120,0
85922.09946416841,5000.0,648.4041370135501,28924.199903734305,60,0
69184.03659308265,5000.0,730.6477229923125,8607.7244750732,84,1
53068.21389477304,28074.95300906987,439.69504831300264,8899.265521448342,60,0
24243.7588742625,71312.73602274348,522.6510983765343,26779.814617896736,12,0
118305.86643366591,18324.660876984773,616.4911700776655,43143.79348976302,36,0
37209.8094674234,20570.87244421774,652.3723626632476,25789.683467647985,36,0
79909.39041098524,78530.64008534464,644.1388578398456,34677.000152764595,60,0
91786.96717870192,63876.43768393249,738.9294785435711,12111.9150155313,48,1
43341.58509284012,61311.82728885199,697.7211245655396,36467.76364954973,48,0
91140.37581947887,73442.86758396585,719.663484057106,13707.974117978378,36,1
82926.39610016566,37244.211401813474,511.01242671956345,23602.38906869299,48,0
111838.91506145295,38630.47777825426,664.482385479938,14507.583569317794,12,1
45919.606007198665,74293.37817684276,619.2857490762057,33337.342605153404,120,0
21424.079481608554,9653.396576564017,796.2071881668767,33541.4298392771,12,0
44835.307336664664,5000.0,667.43956373779,0.0,60,1
66265.60627602995,37001.474791164364,583.0946065283971,39879.4675133327,84,0
61746.38181255169,77926.19867197075,735.250127595504,55646.13789138791,120,0
48196.86311176349,57666.790969604095,706.3297795864647,14670.009754530647,24,1
20000.0,75718.74512369046,567.8398327359521,18097.976425051667,36,0
74114.48988387319,5000.0,615.1510297230825,38591.446913602296,120,0
119170.334372466,59464.90424970475,616.8553540391639,21001.511829585736,36,0
73927.5371436901,69615.93513927134,772.7461092279538,19940.385349503584,24,1
78274.0655716054,9476.077321679462,670.3241873878442,48454.53100831119,48,0
77173.35918465306,75861.72771639634,722.6782478560172,0.0,120,1
71911.400096472,46654.43310482621,600.6728278869917,8165.553047994066,12,0
87949.97900604285,142140.10104818005,683.4800291139442,26267.344903337875,12,1
71861.21043556997,5000.0,780.3360902929658,0.0,36,1
50619.68491040172,91073.43103024253,613.8923234749352,14404.862248954047,120,0
36120.33269973738,38175.25710421779,661.5154803837776,14267.515548871601,36,1
52530.79034157974,5000.0,513.6693743762393,34426.607303334735,48,0
69423.88489351998,34191.34569305024,573.4441910089972,30392.795517528786,120,0
50517.5111663108,58324.37724012398,616.5557108002176,0.0,48,0
69430.16049394291,81124.0000869513,543.9160691048279,9603.14987473176,120,0
73174.50401101253,101658.92864396526,782.1973677521846,9649.155738595984,36,1
84995.38293810545,92656.79266113028,566.1992979758487,16751.361848744888,48,0
98483.8490651694,21038.539378865167,728.6798592117245,3536.792155859792,24,1
62340.222554365726,83904.9407679835,668.6836237531477,26774.71912957499,12,0
20766.703045570175,61738.54871362621,653.0851948510463,9587.193960443843,36,0
49646.877095424294,30361.90937213036,798.6163644965158,28829.329040055847,24,1
61321.87702219798,43642.68219567557,423.93997030724205,19957.18634252455,24,0
20000.0,28704.720216658283,630.3795103176896,5403.872914844158,120,0
101659.93560307447,51112.770258093675,541.9619663434557,40824.15954118245,84,0
64271.33737531399,28110.263531176395,453.85795908669627,41265.89951424564,60,0
71440.58503740854,19160.17780347683,530.5268266242308,24355.179728146693,36,0
100965.79387578797,64373.57383348316,651.7237535003071,16411.906807339736,120,1
41095.715095729596,68861.91644778912,577.4652870793554,4155.607799378307,60,0
77221.2579265209,44372.08999725164,739.6613589825149,36066.70054808646,24,0
56704.076306941926,91029.53911807918,628.615415205867,32339.593025346985,36,0
54477.39398952242,42187.082405146604,617.5261645279057,7790.060824804625,60,0
36834.22836586862,40916.76364623385,617.9719049493907,9697.80899478776,12,0
109968.09641059581,69814.66947037092,640.1505593870461,26853.80696263569,36,0
48734.99879773287,46027.2324516999,608.1521465057247,2368.343789732491,60,0
80983.92740687107,52543.931870784305,564.8746302435836,10614.70364375913,48,0
20000.0,5000.0,748.9184883976036,4391.5150254105265,36,1
95399.6558906936,50501.22154213925,587.5904949611054,4874.989855484719,84,0
91566.33467871176,5000.0,611.6473383653814,9199.03258703448,120,0
62923.02330891909,13371.482870033884,692.9405080090311,33590.06231758314,48,0
53191.72601586227,9940.32383733485,681.8741246157252,0.0,36,1
72000.00016840699,18722.505393985215,560.6561937653951,26502.264199684567,60,0
128663.71982640868,33534.38421103241,725.4981944110747,23869.209992152963,60,1
20000.0,35405.22153363544,703.7670339838405,34525.15646127396,84,0
83460.82162722384,69928.25612771377,667.7974834187254,23855.734806957487,36,1
32651.480935382922,56671.63442404091,606.8683149418508,14317.410130008004,24,0
59402.44811100807,5000.0,609.3269309478592,7770.354118402025,60,0
52563.59642764011,52498.83912640423,629.8202896998391,34856.17510864177,84,0
47150.45226606733,59547.657397502815,526.8168058872234,27454.221263829393,36,0
59686.04612841812,40143.00451241126,646.0731551403044,12602.96511775678,36,0
25974.865641666285,48173.42069279892,739.2102040446999,33633.675862499906,120,0
90875.41308383901,55709.3037619117,737.6371189834024,13311.826771908292,12,1
20000.0,72937.9879290674,611.9148228723548,19985.87201759006,48,0
76192.93538485027,5000.0,756.4083272725536,10932.744371830546,12,1
50203.92442396287,42670.48884081053,840.5904554529445,28007.628566003426,48,1
24872.25318577639,95250.08294173187,618.3792464737172,5087.129747151799,48,0
66071.50111796086,92499.83924893869,719.1514706432168,15521.16967900773,120,1
20000.0,75528.1078332734,423.7190037309208,10181.69325123328,12,0
61191.41465158904,66104.74051867028,524.1853271818009,23955.67942493025,84,0
20000.0,99639.04245206265,659.112102933352,25827.318773615494,24,0
73838.16252953494,107535.44004819996,549.3266937481612,3437.586093624868,36,0
32269.279991088733,46127.60035859443,850.0,26096.47083237118,60,0
46470.17948912072,20917.026701350398,709.7879687296553,0.0,36,1
68818.48163829486,41891.230471265146,746.583164685813,52879.59757158441,84,0
36823.736644732926,142900.8654131616,647.0973593839412,12327.903960798518,84,0
58261.08000995092,5000.0,549.6791980136347,35738.90997453414,12,0
20000.0,35883.82581411748,598.118971782512,23017.4958884875,24,0
78926.26810788467,7619.265425221063,675.438047962636,23626.93251528756,60,1
112947.41416652314,53742.915886321556,586.2084661590989,2508.8911123061407,60,0
143766.26603729883,13919.269133153975,717.11919917272,32651.612886224568,84,1
62735.044399993174,46737.46931499147,721.1414969204639,20729.706978715996,24,1
83646.1242239156,5000.0,650.4981303939588,27052.095330265853,120,1
20000.0,68528.6199525395,467.43649129830004,18639.285157323236,60,0
105082.02978916765,86670.35769403924,821.4784933665959,21950.645943749376,120,1
83286.85514172318,38481.69133809623,628.7327143310482,6692.426086523474,60,0
45481.99665146301,45946.09978772894,850.0,17706.633847539146,24,1
97115.42400867028,45097.78307806063,715.2535696352195,13701.661875209822,12,1
52365.717700639754,55427.320256750754,629.0044923267943,9416.432033658282,120,0
46259.2445095633,48854.91239100715,694.7821876498004,22017.8860954237,12,0
74260.04776282475,73043.50857292082,448.0714482921388,25450.804337277736,84,0
28099.365005090443,86991.17400352837,752.6142403235966,23761.580145947697,120,0
90648.74293199845,25577.863325234513,850.0,18466.088077453016,60,1
28320.3056421947,40720.145216771096,441.0766526156621,26166.635825453825,12,0
28498.356305304413,77048.58346774234,621.2590990174292,23632.463179726627,12,0
32709.306347749967,7349.928558229032,639.4661877208474,21462.90806742468,60,0
82785.00112548366,5000.0,737.5228629163064,22492.26529953437,60,1
41496.73915440877,56789.478586954356,850.0,37745.04484651904,84,0
20000.0,64890.39233211477,688.2882122595564,1923.896578960248,84,0
41829.60000192606,28330.99436139223,850.0,15221.057452731604,120,1
59038.7288795854,32640.468376386347,667.0432476884662,25072.619129343082,12,0
24570.825490068433,27194.230347773035,695.142381879623,0.0,84,1
25449.566728969694,23992.242819666968,682.8235566160255,40738.767249891054,48,0
123338.89002298753,70804.874618138,772.0299783005087,23822.26813586722,24,1
34183.03788558339,14585.045390070838,607.7678941889797,34353.5264663561,12,0
50308.7289368098,42034.314156999535,731.8286758761509,36796.42817832324,120,0
48982.889976021426,22839.914974554427,526.9203393743574,26186.79393365979,12,0
47359.295766886746,6341.330722963532,621.549589534859,0.0,48,0
78640.40219907307,76105.34524240313,586.3256377061192,22215.413325953148,36,0
88444.28851416148,34405.243334793835,658.7961558617942,23178.30370292897,120,1
50821.367054052236,55653.202412622704,618.3920250596218,3696.9986664289336,84,0
22905.65140222953,5000.0,763.2133692456975,0.0,36,1
98233.2068354671,27741.816387305724,562.1331904828357,26925.039542020306,84,0
57139.76726409952,72682.63642085016,476.86840641889876,1262.1449417309632,24,0
111909.65444571506,127618.1436753593,514.2716180288443,50921.25813450178,60,0
20000.0,5000.0,749.4168046301319,23947.059227197336,12,0
65862.09663849961,43966.76614131721,553.0442656683778,40272.675762573635,48,0
117558.19001628624,62368.417944305,689.7844415520708,20467.45099051672,120,1
49402.07593685525,31516.99540282149,620.521249675192,31273.08241964424,60,0
53235.19729996092,75485.65960982372,732.4244054753256,20798.958968445775,60,1
68865.35074771017,23998.019880190608,626.923429488339,35083.5939556351,36,0
43236.12543345128,54615.42980649924,850.0,0.0,12,1
50637.84203841801,34337.842865049206,839.8117015818505,33322.21765834132,24,0
49865.54717425791,86582.93248864319,618.4789819594307,30031.462414013244,48,0
41177.3779672088,29709.064908931832,604.7865410905014,17687.725128754686,12,0
96865.69650601679,39443.78611140452,850.0,13862.541730028104,60,1
73832.34096889306,78370.67112491466,542.114903867141,15513.466242353443,60,0
67518.84696309906,19158.840227214092,644.4976452081651,24241.504525729983,24,0
84257.1302067035,52062.50170290717,652.2448919705428,38210.59046983949,36,0
52069.325003895996,5000.0,649.7662102185426,11987.161883337321,24,0
36773.885449412985,17361.996241127756,476.12882794694735,0.0,120,0
41921.27086156327,61463.938276724104,699.6602409675941,57268.714763675955,24,0
60053.491233138266,20279.07471391303,552.9649908607682,30073.61846770534,12,0
28223.64874881294,33662.81204528625,793.5989124169071,14131.825789370225,84,1
44992.16950239973,64792.59206143813,504.40349575653784,37832.70078495573,36,0
44516.50074385696,32624.415765592094,655.9465927375476,34005.40852722657,60,0
123736.68689487042,74685.26219649074,428.3879353048112,27384.235605048496,36,0
20000.0,56469.883624581926,434.5616293659276,12844.224620082578,12,0
54611.408357831,63070.49335773509,566.0648041707367,30009.837784765063,12,0
111770.81378444312,87228.96796215596,580.1789917662971,36343.38235539065,84,0
63655.333923973616,59594.691878421974,796.5726412989435,0.0,120,1
82602.52420263278,96165.41871408033,645.9408163738102,23367.424729581675,24,0
62994.789452993035,77337.86849113471,779.2406900911553,24472.63554166203,120,1
39979.99856350559,34296.4271049663,612.0213405323323,23991.149921433087,84,0
20000.0,88794.44225063814,710.6085182880331,20692.75424774266,12,0
66163.67061108908,57915.98062708836,577.4524683081099,37791.09613030853,120,0
36731.80186192827,38159.6087401849,570.6526930901399,16830.24600384254,36,0
35989.93781504089,58351.57085962648,467.91498610821054,19958.21826066545,24,0
45030.382320626646,83369.80473170789,683.5753993851274,24734.979771176837,120,0
112345.8421987048,63651.35282726666,676.208341470015,17328.957090427746,24,1
132145.1262676192,104671.78497654194,727.7312887285852,0.0,24,1
66516.23812585203,82595.91673696466,671.4918287141395,23211.950655333992,36,1
46056.98328264817,65694.80100206487,850.0,23381.84566057187,24,1
24683.207476463685,19217.95751776527,667.602763667751,14522.523778768258,48,0
74056.20484638207,44608.02457969637,749.1826714338121,18015.276252060467,48,1
113487.16800195433,52149.92419252554,617.5890917000897,0.0,36,0
52579.788389245296,70898.94503653242,559.1529965698611,38126.09074001202,60,0
20000.0,69119.99123816578,721.7695170186637,33515.452637908995,84,0
80101.49015446572,55086.21230654859,641.085201217966,0.0,60,0
89561.99134350149,53610.497461315135,733.2043045929621,9867.991324586568,24,1
20000.0,71613.70685228209,685.2936541844681,41727.82041562386,36,0
65294.52550988858,24242.413231100425,570.6986673209843,2677.239840185717,24,0
73536.78048408296,100865.4745774957,757.4337877677028,27176.88033854201,24,1
57806.78093973184,5000.0,562.8810046215333,12619.74903379333,48,0
36276.87242743939,93662.28446516088,712.5326263295505,26152.129350277486,120,0
90478.11670690669,48644.43414724514,778.1611111525854,20752.070377355976,12,1
47898.607620939525,80077.39442814782,611.5405161584843,15751.52256084362,36,0
20000.0,60915.21302877838,765.5994453672315,25827.82809877181,12,0
20000.0,60381.03232732406,689.7616834053192,12604.29221227329,48,0
97825.48559997929,66627.63428079564,735.1943778396263,0.0,12,1
78499.91929413355,74271.62867263335,566.3244308897414,6084.165968693982,84,0
62639.20641387507,40135.0752023828,671.4300232053747,4282.120626785812,48,1
46791.7608944759,81043.9739157871,509.19186899754965,0.0,84,0
44130.047573906195,17465.881292636495,821.1300515310463,25541.000995215578,60,1
27727.90054675166,49840.08280021626,448.6001678415493,17408.499640842394,48,0
47056.33066320345,75079.0977281683,614.524818037115,25309.115987147296,36,0
20000.0,79850.52738847668,556.8291405800378,27811.27033405063,60,0
37918.09039594457,63823.66544784203,717.4700415202237,31347.032551403623,24,0
50671.87450946718,38198.22686132793,842.3945945929918,26103.82611723172,36,1
78296.40141571256,76901.2333510611,715.4915098687526,5305.871048086718,36,1
58802.206098799084,29919.0128264374,850.0,28692.88287876463,84,1
83847.69341626677,102542.27221246733,512.205982344116,23327.07108811559,120,0
100474.05315340289,47459.87307501007,519.8815867471435,52851.571686872405,36,0
91745.10281472305,5000.0,560.68857683846,20118.77509809508,12,0
74115.2954213567,14159.495959503445,662.1244695295906,25743.496785993986,12,1
60355.88037542353,51309.30910638763,547.307762471675,18577.61586778547,24,0
30576.359747593226,54194.758139781596,574.8337245694975,20733.437760448218,12,0
82198.3215413795,109089.70054853286,712.0483523927288,19720.799688753556,36,1
110392.42146664587,18845.019871573208,526.0828116886182,13480.646356990219,84,0
70263.18118951254,51183.86597911792,536.6803987029898,22660.304866323746,48,0
117517.77445278369,18217.357787538298,610.1461247009928,29326.406631846636,24,0
20000.0,35220.3544035979,619.5556929160679,13707.399809440121,24,0
25375.098456613756,100519.16090208014,751.0015717221315,32533.599327653395,36,0
85656.04523244788,15909.913305320275,559.9360252021879,30714.65494399692,60,0
67928.70630459754,67611.272722035,577.9720015879102,6796.066222600304,120,0
99413.46529715424,61787.22077043175,708.1670116279006,5544.654115727835,120,1
59535.85077819781,49274.85720925374,730.1394323783383,26722.3010016039,12,0
33960.737324150046,65583.09869575212,792.8724467126588,11186.9632253128,60,1
53592.202733848724,15199.388541701344,696.9120354864755,4314.340290957602,36,1
20000.0,99689.67523410672,663.0364059961827,45753.46169230105,60,0
26142.279807088962,107745.36485370563,707.5038406746154,5505.086535519722,36,0
89173.3199375403,51413.1409327794,623.2587194111452,0.0,12,0
86183.62243408829,122693.18391840662,622.5232405624521,8244.599173683282,120,0
70890.12854418231,38029.16205350238,472.58896877212464,23474.72290583846,12,0
20000.0,62012.95981568841,739.3415956689335,21103.281160013197,24,0
49247.89273461334,92956.6719132354,671.1458945051747,48308.20145247247,60,0
23250.003340198484,36229.866193312715,727.7039266368306,8474.105783408533,120,1
95295.99761363296,8553.528233616853,368.4189505522706,23542.346104818844,60,0
42488.33599312196,5000.0,645.2898292106454,36927.333325837244,60,0
27427.568676553517,111824.79691707977,564.4118493622368,10114.762272599773,120,0
60893.88495364273,34129.26048083667,800.1362504820233,30555.86312103457,60,1
40795.36629496164,44427.89709744504,711.4216915483829,0.0,84,1
104512.3173061112,16617.077650368366,673.423541081056,46381.318091161076,48,0
37955.67307397428,78450.17837987565,606.8067030658975,34921.366422608226,24,0
20000.0,26553.20422326245,689.7208310131647,9789.875041865425,24,0
20000.0,35262.10917016034,557.1814370621896,32447.26666750574,48,0
59076.40492759754,58985.61258248481,640.0274652314234,39697.743491899004,84,0
43142.09658426221,18078.622182632826,592.163661301258,669.971242749074,60,0
20000.0,44642.531914573236,850.0,11001.83151537829,48,1
95676.79383767355,92066.2876850981,796.9947756190841,40191.25120764399,84,1
80017.35442287725,62847.6319255059,756.3047483982831,21012.093341599448,60,1
59153.4636318831,53916.26877285075,500.9688977845842,26542.49248549225,48,0
100929.787325126,56445.94128391595,736.4157112284054,21052.958429094357,24,1
79876.08100195839,38325.94712070309,668.7666675141937,33372.33265498716,48,0
35314.32295444703,109884.56959264776,772.3460139516146,27693.974608220495,84,0
28823.395080277016,25635.28608397798,682.239509512694,21593.25895883004,36,0
84539.44633361584,56327.784858917905,649.3282333961696,0.0,60,0
71891.00869402054,53450.76699028422,673.3784296336559,29600.159457724127,48,0
65092.43303911985,80262.87521399406,469.4366708377455,30938.614649888168,60,0
34605.065913932776,83095.21816380919,573.2596727832203,1406.9169086445909,12,0
78238.42701017261,49039.43586538787,687.3335538703273,2426.0163764659555,120,1
37335.033505981526,58719.99479339149,763.9388358406583,27763.978935043953,60,0
56940.40036218966,59856.04261741845,594.9506883687882,22914.876022014043,120,0
103408.3243916094,5000.0,645.9193120136066,0.0,48,0
40174.97292569563,5000.0,489.90075553246095,7669.674437816333,60,0
20000.0,31848.08927834088,795.931081335376,24707.64648353052,84,0
28423.58424389669,33152.039708693934,761.374173223312,30150.153037533022,120,0
89828.9648006287,14021.527341076035,715.2102618567199,11235.21170261297,36,1
67641.93412140629,72487.4771412089,690.680618763089,17788.15267252456,36,1
56133.67863933739,50063.55263052417,805.2549065146798,6809.71841458067,48,1
44727.18584065292,43559.16357839488,569.4989008685283,39858.85511242296,48,0
74560.7972265957,12315.3417647784,558.6838443673341,22618.824162890138,60,0
34526.8544702933,48663.65407265635,756.1519786256429,9984.675757778801,24,1
69169.96705927787,5000.0,749.4313381708124,2655.478517377731,36,1
38062.362935611294,45111.31067582477,530.6504413910848,996.6894680154728,36,0
33070.21844174838,51895.51006423268,596.8640118423134,47173.32078878496,12,0
40875.37695524965,57257.44952964496,818.909313107739,17397.32233707326,12,1
48737.77660548114,5000.0,691.1667328215904,14007.183647326268,24,1
58535.1049219889,56744.50210074424,728.7161518018172,16801.342782024483,36,1
67063.67385333343,18757.061904063725,534.0953457470644,10546.853207947664,48,0
20000.0,25625.90503122998,715.6644524537178,18394.84260382135,36,0
35770.483267597054,71537.94157467995,508.04584542291195,20523.926054074534,120,0
48252.900679318824,110423.41170079232,452.0178634399315,20225.052982132816,48,0
105151.8611582499,51540.7627640804,722.6823960180868,1061.033019853181,120,1
27599.921748536035,25487.136240793032,793.4445169634489,33386.46470072291,120,0
64883.898542997376,55660.113425299955,624.6213924250832,11705.608502891499,48,0
104850.90929207513,78170.87472497436,595.3449318145541,10120.049791837795,24,0
20610.944101581816,68629.92697618206,821.084865624637,9442.609752011862,36,1
71819.25677593207,132293.38617391238,630.5216630885392,4212.92460303354,60,0
35931.84498196439,28539.87292716,643.423127644274,24016.96497930969,120,0
44860.987731322966,57566.94439757894,819.3957226440335,33424.7295851,36,0
35906.67498140056,96467.53860254609,614.641518697179,9155.1617204928,120,0
38044.28074752342,94584.77711055597,584.5972390655133,0.0,36,0
141657.36443719477,5000.0,731.5508224137088,4593.281035873644,120,1
85333.67616214998,49899.27139880056,578.8143845620884,13275.710760589216,84,0
93052.13585358627,94535.62297546098,635.5398461877818,1528.4703285312098,12,0
74759.80460509489,136719.28971197412,518.08413982878,11019.024664968934,24,0
20000.0,71113.87651252456,668.5397088376513,11727.097635788992,60,0
71848.7391096992,38964.10118910549,656.8097487203092,19767.64966824609,60,1
92187.8884352204,19723.905426878304,746.8020274723144,0.0,60,1
34398.01577882666,116562.30072592548,735.7256536661731,28701.700594884587,48,0
88959.8000148338,71862.24759397277,705.1518008469582,44914.08228049685,120,0
81130.08629562237,24557.992193437476,689.4255692781013,41436.75808220152,24,0
115561.2013444101,43905.309009986566,642.6745886247659,11239.337790526137,12,0
47466.50962459143,59305.59550486112,710.9555968995803,30029.82741737539,48,0
27071.670531728196,66314.19961664353,538.7667826331012,28253.807088530164,60,0
49151.15671882363,23011.4402736263,415.10339281456913,19347.122556061535,48,0
103067.1297949087,31574.28745623522,766.1917671212893,22655.084617626853,48,1
20000.0,5000.0,717.4160462247913,30245.656952885656,120,0
20000.0,81192.86868814346,637.3013565720086,33250.63706560162,120,0
62681.8583679484,39751.445996890514,757.4558608445986,7824.916048974095,84,1
46722.321216775315,63989.649475498765,576.8502583053473,31215.37084974024,60,0
60231.83679527054,92667.7552572898,579.450746791685,44996.937852281684,60,0
88359.35313707596,56596.10427121837,565.5862276305833,33232.724630263096,12,0
43422.91961643443,46610.88572152796,706.7621975115885,43046.94372934791,24,0
20000.0,55817.64430651802,491.7041922785247,0.0,36,0
121334.44671599832,51895.80811550681,573.3038393217959,28935.635939421412,36,0
30083.151376836715,87384.94993633835,678.9715023236135,23963.769048623086,84,0
28228.886339637073,59325.15192616369,529.5848924077388,35406.27045835349,36,0
93111.6004116779,33667.96941263262,583.9689594338814,3115.60763632397,12,0
48465.32636875446,81435.47170669251,428.8432422885436,12407.883623424235,48,0
58098.304438955674,86914.53069075057,710.5806649401537,33508.05099470972,60,0
74483.70372180954,9850.08119538609,581.2164806657721,4104.971638132522,24,0
92507.49309329987,95983.51654304317,540.0718749858846,23634.713861770717,36,0
49996.17920454684,60941.35319625457,520.4977274041426,19745.92125641677,84,0
105598.56017742897,58498.09850439795,608.17864877949,17061.039997009793,24,0
20000.0,80198.73894789544,491.984441310856,28590.479631453345,120,0
82793.61710859231,32990.70826987164,844.2379677148667,3267.4881893095044,24,1
34814.17325947028,78624.93542572772,411.52553828310147,8298.248275548112,60,0
101168.13949823973,38696.73590786434,604.938085021351,17911.268068295598,84,0
64261.33436491636,5751.479608689857,660.6906929291255,1982.2645224362896,12,1
39812.84003971795,20067.311626791972,572.4620995863445,38463.82703499563,60,0
79885.23279064898,67010.6549870968,671.2131737293115,8018.4929385493615,84,1
86795.65041621754,21635.949800160255,570.0398425053838,31794.94400061341,12,0
79256.82368575915,98302.28369568948,803.0094463673149,6867.450395790271,84,1
29109.112811008188,85678.50360318928,538.1122985890223,30562.95809214127,48,0
45479.48629133745,90003.17498098896,414.87760586516805,0.0,24,0
59877.81488635695,53743.35739032236,520.1500149546678,41129.231015667625,36,0
58762.21042049819,57735.84851884878,688.6494774813713,37026.99507659951,24,0
82492.36426315043,14188.644372671675,638.2075620451136,11711.247378161712,60,0
20000.0,79873.5053047247,725.2132907982117,7615.390518842993,84,0
70029.8116366051,61395.003651112565,700.1744616710967,26867.037687501812,84,1
51300.5593669008,67019.1687587678,586.3719650274796,0.0,120,0
34844.98150848143,100649.35434358646,601.0916506204453,20521.28130191377,120,0
37725.39666691201,31821.1104815747,611.4671224346774,7886.173476232405,12,0
53563.870064461094,46215.753503680455,838.4346083496653,16185.348270830387,48,1
20000.0,59800.127646265035,719.082231468737,10342.268433894973,48,0
38961.312876253505,21936.937836238798,839.1686899178505,8024.470506593274,12,1
33725.5552606112,44372.035361694805,734.0779372341814,45571.91236436879,12,0
75983.49627967873,64788.494314009076,643.6416605078449,31708.152250054576,12,0
35834.19952468439,40237.36185881507,548.0638513014335,0.0,48,0
53546.5859948853,89269.68229187337,670.1519671148744,6862.798928488872,120,1
106268.29882983907,5000.0,643.913082778377,32861.73544002369,24,0
89830.5455944627,83683.13720700025,640.6352714661787,34530.302657067616,120,0
87068.14199830357,69835.56424448013,629.090092310075,0.0,120,0
45003.82708767445,32935.142373302275,444.75372924237774,30479.072730369553,120,0
76290.96837868958,22267.74295310006,776.0839816534656,23975.436741995334,24,1
52983.06598639218,5000.0,644.9546510782683,0.0,84,0
54117.20367969186,26144.749627584977,508.5746883971358,13952.03422410036,120,0
72290.5603123965,81415.2996500899,698.1762709073645,17957.550254742462,84,1
42090.19234737202,48317.42821163977,564.4163831393472,20727.37708051022,48,0
104790.0931332961,84889.42641175524,706.2140622970783,191.25819019965638,36,1
55196.09581206189,31403.86788126344,738.1656460512461,8554.767437229399,120,1
78550.81698778995,71213.18480319688,751.9636490669318,10655.843920273786,60,1
103668.01437771894,28475.04193746735,633.9083273345179,11964.86425010374,48,0
90949.61323725525,21032.74981370483,608.6222271981483,12215.038291207758,36,0
20000.0,46786.183484879715,587.446163973533,18010.506336282746,120,0
73346.87685029652,30051.004660400104,577.7443911539503,24644.54922665626,120,0
85521.58183381941,5000.0,648.2769935789083,46613.385867718694,60,0
86755.89066482247,44530.5589784902,629.0656937608261,33063.331303198494,24,0
26601.15497656107,53193.06249293867,567.4696184177834,39752.9508426463,12,0
40288.942889480284,88050.75834488202,535.6215246197096,12788.664724644757,84,0
89836.74707224865,78104.17031399181,639.1243907741417,4941.152746356054,60,0
37147.18887952063,86598.29597698494,606.580238205617,32021.37913320998,84,0
51009.11830007057,71610.72495180526,535.8633026718135,19756.835901728595,12,0
107276.27428505907,59978.38276849924,733.0571013421408,30954.76700194305,36,1
58566.02248845631,13131.652805843223,827.2092750825249,6765.496631224374,84,1
38196.77586498471,54496.165938058235,746.2588213984225,29728.656481514634,48,0
33671.47929411285,67903.81331992443,577.9811988323955,17371.257703851625,48,0
69981.57988755564,93723.13848111308,644.9770315410063,13086.48523297596,12,0
20005.559745683735,70588.65625195441,804.0428951687461,14498.663515249826,60,0
52579.92108310745,87211.50303816266,532.6300357222507,27356.501258718163,60,0
69996.91604970065,19040.06325904283,728.2595126685226,31612.119745165845,84,0
98974.49461643002,40207.47121555715,505.191679185601,14503.787634187138,36,0
80026.44241109987,62880.521409838126,818.4037627431329,25164.64742634994,48,1
38578.046460534635,84828.58072227685,606.968547524901,25112.245914997668,12,0
95352.5795269116,45643.14062483241,850.0,31075.052900474395,24,1
51014.54887357567,47526.6212255254,822.806379864183,34803.72789924731,84,0
22928.909338517733,70614.20918008935,639.3569490418612,47168.32080909069,48,0
54838.75922203583,16223.87518564627,578.0594626889589,13022.444202154817,48,0
103145.07603437106,98222.13649470286,669.4775471890914,41900.14849490277,36,0
64957.201501947755,23625.917206769456,631.9841033353437,21756.115625920098,48,0
60375.65592989359,5000.0,609.8433036414407,3577.9819188245165,36,0
109116.34934108559,50302.010255677415,484.1886745421703,10242.732709290916,36,0
20000.0,100953.76107126696,598.5446416345413,26989.401803243207,24,0
21432.02657841683,67593.5939100083,538.952087824376,30856.41067888211,84,0
20000.0,72532.71629010899,705.1647706425236,4755.982149082556,120,0
71179.44559440165,51241.57286921343,749.1071316597424,8541.736150726558,60,1
64994.79381345373,45428.67508186469,724.0684003923596,12003.250147116305,120,1
106282.09101839329,5000.0,684.2375089627508,7049.479671529047,48,1
67304.25231410311,5000.0,564.7092932859098,0.0,36,0
47875.28521562092,55888.170153225896,670.540077260191,0.0,120,1
60053.84618634321,89376.4758302068,729.2765143644376,14272.893267524425,36,1
63531.222553828746,60324.01114484196,591.376442560027,23781.189344395498,60,0
20000.0,68707.9858115604,661.8986421395007,29833.78410137976,60,0
141309.94933004677,97511.52636918619,635.4538410730077,0.0,36,0
75596.13054305734,59863.005543231746,816.2366669610485,0.0,48,1
66300.24924067767,46320.34699077142,735.1548135264525,12081.070953434657,84,1
78454.91952835741,25444.25583049805,710.9159611748391,20050.136793328576,48,1
81282.32941759814,110666.37688916258,478.3306266034565,35131.724005951975,84,0
55783.39543492705,65796.43337461041,667.2837326767583,30765.8310378533,48,0
41062.76591277898,21691.948522420076,634.498657107543,14482.577432794056,60,0
77983.52058965112,14864.969965962897,633.6342889430127,25402.329569266465,48,0
71571.32521594357,87591.91180786738,493.65865272583596,7346.911413047441,120,0
35703.297027317756,18876.749107750235,541.223137770243,21115.186334747348,84,0
102571.06834101792,105615.02472506663,643.1982512094218,19063.65060449685,48,0
68800.5610896895,5000.0,761.4355778190461,41064.534347419816,48,1
81894.58086802892,92677.85593369929,590.9475430160577,27403.326257381865,60,0
101757.62663039757,64606.844334858935,610.0061272895732,8438.22430995946,12,0
60656.664634945046,53557.83269170622,828.1091995286208,8591.677612809774,12,1
69508.56020952346,44736.24694874711,620.3177610832164,15003.627006578005,48,0
84300.8171551835,106721.89545782088,637.121047614642,0.0,12,0
38254.167485998434,71211.7657520361,638.4755217948259,16549.694327798155,48,0
61621.54988538003,22903.891733136457,515.4494853595489,17845.111855274557,120,0
63766.45759953445,5000.0,707.1798123415115,26997.903184495575,60,0
31318.243449498164,55318.916394419255,584.7123881415662,29181.880282232763,48,0
129529.10366021635,49967.865993877575,646.9929382960262,21483.746140820585,24,0
20000.0,5000.0,694.4372964417797,0.0,36,1
21056.88288938527,48338.194235529925,844.2557589035392,1684.3020327839586,60,1
99426.79727110738,32781.96100777399,518.2229955453756,10923.42614600871,84,0
81397.98752389627,50278.70204920084,736.4982185066224,29784.371729523336,24,1
29221.055475576664,71777.70834945206,736.8723256173968,29277.85956611987,24,0
78218.67045305078,94778.29842392106,586.1785227220727,16258.425903578485,120,0
104035.51334991929,77266.67109107862,709.9503848051982,55395.95614650309,36,0
59092.10827209043,28356.777505093833,814.3436151291892,43423.51377598535,24,0
137964.68700223748,61067.45386487583,573.5028790787558,38598.79096777857,36,0
20000.0,51893.21364476072,674.1469797135155,30509.872318889487,48,0
80814.70361577306,10036.13136107297,690.4801363939786,26878.126307625713,60,1
94995.85008663009,61946.983540768175,703.417885495355,25783.6405416661,60,1
86740.3170481574,105700.17013753142,726.9291760716013,0.0,60,1
53869.32820063055,50972.79812561012,666.6304828252174,4230.7346480793785,120,1
51286.75553966552,5000.0,701.3436186348002,16667.948198771024,36,1
73324.35513261773,50908.06013325857,558.8526349876277,21918.087431163614,36,0
84472.63459956208,13588.634030802496,666.4003493639558,18133.152157361106,24,1
78074.2030884709,75908.16520658863,602.3658734319486,24084.151718164972,60,0
91201.73672380167,65745.94975175387,527.0171094845913,0.0,24,0
29433.901287997942,44872.6983957577,599.0855450563099,27584.964542290003,48,0
53166.87062629096,40065.07202432536,676.9456392198058,20932.063337179934,24,1
31799.522036287377,43632.9709515336,693.5797276370193,17188.25061862542,60,0
48416.61671741575,50248.23483026961,523.1540879077229,33909.68051790391,36,0
90456.62675442916,26832.949359753733,556.232328327513,4316.999249456654,24,0
63239.517621756866,8367.407569956893,722.4656279693221,16446.577210580122,24,1
138205.7748944931,84160.96840083944,700.8148092615863,24266.27617097731,36,1
65802.19101569151,38437.970705091255,738.7102662046352,7204.830370855381,36,1
61790.75641739209,55011.29312507433,786.783042717656,0.0,60,1
63185.487583206486,58558.45853502483,703.7887109590599,2704.39834481903,48,1
40865.73921420192,59660.61438965642,608.5192372829127,19029.191191341633,84,0
58264.90162867219,14785.460087047279,661.4849458081917,16264.703845056898,60,1
93833.64081334937,5000.0,815.9897100927383,19726.00926249936,24,1
63419.12004383317,32339.224259240236,850.0,10110.847338148093,60,1
36196.20810349586,61871.3459725086,696.3096365742359,316.0425117030827,60,1
32247.461385640945,28161.50397577061,703.5554138811307,22055.123873118915,36,0
46493.9432500247,39352.35938902299,722.5708366997417,17502.155082704165,48,1
62215.90303232641,113818.92241248705,652.3792845819363,29567.523241424948,84,0
95807.59606428786,5000.0,766.3853902342624,8784.728256083177,48,1
20000.0,27348.980122685043,750.8045292732851,0.0,60,1
50405.211663337315,106898.12205721784,685.4376447148817,0.0,36,1
64329.30058305236,48662.0398401433,618.1980093994384,13977.961782783797,36,0
20000.0,28820.445035032684,497.9303612622863,21918.637431766943,120,0
34992.05151100781,85063.06751033361,723.241354761425,16515.31217057255,24,0
39603.34380791441,51656.91309443334,671.2858315226104,11522.74321518127,12,1
36120.888784485054,39550.74814867982,576.2232269345899,0.0,24,0
65756.68635064943,55771.06781112534,537.0079735005373,0.0,84,0
55183.211714946076,30256.735718517015,716.1432849383252,25509.12171491899,120,0
43341.41692196891,19475.268113357648,489.8763678383035,16585.98155315772,24,0
72838.87879657905,46592.09217095755,679.9641187443805,14547.225278599106,24,1
111692.2415293875,19670.091197719787,734.3550409168894,0.0,12,1
109177.69550225257,50320.79935389441,704.9892886416624,5506.151001349832,36,1
20000.0,60632.19702423017,610.926022564156,20676.56524264611,36,0
77312.16551505419,75591.81368154833,525.0625515525086,24269.239301975835,48,0
54659.30129808484,83837.74956550481,708.701923979519,17536.39801887257,48,1
64654.66028596069,37827.90495103245,770.0523091953421,40688.741392435855,60,0
48051.508993723546,64982.43823817208,592.7266645256959,11367.591562155494,84,0
63527.65889661606,64775.7033861907,700.6908200292859,39303.07882264705,60,0
64542.221882160564,59834.56147447952,808.1515118731809,23253.001419379994,60,1
42631.44727953231,35616.21767148624,683.884709644161,21622.00163431199,48,0
33108.973565244574,19157.96562607668,610.3119855122212,33987.840747190974,48,0
46539.129521415474,65060.05667199679,754.0853540063158,10638.089787737288,24,1
67027.77793370296,5000.0,576.2439025842187,15061.948112375561,36,0
77969.89025052793,41964.817022950665,520.1807984946977,1646.8765093721304,48,0
85600.4693202044,5000.0,731.2321191145979,34028.18782258105,12,1
45174.29930799262,9907.9272992521,609.3837736516437,25032.58161852694,24,0
68515.3370190821,23685.981846577266,618.3478985996315,36466.90027856927,120,0
88875.07775859896,82901.72622887853,587.3059364448928,23072.951047200644,12,0
94967.84685432384,70643.24073212806,602.7182604445916,36545.63322786975,12,0
58235.014376054336,33381.95948473273,790.3033427526866,8790.663135803274,36,1
53372.04825181162,71881.09385389253,816.2498765783668,34808.59485455725,12,0
65733.72701509176,76628.6889014119,829.4978636144609,14032.776088195395,12,1
25508.77581307783,45180.05454875835,759.0120621177513,20037.979045253654,84,0
54191.71466893476,8468.655673589295,696.6271259773238,30925.332699905208,12,0
82337.5919541939,43762.630698016575,506.7714408066887,54917.618644217895,12,0
79258.41388331103,47063.227844835914,631.2475297099651,32300.793105665725,24,0
51891.97186908333,13026.36827509322,850.0,33715.192024288575,24,0
66531.54603261499,61011.403787899035,606.4378421247346,11819.33068197581,36,0
35260.489791279375,58394.35562907066,801.4144474772274,22354.969864393817,120,0
81104.76444675075,63351.280996825604,655.5035819030545,18561.990989977006,36,1
57665.35691590581,58367.692915023305,382.1857614146854,41114.99201830438,84,0
51721.45644911585,71895.29105344949,714.0485563668963,17810.987071931195,12,1
49148.2849171984,44620.159163809054,776.6254696178312,39928.127785240395,60,0
58113.183993004255,56053.5532211286,645.1004031359456,475.29939920914694,12,0
46563.67065204125,38067.79147263404,773.3051004485413,40981.65987574763,12,0
79744.2910800769,32465.023531341492,483.2172485582913,7078.98730222716,84,0
48141.49355951458,90147.48892286228,511.443573610063,32808.262361312045,36,0
107788.92288082144,5000.0,670.4864308085688,7035.043062961899,48,1
103956.31510444143,76302.79967462792,697.7114727817532,29275.20885996004,120,1
33253.695304364854,31383.77373663018,785.6578868592278,5561.192592240566,36,1
62091.12808287841,27498.854670706372,713.892446674856,35547.2141213491,24,0
40480.301359914156,57847.32452196221,530.6370910634957,32678.681989056917,36,0
50200.57310434165,5311.711629469915,671.3045622074386,10989.688636017527,84,1
120072.8240293439,25519.307841613907,710.072744528815,28671.267634842672,48,1
50772.85748652602,24525.81060461024,462.5766001302871,34211.48972483687,12,0
70806.78111232286,43358.05225444715,645.6366530261985,6150.21419564504,48,0
76239.63882024835,25875.869355179344,616.4417456061775,4489.957336122994,84,0
29981.11882550278,98033.56056917807,584.5306926254254,3930.4290354668174,84,0
34347.135767723856,103910.49549493863,699.8777051752672,1804.9594943660486,36,0
23819.32885775643,5000.0,535.0318473442076,3858.607309796189,60,0
33420.87798306669,66329.68114297208,691.687951200365,33871.823137299805,84,0
20000.0,75759.90317232723,705.9491129208894,28367.74731895992,24,0
76337.47202380885,66289.55607173315,758.3763310260973,0.0,84,1
121625.8152376821,30256.595207249164,537.6580737207395,12347.495218906226,48,0
64434.622171095805,42677.133135243756,499.47657816454523,2632.451169150743,84,0
20000.0,27551.760356669136,677.8903607339012,32922.952947632715,120,0
40716.70851300156,37392.07906523514,621.3728766132298,13255.313957208764,120,0
46233.694649250094,13701.049139984716,850.0,0.0,36,1
29472.456683598728,46556.33535096349,695.8498476242931,22552.476016558696,12,0
85805.4791518547,5000.0,655.8161711704181,29097.381621970482,36,1
84307.80133126001,43995.96337315587,632.7172044323585,5694.523501423471,84,0
25336.44618547021,12542.549327007066,528.1938154560551,16026.261249778707,84,0
81752.43133342524,56204.490853742114,706.3881552954597,6464.067730396331,12,1
105804.37990731795,29617.41317171328,642.0854973729203,38660.710881781735,60,0
117076.7461568868,58717.410436236125,642.1686316570565,13529.627946921024,24,0
145956.3606925789,82447.42185094346,659.4443325498655,9172.427041063984,48,1
32940.22051670408,97683.40808314124,672.1212529917245,19230.11759226286,36,0
144726.6127918561,5000.0,476.07443540824784,16886.760050496378,36,0
49373.80834473635,24974.177183786516,733.7023006370932,30327.40090799005,48,0
42226.03633858457,40907.41768663958,565.3555625184077,38240.708388933315,84,0
69812.17124633536,63809.834551444495,636.1967802531373,38354.3487653375,12,0
42538.15997720962,5000.0,778.5904920665289,14271.389591112877,24,1
71971.32421939578,20537.22779599353,827.9448592270114,24576.704497214825,60,1
20397.684367880953,53910.7160797133,479.9505561373609,42327.498654356736,120,0
52837.42193809697,52546.64724580001,653.0244827674649,42904.98212562508,48,0
98567.46703085038,61328.55219260279,677.2913185166036,6861.407679596965,120,1
58288.16125706532,63310.27180664349,499.24699738085536,28883.67824965017,24,0
64247.87360219649,60157.83299347587,730.2591364418165,26348.083591577404,36,0
74257.75814151934,55809.65949894478,661.6262677414173,33895.8131666705,24,0
95119.8488795298,51672.193199791036,669.4159595694997,38654.26351756681,84,0
20000.0,69942.89269173087,558.2447081658065,4385.359860586917,60,0
77535.72155512305,5000.0,691.2886643381348,9639.825424481369,24,1
51955.8258227471,96330.00460913705,733.8223956389937,33614.13134461389,84,0
64999.13685935516,5000.0,662.7297883725934,22220.461322749798,36,1
91798.50509287129,17625.14549286524,598.6064099036946,0.0,60,0
24174.400457644675,43197.17610049566,606.3930681953635,0.0,60,0
29620.666756707313,70178.38673269527,672.0395707125965,29938.597119484675,60,0
20000.0,5000.0,654.879737838063,32586.663838574794,36,0
43525.231747086706,49156.27028174497,740.4822119119395,0.0,12,1
99912.97033136449,73771.85118247203,601.9741712475834,36487.51343191763,36,0
56382.384345795916,79835.5434808543,528.1619397259175,17042.790033625228,12,0
20000.0,29080.110245076237,685.9386077320503,4662.888053179524,84,1
45429.63766274859,40974.94139134903,602.2470147001296,11595.561649272144,12,0
20000.0,31515.556133221166,728.3681949036367,1658.851609267942,120,1
26244.416948065147,38219.76039421747,650.7538630457601,10761.335249284055,36,0
71664.5673079114,19045.203478146952,715.4813204364823,0.0,84,1
24783.800210819136,23322.43512587246,548.5682953269212,18892.505765028254,24,0
93379.02915609906,63031.30766085104,664.3386263229821,28806.780318919984,36,1
57866.39127508992,53948.46119818225,580.0736792616084,0.0,60,0
62567.84111833576,64747.595227714206,527.962634692378,20255.304059344206,24,0
51648.81097176318,56420.43169102511,563.8892121928984,7930.2195773537205,48,0
83185.4351563117,71130.15803442788,595.5522908224141,30032.01253046358,84,0
83494.79663331032,76346.41994464984,774.4694527023852,0.0,48,1
70051.63055736515,5000.0,592.905960050734,30678.332720734965,48,0
76943.67317722944,24370.710487569122,522.8459749721777,0.0,60,0
53637.309902387235,43058.721275298834,663.1477422496669,16850.894806649096,120,1
76266.09020727145,49319.67423537977,652.9180660677674,9366.228252759516,84,1
49863.666735785795,29897.282785458996,600.7946987989802,14589.456097867074,84,0
60066.94866487206,77360.71012964917,633.8776534153874,0.0,120,0
51760.68751901107,109398.45104871795,747.6227085996571,44902.06460770672,60,0
46283.44382042412,55584.85866745202,717.0705765399176,701.5538358449448,12,1
39326.646068346294,52530.230965946335,708.4230206873731,1885.195910364113,84,1
74030.70311576656,75483.68765312993,531.632121547977,46922.30877628276,120,0
99318.1773844039,5000.0,850.0,24840.52454113496,60,1
95133.05915008677,50854.06821315231,755.1252210274222,1186.1521480910233,120,1
22303.03992163694,79371.0747640255,701.7028563190872,18068.184861442318,84,0
98676.09154220621,30705.380083966647,533.568822560279,16464.05796071302,12,0
50455.24495146213,13203.182602941037,744.7730112734107,0.0,48,1
78021.99045436774,44425.83169700665,599.8871489700672,8626.061089726569,36,0
32813.54003858367,48179.43700394238,630.5729195364034,19604.28932187049,36,0
64259.39741622016,22740.431542536247,481.92207239407173,38996.26858756328,84,0
69411.6954869072,112884.83828152853,525.851691405949,17167.552351609556,60,0
20000.0,35639.10856976163,693.8546498827135,18295.32188578989,84,0
78248.01499032568,15390.21945720294,750.623467527049,7772.4999355970085,48,1
100378.05023514945,47191.36042788166,718.4904419795035,36438.36171812352,84,1
54760.561629551165,77235.81913113473,715.0818996742948,33534.82627251427,48,0
100805.04392484039,50522.42746994693,643.5233543040293,31840.021594722763,12,0
54309.195196427776,64567.81760132007,609.3292984633788,21677.582976043726,120,0
85487.53593139851,23854.682170005282,678.8895143565394,0.0,120,1
20000.0,94630.6533921054,732.1408323100273,36300.04848264553,120,0
132563.33337940392,66851.3308375533,650.4862254933591,20859.946219066722,12,1
104863.74735728871,81431.04706632829,771.0252019913405,15371.127177704842,48,1
51461.234872389636,60954.81897425508,628.4930736183992,26726.885928389474,84,0
20000.0,74746.52113186353,551.9721064703949,23362.84555742024,120,0
68640.85104916467,23808.423209683177,648.9637757958999,3962.030096571507,120,0
20000.0,35257.68749931313,660.5972278259568,15188.032077709333,60,0
73345.60612672464,90394.41786668089,641.796993272359,0.0,60,0
72346.97157492845,96792.2584185189,778.0655560882261,21290.399518984366,48,1
31757.904929939257,15588.032008427697,730.5301980724039,39951.916509517105,84,0
93629.01070843133,57492.08203591437,506.905901137829,0.0,84,0
84167.2410841852,37071.68598544318,803.4367014198285,21929.42104717214,36,1
89274.70011865691,29089.055919054153,375.85829391708273,30027.178006917846,36,0
60265.73111006686,58545.1908606635,850.0,32245.354755867003,12,1
20000.0,84228.88797096224,621.2694486443123,8807.153587686824,84,0
89336.16816633413,63549.87419852582,631.04322633485,3466.539055024943,48,0
51888.85802592627,40414.626502428946,643.998376102636,11194.220523162001,36,0
20000.0,65445.8353980548,688.520543284018,37863.06544939178,60,0
100561.18097922977,39200.714792572966,649.9736798733157,0.0,24,0
122982.22561507528,62363.429021918055,636.6604811162733,1760.4950742228393,24,0
58762.55613062391,91893.971013672,780.8918309356186,13118.457732113271,84,1
124773.63463809875,5000.0,706.559607975085,5364.9317313179545,48,1
62739.44185834049,73917.56895620101,554.1196145629239,19374.908968789423,12,0
48586.322875009464,5000.0,724.0673914335724,41217.889091431316,24,0
41086.24637443568,86849.83131633385,702.410700318334,1942.723297876346,60,1
109112.47223978228,30889.231703814177,595.4726274418781,17804.507352533503,60,0
36595.68355836684,13469.85867180548,729.2138426362161,19876.23545899285,60,0
82058.07929924963,70858.07681266242,634.2427398776961,14981.206271480585,24,0
43225.08494822375,60925.101894272324,627.8326527874899,0.0,36,0
46190.79712276911,20024.392911150255,625.1086882567066,10432.617167346647,120,0
90907.490819087,12410.007284948188,407.1881943047601,10477.454726753063,60,0
48598.89461131939,44375.55537526153,597.3300667065398,29502.559334563673,12,0
47856.1386173912,13877.391494864103,721.3173242125602,26293.689465477568,48,0
93984.1409152442,18155.810812291173,647.7588757096237,0.0,48,0
107921.9187966487,53468.623712643006,521.481357014425,14192.954629748316,48,0
79340.69409852699,21023.8509723471,746.4631255192037,12496.171877243654,36,1
40356.906731281524,62796.178700796285,620.1399840456604,49320.429255758696,48,0
44681.74502107262,94704.3078765043,527.8424509338477,24384.697704524333,48,0
62397.45791220113,45543.33755298253,850.0,3838.423714541974,24,1
69627.90185776973,53904.531859567534,544.6827405512245,8348.031160975237,36,0
30364.022695806845,110542.90198506461,737.949151128571,14321.81901206916,36,0
81691.13818739592,14371.966478679591,573.0685899145395,25435.51363087313,24,0
62565.399889187975,85737.05585542225,663.5826834573821,27273.814192433572,12,0
20000.0,82125.72793737447,559.7819036631824,23007.23964037168,120,0
32132.205526178088,75629.52017521349,526.0695818726341,16853.521315456033,48,0
44876.13979045009,88752.43552197894,702.2202544671409,17959.995137144866,12,0
57814.269334768345,58417.248978758565,690.5290545134401,18065.461603788226,24,1
116678.36386511987,32512.115132021976,764.4649444219065,0.0,24,1
67145.13918418885,82837.19873661702,646.5618069704137,19080.625675344796,24,0
34776.84330304125,83985.26635138685,850.0,11341.189163084413,24,1
66618.9241292149,83159.41704479864,676.8346667437036,0.0,84,1
49437.36757638357,51335.0624695771,706.6774681237213,56268.23867054727,60,0
69742.74718600625,28514.164591600205,514.1570754892772,24669.554089806785,24,0
77417.03061106845,55740.867623348335,588.5915684877469,20196.548874174456,12,0
96276.91941671814,78266.90052703508,701.9679700515977,14433.080141063157,24,1
59271.40512989923,80730.55369579897,641.5772237586417,30953.33687973029,12,0
109168.81582799499,37109.716187762155,668.7683135034636,2565.496111894783,24,1
87240.67987608573,59461.186883821705,568.3506244285807,15309.435620857803,24,0
38776.81365563437,10736.650865421318,662.1946973471621,5717.436759888893,60,1
126295.66997245392,79548.50309017554,661.8545891591737,30823.44280507029,120,1
69809.83539810294,26500.737298248096,531.9564980114761,7598.882812210193,24,0
34946.26488083295,73557.66078714642,714.2549844680591,36519.91717450546,48,0
109587.39153691265,15520.862678295147,479.9935053082031,18510.869185943156,60,0
122333.32755595334,80942.47719302023,668.4238080597684,31617.351452405845,60,1
59009.242088413186,59655.055700683115,826.55926938255,25997.88326556312,48,1
44890.49218873211,26559.269131491612,718.0550537819082,35888.67250993279,120,0
54828.75127639014,70740.69143241576,717.4299246037104,5972.351059572151,84,1
81441.951825531,32289.14924584008,560.2573325051316,33584.34777419961,120,0
98335.69965091543,72486.65112335385,826.9062053152861,0.0,60,1
77114.6199259072,41776.65573857835,787.6718094602288,20646.901431705286,24,1
63051.696254153096,5000.0,565.6409977104433,11811.17101545478,48,0
104940.35310913282,20527.51278557189,602.5236758185123,0.0,120,0
50614.905808454336,37087.55873938147,775.4656044926688,6597.168125099894,24,1
90927.58015100722,91045.67071245733,829.6147378316757,10390.164105809996,60,1
51358.11604946164,77034.30891587675,523.5313964909711,17051.72476844201,36,0
72930.68874032679,98715.84236966426,549.6289230275423,12127.255222262109,48,0
56593.12305628646,99609.05648089574,635.621324357783,21200.389603094824,12,0
58324.43452041567,33957.47586227255,432.89059705574846,7547.625266171453,60,0
48678.4044761337,44345.39420723512,651.9045160209423,12847.134484979993,120,1
100345.62093542083,37661.60227008385,768.5743514029984,15664.009024387075,120,1
38012.218856743944,29854.681840967703,506.1362983764251,22731.443334961354,36,0
37793.03242353875,5000.0,662.7106964975087,32732.709227563442,60,0
123629.80697535328,49557.56845949473,591.8229295004687,32804.94510598068,24,0
89335.42693962995,11433.032188666686,813.9945948753917,23562.259877032473,84,1
20000.0,48974.843553970175,593.0208137866949,26453.795249083978,84,0
43042.237823687894,113473.12428688954,801.8993087748584,24678.00373768213,24,1
20000.0,34719.647110078746,590.2544929188773,15280.367362046803,84,0
31479.279197542346,55843.22016884202,727.117580533413,33508.745039268186,24,0
20000.0,77199.4515742785,675.1945618362699,6282.783612743555,36,0
55890.31266918173,58408.73875897721,636.1727333485699,0.0,24,0
25741.745425160654,58774.525638268875,570.9471430946024,4377.659198684656,60,0
61797.15770389315,39127.9269893576,682.3095421317893,41046.8122265643,60,0
20000.0,43043.66074816302,605.9464737515088,15568.502922534819,84,0
62487.3555951612,21199.684334365153,581.0233775191862,24111.935092756514,60,0
47552.51165639018,75381.35026668223,797.272274137572,15890.749751446934,48,1
105058.58895565788,5000.0,704.7530227493228,28424.979932395367,60,1
102340.70585236874,79132.65015146606,714.3638951907203,21060.68999009566,24,1
83560.36809030849,7889.048457642726,610.8401481387738,18971.11986151621,120,0
50201.586580163625,78878.21822229956,631.4021652916696,29206.675025756675,120,0
119561.4118578088,39385.47421363457,625.1423332648889,13014.830920717646,48,0
20000.0,13043.939356007591,683.7238912500977,25581.166740455774,48,0
20000.0,67378.9593523891,714.1803451842505,17379.175083832757,48,0
57486.50700332806,77863.02605227324,646.9748629688428,18388.60620180662,48,0
127621.14326763358,36857.64055689389,570.7355005819359,7721.037510150882,84,0
53929.832793897374,71618.31646036799,726.0570457026549,16760.66525920591,36,1
54502.64270372154,5000.0,653.3403868208336,11881.361746292281,120,1
20000.0,10382.11130760199,505.9163621229019,36948.80268141642,84,0
88377.88755811135,88772.26791406187,436.4705249920312,0.0,60,0
88595.28762988062,43289.92177406252,679.7897175460473,33338.89837166694,36,1
83672.2560419973,5000.0,567.0526201122296,0.0,84,0
41123.37981457913,29034.01458674019,693.1062129396453,28058.234564149425,12,0
38798.79694880983,22297.98582424758,572.4381691136066,7434.046486813577,36,0
21206.332487850887,45021.14805581226,663.3185772495008,28494.83396252511,84,0
62516.17505282801,38877.47048577058,612.1598472037908,18179.614879757537,120,0
27587.780121644948,55367.951868144824,825.1920810273305,0.0,120,1
24677.50484252134,47916.01845162276,745.0315657818644,40379.278097657254,84,0
47289.27849267972,90792.17765111056,784.729690018783,31649.69464783465,48,0
45325.314744473515,62736.45799159007,652.4047769119065,27547.63185498284,60,0
43860.64413534135,63730.14833580758,732.2360939114881,10394.453834182028,84,1
73993.33790520784,84954.71371683566,659.1650077601141,32166.269201786985,60,0
62371.43406450838,38336.93748711255,796.9591367433726,751.2256760263626,24,1
51355.31908466647,12143.676699245443,642.7437934743726,0.0,84,0
65490.387849344464,86209.10973896747,510.2510659639206,0.0,36,0
30254.188766861036,54075.25244324337,450.13784747460613,6170.179455103778,60,0
63158.358717290335,54180.536236967855,816.8311119564514,8677.44673864201,12,1
64518.07478533901,31000.10235409291,697.8504474150859,13477.34646730866,12,1
20000.0,31494.34000689268,704.4256850041742,14143.501480705441,120,0
89870.81263111086,75401.67016312531,798.9647842291581,10252.425765634523,84,1
33556.988843190135,79539.67394412831,484.82650562740446,0.0,36,0
62709.29397619305,73514.70217239976,614.1398784768193,22881.850514159723,84,0
94932.35221605812,73788.84816336425,626.3930170384966,16029.878698229972,84,0
87770.30273141609,67070.88611779278,724.2275233207015,9554.846231789248,24,1
61030.00165706506,53945.681902344695,580.7359774899118,40970.31937059041,84,0
49125.02991353795,44738.60947037058,529.862625648521,16367.519531669534,84,0
88425.35725726702,86309.7154982466,528.9651349002893,20877.97598684263,120,0
80240.8493342586,38788.373885286994,764.941807627202,31937.752276746985,12,1
41449.0493986761,61099.37641642241,575.7467906196882,0.0,24,0
36153.190589949285,25879.610061372605,594.7982515678189,19660.84919498147,120,0
20000.0,30221.028894486488,713.4498150727904,31888.217810249407,120,0
64620.95525050762,42915.3629642832,580.1054591765101,18630.066459516318,120,0
57519.06764944804,25881.84869818509,479.50515772443583,449.86119971612425,36,0
94085.74123927628,73935.55476434901,491.8298826275101,12762.868325820891,120,0
70771.652804411,9558.97245364912,644.3192603284542,22834.799686154714,84,0
100026.87582518072,52976.88870143219,699.7328430365221,0.0,60,1
39079.07316251488,53975.24290526543,629.7754756149579,0.0,24,0
94144.50992902854,5000.0,693.0442703809069,49603.05343902664,84,0
44132.50862686035,36769.28538429174,488.7162473992364,27268.853415273683,12,0
83327.88185376817,57670.98614144428,495.4696459031892,42252.05841074421,24,0
20000.0,62861.839798822046,850.0,32994.76552261824,60,0
67054.05898098566,43870.78374199502,773.278427213668,25909.754647611946,84,1
20000.0,70306.64613442146,726.8971891898518,15363.811415847405,60,0
51985.87542174736,46720.512282918775,584.0275329265561,25718.208115772257,120,0
73210.6198163374,50409.5873622517,626.199380926955,41749.46286293533,12,0
44370.94346306713,57549.61606959661,649.83226828664,32383.083847511443,24,0
28486.87113732098,77809.98886202506,781.4346113716524,22502.15457270169,24,0
85383.55407887802,29728.45992753404,690.2782766445092,17414.793962005344,48,1
56896.116304592295,35395.343824451076,702.5913801287801,27474.85381206295,12,0
45312.880589079854,29933.105248123557,633.23450648825,12019.360890641436,120,0
61256.8776346283,40034.068515742,729.2665066840085,27477.11615621678,24,0
139100.07425836765,92787.02774239294,680.2322747431273,9530.66763505926,36,1
94605.08549344631,67181.75957989466,654.4022732745681,14691.186687718642,48,1
94877.2100456352,16067.307644934743,575.6915827813729,4584.418006752494,12,0
73066.38956977092,31986.591032339762,638.6428257898367,13403.554338585076,60,0
64994.558177314415,61183.01672829207,542.0467296220045,9744.085122706316,12,0
20000.0,22804.766572016888,645.9860994013045,45378.73086663661,36,0
39630.589606106034,28239.798775557294,658.89113579649,6582.563641583176,36,1
45582.767603925764,90348.78998522446,409.5481615393686,25772.529434118354,60,0
20000.0,31598.7311458044,626.9660460899496,5796.7652096962665,60,0
25277.52629353699,78640.0044808816,532.4119795395408,20703.44055014174,60,0
20000.0,87659.69568592816,699.8639325516694,24348.73102931584,120,0
58850.28492907882,27996.13726493107,713.7159743550994,0.0,48,1
84562.97912546448,23301.123303285756,607.3660182334683,0.0,120,0
93203.23555872985,41716.037405565046,704.9022087121916,5679.902131430254,36,1
72443.53386237723,17341.16837979125,709.1066936335061,451.44688927195966,60,1
31098.10976404293,53631.01635508227,627.0284160588232,21261.27802918275,36,0
20000.0,43830.442644398405,803.4286975303658,23638.70313132298,48,0
20000.0,60817.40047658905,577.4925062993499,4053.920669486979,84,0
21930.522682365045,91908.30368698464,797.1365703253166,21862.976553988323,120,0
33334.20905892976,74524.54942310958,627.4800570816794,13638.820793429277,48,0
55207.5450602524,64677.19326237069,565.6673646774033,18507.8594964667,120,0
29575.07345619095,5000.0,614.8451524195618,10573.650655911253,84,0
70169.27681004784,63301.27946307125,540.0610772270677,27314.85098693219,36,0
53031.79491601582,101678.82982113647,728.4557867389203,44523.938854065156,60,0
60316.371352230766,5000.0,489.72310219247237,31615.013234278675,84,0
94207.51658013614,70681.47628926876,788.9608553768826,40900.86273018676,12,1
24593.047973988898,45219.24275730607,556.4132798253539,0.0,24,0
72561.13734877105,24506.14990931166,733.6653371845955,9864.363465902867,36,1
59580.8031457178,74033.85751735861,652.4225861060468,28478.53749197023,84,0
49995.41157090914,101291.17701821993,677.0815283049596,42624.412623251636,48,0
86557.6896259788,73256.92186513261,590.9956628722637,29756.606403598606,120,0
86370.42463671022,38864.24146215421,685.2808000333132,4606.638719392047,120,1
31605.276120347156,21695.90526775531,663.4974288550864,13480.139977716792,60,0
54535.182484262274,54338.829013686314,504.20889318306723,25001.066548822113,84,0
68436.35047752196,76195.07877144765,553.7499997066742,17530.107175538793,24,0
51809.79755932246,38388.409212988176,595.9087888990193,8018.41313422444,36,0
77550.63996863394,41288.5102504761,574.500348187355,15646.183349833547,12,0
68435.76053730826,134660.00749515195,775.2810945383651,19783.459718606315,12,1
114976.83721068037,82359.55837879179,650.7014183847499,3726.180417836318,48,1
20000.0,84503.86035180897,572.1328652360119,34767.63608805102,48,0
56326.920307578075,6191.422818235638,600.9230175996961,13405.777661614404,48,0
32744.92465463427,28784.339621196188,599.5536916452934,18911.356605338086,36,0
78123.22366317132,52240.44918362717,621.1950527994934,35525.7905558598,12,0
20000.0,19965.873263445512,542.4670595280401,18125.02000841067,12,0
70389.3813067466,98011.91896667883,568.6068889402682,34705.38242662384,48,0
41098.54705954977,92309.36919771935,726.660691116421,4561.9870862491025,48,1
37975.14401636958,33993.63987847839,668.5343103366913,26494.338719244246,120,0
20000.0,103517.55819822455,634.76624534598,32589.835335709307,60,0
46047.721613969814,49872.43709840174,650.26228173151,7551.980022814265,120,1
92535.01590872777,127681.69152167147,645.4439243424589,17324.45611450392,12,0
59244.339494115615,54340.58391575109,629.0868895268356,17634.866230541294,48,0
78830.41253623423,67285.78250985267,701.7104838707479,23144.588257245596,120,1
109939.25465898825,91997.10323508675,694.3159985847926,27122.024260096525,48,1
67912.66754467727,88329.00049423428,492.82370267727845,6331.90702066534,48,0
43236.01283812978,65321.96198407681,636.8437814090757,19099.177125480233,84,0
74017.5664554837,45765.790416684926,499.4180600659235,43869.772603618694,60,0
43671.11561057124,65423.98099979357,713.5577203455706,35808.15187437206,12,0
44867.319501084916,25514.47484371655,726.7666556850284,31907.65767865755,12,0
20000.0,54564.01156592347,588.9221102358304,17108.30603098052,12,0
87787.72473253177,16720.774025060156,638.3241044665284,51932.46237090685,60,0
48419.92273051682,5000.0,438.85597028777545,35447.2128275939,36,0
65462.94737447586,51512.80292418329,747.2789814092026,20561.283018941485,60,1
28921.142141800814,87868.33672015017,720.9673740251402,23306.16073386052,120,0
73078.42889146417,77774.13924788177,765.0085261737527,13117.255178914384,84,1
37141.76285594748,47542.631128231755,798.6544140337099,25900.575367374582,24,0
55748.73834894527,102409.69094526488,527.5890707023225,28896.125505903707,120,0
86334.78093717378,32928.158274602785,738.8044201638442,30539.121268206454,84,1
83722.77936697588,5000.0,797.930444441846,17289.74161714328,120,1
59339.097824491786,5000.0,500.5422128970764,0.0,60,0
20000.0,14564.27178212849,632.8788788154286,23626.825192697368,120,0
149784.31710181924,74498.74229786686,613.6598016770575,30601.902588959092,24,0
112375.76910819407,30955.91949597841,735.5461864191498,5321.699894672029,120,1
81680.24474664895,63828.759255719066,410.605893365592,18637.511330069407,84,0
37403.88655227088,99388.50150751931,831.5957696232194,40121.987378605896,48,0
56592.23514894106,16997.091122665814,638.7462935805406,1947.87412894933,120,0
43697.38710670449,64354.9919538767,741.6094402017146,15743.984753173037,24,1
97915.67817289165,66168.89217967166,643.9762762308409,42307.08721907524,60,0
67875.08672555501,24177.860345806905,699.2125050979674,22365.73031170655,36,1
36475.084249205014,90626.3277573525,417.85817413838504,12109.822576396407,12,0
45877.34702625654,41368.7883335157,611.511762719929,19894.52610334389,60,0
93635.64427709713,38487.41057260972,734.7761211343678,32388.756984174215,12,1
108002.93540461434,113348.39655253918,678.8732346713695,16947.41697224365,84,1
105849.94690458736,65683.00227100155,486.31589072732424,28963.731724086127,24,0
82710.96195161932,77758.71649056494,656.1424893876613,23524.852380136177,48,1
52421.2539359209,90646.78794565516,568.1257674138495,24756.176155229597,48,0
20000.0,30485.780016223493,559.4580748826562,29923.12266512199,60,0
68914.80071424665,87494.63291161037,497.93057266832824,15577.578755400607,120,0
59945.137234676986,34943.1765500699,711.870262190713,5832.338706915696,24,1
64199.462889640614,33661.29831985108,761.3014443935635,27115.934081706575,24,1
61616.920410996194,41840.00083075592,850.0,18013.938308348457,12,1
20212.135141525287,31338.054951651357,502.5951608257071,13278.331611299242,84,0
76722.25670553558,74664.69297971489,726.7372161226476,27895.77933962071,120,1
78966.4894209555,58016.31965435167,733.3171370420908,39160.20621790545,84,0
80470.16346178978,35263.26756148662,591.9495322781992,17681.32425471823,24,0
88397.3101072016,70235.15099464465,558.2421614590669,20126.743078371648,120,0
78121.54934764869,41744.52687840962,541.4257679033069,2273.491713104315,36,0
47699.117653832676,40157.8888890597,597.2646756539784,16659.580873821924,48,0
57874.89456251729,51460.51654704631,670.262159585595,23319.356702762743,84,0
62733.746017601305,63903.81066998652,786.0112010506813,19693.338519683934,36,1
63230.983473198554,61695.429481322586,760.5338338010116,14567.662507188461,84,1
89946.52967915189,39102.52453241509,488.45830557313377,30887.625052003503,36,0
79310.06259067473,75413.33622318206,571.1156751399488,20870.115178674347,12,0
122320.3031870986,43328.175467610316,779.9640374309471,58832.046775724746,24,1
126194.06939654016,30350.46534173843,576.8907167404932,23115.788972841554,12,0
62389.48747841775,5959.350536979458,644.3085836589823,0.0,84,0
20000.0,79495.35442997064,479.47110653859147,3319.52586897284,48,0
97104.973983818,50371.702285820225,765.3033415512948,27981.78918904555,120,1
43788.70983038837,56326.17075531544,458.7251794148612,10350.353000883048,12,0
35955.482345069795,81374.08747098545,485.7189419213381,11281.545982556825,84,0
48046.641750318995,35677.81305206552,755.0817060836704,1411.5523407090805,36,1
46600.70859556181,8768.02254577614,842.0061679566556,12849.012940245068,120,1
78368.09430316178,52093.421066456554,620.9388915275085,22908.916338114268,12,0
20000.0,59238.846562408864,645.3137188137175,25787.535715818794,24,0
27668.377626251953,42114.528015188815,740.8279559782989,4701.565227533414,12,1
70294.7566259225,94212.12734228506,678.9447814697382,32081.09169974728,24,0
78688.32091239924,5000.0,612.6781820623336,2129.4636529261625,120,0
79246.24934808037,83601.6991369935,601.4546378614307,26569.341634868717,120,0
36388.911632001036,73734.60951092678,493.32020425150165,25055.701619550473,36,0
30652.0305220128,63703.123331013776,673.294177212022,5984.627224482685,24,1
44800.95498636242,5000.0,640.8083177930524,4200.267108740643,24,0
67196.18256854176,88516.66349810804,606.2153820887319,25734.356609073227,120,0
104564.3210781765,19206.976680923446,549.8185204437611,11601.762220959637,84,0
20000.0,34769.240648498395,559.946914670657,17142.509820351566,24,0
53378.137291249004,44882.220056297934,711.83769205067,30310.037268721866,120,0
20019.64676924389,62222.54103955926,738.1663648409047,27187.05741846466,120,0
20000.0,69182.8412657765,617.2883843709383,6260.832273581431,84,0
89008.6993603445,76785.21662957889,606.7520426753621,19196.312145547607,24,0
76338.73723498016,74475.60530235549,564.6351953385797,5979.271971607432,48,0
73483.00547841786,57587.81612639378,743.6820043574257,33049.08424934505,60,0
87630.7751919298,62477.67977172772,653.0995769655907,43047.75296422551,84,0
45608.43309701592,17277.388525332608,686.7900979327264,7323.570272099105,48,1
47020.87450999415,27469.195795429332,685.8470130093463,19532.493440504546,12,0
125571.91850167722,76863.80671024497,619.2298379466063,33761.91516996664,48,0
52602.86837221277,75116.28460186043,533.4639900156578,20363.165124924515,48,0
82053.96339162273,71713.98249333263,550.3866844314081,28422.579310706395,24,0
60191.44622889945,34567.497150304174,762.7885532647451,20774.09497266415,12,1
20000.0,77314.76395831088,577.4315685149428,4147.94438169336,12,0
20000.0,15162.666425589261,608.963768025165,21783.875257668074,36,0
42630.473401802854,82320.7942958682,536.560946462879,36909.254588495765,24,0
91683.03755009967,42173.87596262329,528.3933481073593,24714.381047113693,48,0
83648.7496990801,100525.11219021896,573.0835002971278,44355.114256837915,36,0
87422.31492672101,5000.0,818.8407184244459,0.0,36,1
30388.614631910543,102902.12137755565,715.8037391192429,25685.711744603097,84,0
108476.17470366941,39156.07012509614,597.3211128576377,10279.880222252323,120,0
31053.20099440847,38615.62231964767,758.2876794551995,6865.532583113416,120,1
66384.73196009906,55845.1645695679,634.7701126703554,40016.27912857593,120,0
59689.4313027679,29087.632615979095,785.4340046991838,16174.925334659314,48,1
54783.78539056241,47830.12996093079,850.0,14726.821080000482,120,1
100157.76414886821,27871.212041874365,752.8161739266192,25153.638276783262,12,1
38846.684395021184,28968.09407062439,659.4550955222577,0.0,24,1
20000.0,64606.578509017156,719.930987351636,40322.98909825503,24,0
60599.864586192576,22953.035140894517,651.5071219282212,48566.454711712024,48,0
48005.1979714042,26954.172949835534,466.40016360249575,33726.70167533348,120,0
161321.48757247938,8816.262507607731,584.5374585787956,26179.84610857096,24,0
80295.22429319925,34882.079601159814,554.8408404346783,16751.36859287801,60,0
47719.78274344127,89348.06089171766,582.3208958169128,3871.8152182672693,120,0
28316.652924387403,24621.990796910948,829.3671432639444,37910.95723599146,36,0
20000.0,28051.002044382763,762.2149742854658,33745.12434903307,36,0
29243.42742787701,55817.658394446065,694.0884801441647,26751.743823760782,60,0
63448.25315277395,38876.1069860142,731.2342950451358,25004.43334172513,24,1
102819.85954784308,116844.6330004895,460.7886514094144,24508.8862079796,12,0
93650.67427163757,45124.1610597123,722.8183713089529,12110.949203160071,84,1
66872.84494939138,60056.55038652115,743.9624316202168,57517.53241897717,60,0
50304.97002892546,78313.06354397966,426.0252812312717,15715.646892165209,60,0
68064.37069236462,77737.33597588552,726.5236753779399,13599.437097823418,120,1
44440.860075462726,56998.62744672138,507.59263573329144,36809.09468067724,120,0
111550.91987291627,45166.17539941996,452.9994643553968,19561.913413634782,36,0
54324.2945617476,110720.8560913777,782.6318216859579,19715.082271207393,12,1
57409.86425259819,47007.191740572,549.2950952387657,41218.540581197056,12,0
20000.0,36749.29686714558,578.4053260615623,30179.228683255646,24,0
54136.954604317085,30624.530351179445,748.9604542757345,30941.27820161439,12,0
85094.52413894824,5000.0,619.4761727747599,0.0,24,0
27968.322688843644,74648.47256711489,631.9834626270917,26008.102679135696,120,0
37478.38996521561,5000.0,629.7913093562071,4915.880966076844,120,0
83781.33053200995,49828.314772852376,684.7598770974786,13175.08989882617,48,1
20000.0,43854.18097185845,627.3665583609323,22634.61904344229,60,0
91734.03022625756,117198.95576694343,661.4126074359101,19456.85296886623,84,1
44035.683294806935,5000.0,599.6441874587294,29813.27459043158,84,0
48342.953385263914,22966.901390469287,685.1819589879362,31560.494777624153,120,0
26283.647846232176,45917.10623955052,681.3843031904568,32684.507589239332,60,0
71341.3878128365,44074.11987592495,839.7885837684182,0.0,24,1
133796.15955088142,33513.662275698654,611.8749050326297,55439.87393055316,24,0
83444.91718381896,47570.36271793498,631.583448219502,19631.316968361924,24,0
34071.442141783926,12213.11813390776,673.8824325937042,38194.00030500815,120,0
94068.61756474429,60715.78636984817,746.4435644314719,0.0,60,1
50499.613621972516,5000.0,540.8414846822799,16020.068003544418,24,0
101234.54944282677,49226.91932368229,660.3576521775068,0.0,60,1
84200.2920649309,31989.2991720928,399.21739639449333,7079.519450614725,84,0
20000.0,80488.63828269907,622.8468083277604,20758.336273757246,120,0
29877.611011349178,102659.33211899914,757.2727030099361,14978.758422187106,60,1
88331.55668506169,40068.43493748927,577.3857563652682,39710.25510696625,84,0
64549.718164350525,91721.77787424292,667.6837615285312,46534.87995460027,120,0
29287.32156876448,40516.511581087674,597.1094425616398,5497.48680901952,36,0
40992.31453518562,21016.204306127296,564.0597802266317,12683.522519482096,120,0
20000.0,102377.1089655686,747.1485998268101,4533.6764265187285,84,0
57348.80137420812,65623.2933420202,545.4741310154346,37338.502691261834,36,0
126320.69178047293,50133.15567829443,679.2965293863093,22385.654070856217,48,1
84148.00172196978,70615.32425295946,680.8351620766159,20484.96754943522,120,1
125712.5100356527,58226.45105390502,564.8200482961377,24686.99616091003,48,0
86471.91269369941,47923.41776175446,665.5685256957629,15332.436634260306,120,1
90824.38030058076,10206.95518076011,556.5052162532023,7152.949612452056,120,0
119222.36063235071,41883.897885162,702.1791874909159,20765.82130686195,120,1
71317.8977802668,68697.66270375418,518.5054285357106,15994.87452443846,84,0
54383.18035479359,46316.85722939568,616.0394496808159,25205.36115912022,12,0
90979.72549866037,77069.77283391157,624.72283403421,0.0,24,0
103615.20711365654,61509.65071600367,761.295533821067,22795.378740699372,84,1
45601.06071863373,23655.910457437793,664.0043071711892,9661.309912949364,84,1
38352.927529799126,10424.841265036288,745.5013490112059,22269.574061203333,60,0
64165.680972926406,45284.645002094956,705.4691048489879,33576.34414056126,12,0
84944.96600794986,34273.146556862375,704.8303000895759,11656.28373327195,36,1
83942.73145984685,60089.654288650585,616.8066809769932,37950.807736552706,60,0
20000.0,28455.870237118106,752.0905883524887,0.0,84,1
117348.18201189965,31538.230227353688,614.3829590697998,43157.432457820796,120,0
40765.052118094485,81592.09152784737,477.01745200698923,38577.410785218715,12,0
52048.05009334262,54446.08905883694,628.5212831533107,6701.155461343078,84,0
32920.36920036541,28918.18803718121,695.3476404644068,6826.618818274117,36,1
140949.86507811263,50529.25426205059,489.33742812871867,0.0,120,0
67262.12010863902,91367.33729005048,561.4897641279614,33820.68188180961,120,0
34470.74757955305,58813.60064824168,526.9411559822645,15043.83780976704,48,0
85917.70649887338,67788.52428275389,728.6717104708964,13943.451499117906,24,1
83074.073379301,27432.963904176722,817.2862637012496,3157.7755589211447,120,1
54368.189292603485,80792.58131403802,629.0300845786784,47179.60841653141,24,0
85218.2013835015,119543.06781391405,703.1530363068259,5408.586055251908,12,1
35241.24117507407,26255.97072461439,700.5519365899723,20362.492080878546,36,0
45212.45175152243,14543.18076884032,805.3796946439961,23239.545645885417,12,1
20000.0,55266.26731505444,584.7447096047393,14019.932257365417,36,0
20281.46747341312,76265.1514953323,628.0121035241675,10986.639265623691,36,0
114228.92417012058,47258.30983849216,615.9231350575942,14461.078334398077,120,0
109242.85883166944,18403.808118720117,657.5367240040263,28479.999991294928,24,1
61973.65945946887,46742.4751465883,850.0,14794.14267482191,48,1
109887.94341569513,67942.76818332364,653.0811115197313,44383.18530949294,48,0
55197.765401750854,37789.04519161822,564.528934739294,8344.419712946068,60,0
52697.69092296276,68217.65053264765,534.5502773106881,31311.60129005514,120,0
61695.31945396669,84941.3235571973,775.2645007313047,0.0,36,1
56252.352140293035,57206.91877311343,564.0745496021921,8346.124477460167,24,0
53544.110293194586,49161.56686165122,716.3586959199096,7755.6175088117925,36,1
94301.94321448659,74880.31775678846,582.0308670741372,3441.2970025450923,84,0
64504.069618686095,24316.975176883087,523.3307263416827,24252.087608834066,120,0
81374.45293301414,21358.70498921232,710.5199600301821,18347.192096117808,60,1
90941.41575831993,42002.83145213044,586.9255133236468,0.0,84,0
71645.573869642,35243.61635556599,692.5425639238894,49933.031588787686,24,0
30891.860222752835,25899.74074128574,699.9282940846044,22640.242915156443,36,0
20000.0,104914.05424996323,704.6265245012469,20017.66031773618,48,0
64463.419044219154,115159.79628482874,623.1851316056814,39651.782728954786,48,0
54862.31085525196,39388.84873233253,718.6183556504708,34832.91334087251,60,0
62621.74286760365,52751.56849245096,557.7453671551917,15527.400591522526,120,0
59518.378822542414,44364.71539808627,404.59097489358663,0.0,84,0
137507.20980499702,83224.9772035447,720.6892173120108,28465.784679281976,48,1
20093.21233075986,89169.36685520141,666.559050483747,5557.307378770211,36,0
20000.0,5000.0,588.9921755986029,38588.966878841355,60,0
69971.30500558829,64280.324001968766,502.8847238024955,8357.54506103461,84,0
48707.323362354146,10795.359765165544,446.3421701164657,13221.996572150392,12,0
69482.03609189854,102748.16473625835,655.1743348208972,0.0,60,1
77516.49066852004,63207.44090631194,814.8785965729952,1065.5695849574913,48,1
98523.14085536692,25299.513849120915,636.144258356902,18363.86928951641,24,0
20000.0,42760.358361864404,613.8664613308455,16966.107072605995,60,0
43298.46306428511,41330.68225201525,647.5632157504157,12861.760797187264,36,0
72862.83776642292,65753.38828657447,850.0,50795.1743601332,84,0
83113.9078706168,81257.37812532435,725.1904226653133,29054.695491798622,60,1
125803.48650865158,15553.7812408487,556.6424748299611,20153.649843893792,48,0
88671.11913341601,105162.63502736342,652.8103903902103,0.0,60,1
58296.34212341168,98170.70323462531,683.2436911154941,32386.52343041476,36,0
33286.92741172015,23740.29297226864,544.3661133421156,64918.0444717117,36,0
43071.30441842943,52184.05383086928,725.913662234256,17180.746167169353,48,1
42218.91531128681,101324.25632342948,568.2191202855646,7842.31215301727,120,0
79657.00885541282,86987.5576003245,498.9054232659929,22449.869821116517,36,0
67709.92336757491,39897.70909856313,657.6133553839778,0.0,48,1
20290.51287473463,74430.1944370362,641.7844140509645,26930.908163999335,60,0
46922.95592728701,139915.94875157415,649.8978097797306,42503.28445905866,60,0
86326.42660354261,53154.79945553636,573.5355382337212,9936.033491984545,12,0
70549.87064922178,31020.55245679942,587.4887382128959,10420.388258510939,48,0
77059.33848038311,55172.595562741975,762.8446660369111,18804.56256904489,24,1
71487.6513017179,57396.56286491954,694.1085615000749,12481.711521533933,48,1
108792.92203826578,34263.897829997055,554.3253923422715,0.0,60,0
67081.2919147311,63248.75203442651,454.9303105579893,14221.434611231725,84,0
48419.31606387906,12367.968208174963,558.558359788779,11194.861710379479,60,0
32527.348765993185,30033.983989739623,665.729907216019,40498.32295001412,36,0
67488.28374629136,72747.34328464392,586.8068281645558,37330.62078180017,12,0
20000.0,5000.0,579.0349794823179,40959.69462870396,24,0
54471.329945018646,77095.0277598433,591.0839561069337,32025.87502545063,120,0
53824.80420235968,5000.0,642.7292437263712,23086.743672216133,12,0
20000.0,5000.0,728.4627912958349,6883.87958833445,48,1
32152.024840320122,35030.63770832344,649.9580796054307,39891.73441478197,84,0
84289.72590444723,58605.915284580515,656.193702151765,25216.841551163554,48,1
66921.35247224888,89757.90809382166,627.5139636117179,1279.5447839742192,60,0
63053.65001121983,51728.68289478787,600.0643167845261,6291.977117181319,36,0
69190.42601796068,42603.3917727203,739.424087131993,1043.8222690467592,24,1
62778.82763846771,67387.43743954413,724.2402067844196,0.0,120,1
97285.87688574943,23873.03538596197,850.0,25827.83277423695,84,1
63702.87545110946,54182.45478039219,711.0564298389253,1431.8694225117943,36,1
20000.0,14016.6122613392,600.1585678192537,8660.820787538742,24,0
108903.89894623231,52477.71550626239,559.534869088981,20582.594429716515,84,0
71110.20801986537,46104.9102245179,745.2945260711616,17181.606141691205,12,1
42322.38807614797,25871.96235651748,568.501311568989,9298.372380077437,120,0
22397.948451149445,54951.219096132176,730.9736686522072,42783.93519592637,60,0
71877.42662874136,54756.48959478929,574.0086006107387,0.0,36,0
56484.83985076874,85263.62037017405,684.915838378728,0.0,48,1
107224.40358097226,5000.0,544.0248785133638,26867.658613828055,120,0
49622.781579995164,47718.53276908872,727.9885354332081,10608.005534740501,60,1
34878.57630952599,27192.12800889562,526.6328344490751,10021.283352972225,24,0
86873.88654707785,76092.86174528876,677.2957329506702,3814.459532810579,120,1
87758.45678150494,72617.36195576399,630.2160065772988,25073.017797154516,84,0
65059.541028305866,65236.39535205863,660.180643722626,23384.478119196945,120,1
80290.71143024725,28885.00225791611,610.4196165838366,21786.84663010171,60,0
58869.386377732866,76564.11748820286,608.0740052629009,11255.646180184896,48,0
67015.95303027741,5000.0,665.4781204009772,8734.555948830422,48,1
94949.72647691768,5000.0,549.7861621910148,17553.592421422247,24,0
78759.5500206451,11723.870002942283,549.1977938333323,34498.09713854768,60,0
54921.76685002126,48995.755690192826,614.1450500361589,43522.3909720485,36,0
100570.87637778452,70254.93202964881,610.2529860280993,36670.329695447464,60,0
20000.0,5000.0,549.4603536195625,27586.060128439494,120,0
121562.19934265804,89682.28495639359,742.4214692914665,34732.64259257799,48,1
20000.0,53933.36588535303,616.5526581568395,2270.9619516913226,84,0
41187.21525683112,5000.0,627.3337797003888,9293.445881213589,24,0
58772.47394414793,53028.40910868743,517.2471674030453,27865.977585512974,12,0
55605.57987815516,82775.76244035258,850.0,18227.586994273515,12,1
90192.33120079665,67983.23045918776,850.0,25062.595692295185,84,1
28264.901441692968,82972.19187661898,571.9601421595652,34691.97786535864,60,0
67823.0045244919,9012.60111808667,772.6086381169098,32360.42426646239,48,1
42653.63705340738,37579.842945847864,640.818661626241,3635.547349007038,60,0
68854.2293801225,22259.233084294036,810.3769592813106,20177.66459147812,24,1
58056.83220606371,101527.40615132955,683.6233086400387,6187.661272079213,36,1
62788.06958048933,69180.8853045989,659.9762168767398,8340.229420398746,12,1
43502.25502606963,135410.28766872923,400.0730460381418,0.0,60,0
44698.08149711753,35971.71399748318,562.1394026573316,22004.006635318226,48,0
68618.17542082281,28259.77364953086,652.0520669574943,0.0,84,1
88311.46517268133,45715.20084214548,669.8666252703979,25911.99858278266,120,1
42051.61997406457,91350.71664267647,528.5166286062615,40376.71416474157,120,0
33936.97366281271,39016.40931873958,577.122847132372,27955.041784707697,12,0
78403.8049701551,53733.12793720833,705.3447017250819,20778.3253675364,12,1
59024.88320826932,52900.721086604586,511.67892702666427,43016.72188104644,36,0
84914.94401957856,51184.90283606568,663.372972372354,24911.685460543413,60,1
32826.083598865574,30428.046186125663,773.7953531489055,7058.850210696963,36,1
20000.0,45881.267962689,688.546962911182,21876.59677596731,48,0
44009.87754520997,44596.921959459265,683.5486743165977,49395.372508912245,48,0
37009.42172204952,49773.06020976052,447.98485508222365,3610.417480365235,60,0
57636.347997591,78305.50454458124,567.8087223582104,0.0,12,0
40894.643571888315,102818.84103873477,850.0,29223.62971012309,24,0
82230.50854009348,24786.957119908795,590.0838082454068,16639.202480553697,36,0
51355.49212732451,38240.19125636855,776.4476209547067,12019.971867502216,120,1
64514.23496321703,25249.643047814403,588.9159110643717,1112.3086969724063,12,0
64729.03675322832,55613.04611666818,622.2179498490536,0.0,84,0
65848.65277236562,33849.51627467069,701.5586845353519,0.0,48,1
59276.1266863508,57193.90501225966,660.069301599401,44223.8828799104,120,0
75318.0207123094,83108.8073133436,688.151245100108,19866.886352832833,48,1
36130.34598522577,5000.0,568.1609745273013,0.0,12,0
101982.53779961649,64753.39668802073,536.3729810531244,37761.28907478145,12,0
52903.878498943945,36194.38853306363,561.4128385609499,38522.509505209615,84,0
20653.525863039547,63812.668039531665,596.7681858537634,38438.50933524254,48,0
65642.20070975319,23105.91686749399,627.0718617942589,13662.03035774,36,0
34464.58552657545,85887.82964920625,753.727538063982,15967.840823861425,36,1
79960.03603526625,77398.41854120852,658.7341456025048,22064.417955621266,12,1
126288.16728127132,67050.56445627929,698.4597102508585,41015.69761992026,60,1
36402.8372532645,73796.77153430296,664.1601012580132,11676.48471367049,48,1
69971.16999671955,27631.385984834793,538.4565746471224,8683.801331289289,24,0
20000.0,31411.287359321304,651.7269526005649,30435.15302535738,48,0
73617.15688324042,72573.08602452438,663.0782110191536,38138.82100774492,36,0
33428.586006009304,26968.12571694164,725.9923221341307,19208.13958675164,36,0
41254.96144696553,93369.0513997426,543.1411930356535,30056.59861702909,24,0
26961.405304805157,40292.26786156905,445.958913485164,21686.701461110497,36,0
81964.53678164206,65056.83169581866,667.6263815170497,16231.33090843218,24,1
90219.13072419788,112977.4855776527,685.385000158838,7560.827022712228,36,1
60701.55643975523,28813.299377957705,632.0615193682952,2692.101478295768,84,0
34067.19883992841,52062.852525343485,652.8020900726791,10778.509073442296,24,1
107685.69108311587,81625.49493911922,737.8772378582805,5359.112211972153,60,1
37487.696167360315,78538.32166629595,604.1194423472491,24252.23799589145,48,0
20000.0,40165.54069281925,622.1359157841421,38263.1865112518,36,0
73751.67029871205,34498.08687434438,657.9036444613832,23060.140270563494,12,1
26856.7597907545,43005.92202364845,528.0185320830657,6189.449904699939,24,0
89658.26380497524,93435.73298454093,634.8102774952246,32830.65621538939,24,0
48565.86909979743,41626.824309201606,643.6256682665794,24453.22244149563,24,0
78111.39721632589,52343.47077450395,813.7042214320275,27422.390310676703,36,1
102045.01039656474,37196.40587229725,620.188434237154,12209.484333764565,48,0
23734.234061378345,71166.4569438796,670.0011239944467,37000.64858477739,12,0
43021.88607322783,54665.75112750969,741.8617605389742,36923.985472684326,24,0
57729.8678202881,19896.98567725313,566.2515274689572,17238.992830123418,120,0
106126.5395710303,20935.27657895017,787.5740386876166,30776.77769904386,24,1
40248.51846178663,5000.0,826.3870232057278,36522.33728107502,24,0
42164.889121529784,25060.357726231516,647.1103712351324,13019.416608672189,84,0
74344.21726667426,73818.37410896516,596.057393854062,18781.42028547793,24,0
42683.138228682874,89712.81614036803,812.7119424390388,21196.8703580361,12,1
64575.776486928495,70566.75089651553,729.5630872768148,3532.6976263130346,24,1
20000.0,66638.96601922045,658.1969204663836,26624.93767331611,84,0
126429.8982766979,46204.21851414051,792.6843819615702,35337.842233991105,12,1
20000.0,73247.43664741961,782.0992188549319,17841.709756732285,12,0
50347.41888029375,58588.34669245653,616.3743046041777,25097.750815284016,24,0
59025.56892473716,104133.46915961374,674.872985329915,40978.71193877264,60,0
117380.64403070387,47046.64057469754,707.6792487925957,13922.72187795578,12,1
20254.626572017798,90290.24251208393,652.8730029887852,25403.974964405053,60,0
119511.12406436254,76223.4224545358,510.91294090957194,11452.816974954892,12,0
82715.30463306067,72063.29858612476,556.1740496301753,11043.405513958787,84,0
72512.85973269738,5000.0,514.1737214539774,25128.39892209181,120,0
30460.989389461338,77875.68684643132,699.2924303024004,23620.54350969931,36,0
77134.2372611422,46174.7606327254,531.5647682876256,28326.04759291547,24,0
38295.401327406,36682.20516695325,669.241807081743,21142.38124436674,36,0
97999.83759595237,5512.608764662604,833.1903826275158,26977.14225948732,12,1
30868.13912676801,49832.38598095451,792.7770184912147,44982.78458107053,36,0
56605.24516631748,51006.547904547275,466.25833530660213,35898.656079583656,24,0
43341.80735960485,10909.942345555864,522.1298529228993,25075.725481167327,120,0
30374.31112719016,5801.594813189244,572.3483575820142,27573.60497505006,24,0
82239.59450723743,64598.584403843335,533.0976310780633,15516.469797436963,120,0
76063.762422289,76151.15393184131,484.61856226782663,17612.163632931064,12,0
96270.30596702991,55708.487297672655,648.915966027476,27386.913960071983,12,0
20000.0,84525.03949053088,720.5100549416563,21314.753370737886,60,0
91925.12107023131,47408.45046945504,745.4034038722888,31895.280143472784,48,1
135163.46716070682,48369.461767993926,602.5523829256191,39006.095051690376,120,0
46450.767324691595,22489.15913777629,622.8096299684408,18473.510585093536,120,0
116854.45836326909,5000.0,685.5677245124756,0.0,36,1
52105.161838205204,105639.86401578755,639.1514438160851,50512.833886859175,60,0
20000.0,83938.97150749239,731.0606776095802,10212.583503931222,120,0
50831.02672779613,8224.62298584565,693.0364862834514,22927.425546480194,36,0
91446.11903025827,54672.55723493842,612.369557648597,30912.384300904607,24,0
34854.70553005405,46998.61066689,464.3363688346557,41134.60308264624,12,0
41989.840229805384,41780.225805108705,799.9031605481994,47090.5131285519,36,0
77806.18296879572,37729.46456555182,581.3917710555678,14541.902933488098,48,0
60091.803502157185,61438.074409039364,685.7558645730261,37845.34650414391,24,0
77538.68857460222,74545.26576414423,458.34083312809025,22969.69870062297,84,0
67134.88622275008,62071.73507084616,648.8683416614195,61148.055053185635,24,0
74388.75958654718,46384.44876862419,660.0261960862199,36506.670863900596,60,0
47030.96442571377,45283.1984932664,664.8602072547662,17337.888673815265,48,1
66951.92826091178,78104.42950768,850.0,8103.9077420765625,24,1
32178.80982912199,63903.34814348187,586.8881626206567,0.0,48,0
98653.00867510165,52180.683891062996,732.0664226956693,30120.138948202075,12,1
40971.75849548059,48922.96107199677,702.3232452209377,35126.73136986131,84,0
93865.42462648169,60358.11528836867,582.1361007332414,31181.90666599937,120,0
52991.791170514036,35949.539343216515,730.566940318093,0.0,48,1
66059.97032271963,74646.16451924632,633.5679063069198,1129.8351546580088,60,0
45151.06347327898,17724.243144864,737.5243217576718,27212.352168451805,60,0
29520.13706495913,37656.30470700555,846.0962623421715,46782.85603221187,36,0
20000.0,68333.18286338072,665.07988906341,19166.692959159453,84,0
28340.275242226213,16013.515599371807,621.8874770931549,36372.773848875244,12,0
50282.73440352234,5000.0,755.1556183810413,4483.897648422544,12,1
66356.37536486652,51892.3302628772,789.6653165934341,23106.920489784858,48,1
90311.3793984979,5000.0,561.6742460607951,15880.098035652438,60,0
46627.27620609453,11035.893378444154,604.7042910461925,37813.8421074636,60,0
33541.17707198478,72697.82355519297,717.5423271841262,11902.455035954255,60,1
20000.0,43856.442271827924,636.796798958528,45155.1902579741,120,0
74401.90853712312,88564.60849126955,554.5667987013213,15384.312745700183,12,0
101495.8354598803,13855.569771876348,704.0694827895395,3952.055057717498,60,1
97989.90803868866,47181.42903103147,717.1489715706773,4455.390233931232,36,1
81297.98244441712,61987.53659623278,616.5614244103025,10663.593014782122,24,0
79156.29951802797,14884.552096132735,656.1348765331237,25558.509918840748,60,1
110928.71339128024,80952.85713498874,592.3426931053881,10850.300374383158,36,0
69962.44384250432,65320.366494981165,540.4762574088028,7692.839365235421,36,0
79383.89028072514,5000.0,600.2935393371813,33347.12077301609,24,0
50376.48414444003,48867.74611374198,657.3932350175907,0.0,12,1
20000.0,61578.70208775898,502.49107785307035,13551.775453465249,60,0
39484.53298501272,32298.299794158276,607.598706874784,0.0,84,0
59725.22884396034,5604.052834735587,658.7830130592739,6971.683424842675,36,1
61823.56117503909,58353.76368342231,769.4659910124867,23656.248853836292,36,1
117788.5756456618,116337.28850847685,618.7407645199469,16921.510324474322,120,0
62438.31502773206,38390.47702526928,525.4097649890778,15566.510532943495,24,0
95365.30332076931,97077.23543854126,629.033998730227,37842.63318446398,84,0
46947.68275271052,27431.335347155953,593.343069590991,19795.727603803694,36,0
50649.723427042976,56466.369050298556,705.2178555057363,47090.85310410368,60,0
20129.77088329655,73145.67592628358,616.2094673637771,30682.876670011476,12,0
37730.15961370285,49747.59002085905,378.94333784207294,5499.354177015366,36,0
75809.44174091259,41067.93053356306,850.0,49011.37955427282,12,0
60226.805411823996,71783.8256405112,664.236329159093,24171.580167365173,36,0
88288.15859691701,106743.65345807662,658.919151030858,48076.217888598185,36,0
65437.61845035151,59017.60773917394,495.8590028002968,16008.566854508614,60,0
49426.38805086775,34518.194704089576,503.5430734038388,24083.4762111189,12,0
124448.90591360877,44307.453282209506,640.8051042326967,26481.71247987611,84,0
57182.89293860858,125591.22936936123,683.617133231164,17478.293386734207,48,1
94890.02909115911,54047.21349014383,720.2114139176753,39078.79993380329,60,0
47963.72380365967,32167.589042660817,673.743765731826,48988.73012756463,12,0
81287.98438150699,15647.9625055238,531.4057796831866,0.0,12,0
87840.46977455061,5000.0,399.5533390919951,32222.27562487267,12,0
66254.75911726741,60907.5282153857,639.9777650621795,6582.442852232221,120,0
20000.0,69639.25978473511,596.6025329390872,0.0,48,0
60547.57382568339,38099.114601043795,523.7428275887715,27755.27384696289,60,0
96913.80143279926,49550.887459071375,732.8058224105625,27789.10246249818,120,1
75824.42499083192,14886.148721341284,492.44232508200116,30201.907625928263,48,0
73375.16625687739,53987.85394482503,711.6968839456582,25565.41816855287,36,1
20000.0,64444.85961701373,508.9862024982518,33125.37834925513,24,0
38386.34787974824,33945.07198497087,663.4088685583331,10954.267979836333,48,1
72340.72893454318,100713.58008757519,743.3974322018622,23950.015837323775,36,1
72311.49830360676,24886.81019759265,616.2066684397726,30472.49402642854,48,0
96440.00340398707,58504.29812056947,818.9919834506821,40294.34183839064,12,1
55653.99734561717,75449.51659113816,841.7886325593504,20657.682091282008,24,1
72174.72260021443,47681.31499551852,673.7175000019655,16793.06652053735,24,1
60491.22725793881,44345.69543316526,704.1385370590273,19171.41658223502,84,1
30391.717904953293,7134.015486510136,756.0708866316519,2096.1034183086667,36,1
20000.0,90720.24487148851,704.442637248549,31544.364285819378,120,0
72930.2907639023,44903.20394997212,693.7243217598543,0.0,120,1
65218.41625238434,66120.96274804475,597.5930597223912,25864.461545560436,84,0
41454.74873699493,70181.61463580423,481.26438248222877,21268.61333389181,48,0
20000.0,31151.045239467407,510.9904586750523,0.0,48,0
78892.18543226214,44074.14187126355,850.0,0.0,120,1
52022.39777413344,90034.47052230511,682.2458957805001,7194.627905303567,48,1
76706.24167104436,16484.07002778665,625.4316518608669,14840.870337570956,36,0
115921.45591235274,113837.5422427177,776.3327259117909,42207.18922477121,48,1
20000.0,27653.81644171178,575.0542027138171,18338.972505068014,24,0
39011.97573892909,14614.476300784649,708.3108267413188,28197.304035078738,24,0
53718.731600642604,53969.27062065604,657.7192033560038,38999.08065917159,60,0
103644.78522439951,116250.44793019613,696.0027501103602,36097.50936728896,48,1
20000.0,5000.0,616.3590130706143,19894.10430694029,48,0
118075.83077041814,45769.52844530923,553.5305692709619,9417.120866799209,84,0
64075.67704698871,64287.95051769667,567.7128926860358,27482.818395415292,24,0
57119.98014798425,51009.49875606594,571.6115797739702,9716.4227219477,24,0
54058.20710343281,61457.650100090286,649.7029687677845,47222.06978783722,12,0
46912.10903459914,28459.007534831777,494.38648195260566,33016.97749152859,12,0
91443.50277807465,32008.34462205857,525.2571384977907,23130.444561255084,60,0
27944.377377526835,45547.320585224006,663.5524297529203,27690.076490928273,24,0
70362.4254493156,16103.357362917464,637.2324955586085,22674.297342703965,60,0
48474.550028790734,48659.40795679431,669.0231534256699,14475.055551295649,48,1
37135.996544577065,38337.641189854956,645.4956465666891,27479.14892359376,48,0
137579.25527051688,35898.644445353944,850.0,16356.62149524219,24,1
72571.5220426038,59615.19237795913,662.6738433990873,49050.326486563354,36,0
78397.96633983431,5000.0,612.0920350512724,9609.448995972574,60,0
94133.30342005988,43127.29689850539,660.1131785361509,27631.96137894862,36,1
20000.0,119520.61296844583,751.995504251033,8259.10260448734,48,1
112568.75727366094,17416.70941023125,645.0371610622535,8102.537996999317,84,0
20000.0,88565.0148945324,718.4728358636246,0.0,120,0
36937.00769884438,51639.68362738096,689.6045964402216,26172.12657159649,60,0
46229.04980463299,31911.265733557455,620.9584423157356,12013.011334321116,48,0
77451.70094911518,10380.750214105807,661.0875798881951,36250.842782244785,12,0
66561.54798424464,54190.45895855696,809.8922114192076,26199.43088925281,24,1
54995.557779048206,93601.9131744403,674.3078295037965,22223.369870439506,12,0
59640.07966116828,38323.665644097084,551.3978975828929,0.0,120,0
30659.309294322953,47571.1572578968,618.0489572867125,28773.57957301902,120,0
20000.0,80311.12550570996,438.5752750267195,10067.807721208248,60,0
81795.3486700818,60226.12374038843,663.739870675288,0.0,12,1
80811.18337608557,5000.0,781.2062343782814,26457.70219293227,84,1
107534.83125471175,52966.61647565551,515.8594231866145,1125.6106921383398,120,0
36299.48709554376,95367.04731996794,664.9732734508049,0.0,60,1
80784.45630902768,48891.76440597505,748.5431805869287,39457.0168220476,36,0
51488.79814905805,5000.0,759.1138633196484,11589.019957160008,24,1
95714.24955580448,61646.449747732186,777.9801172275832,0.0,36,1
90658.88330034426,44046.30681367892,463.17461686544965,5561.122839853888,84,0
66336.2819767337,5000.0,700.493095461181,9184.226043924842,48,1
49814.0953000204,5000.0,499.4434814905395,37163.409354409654,120,0
88827.96535824783,79253.21429866426,550.1667863427529,0.0,24,0
79407.13569769697,28028.5176321476,732.1122259608507,0.0,12,1
39466.78793741453,22775.108577920244,665.8047121851617,34706.04492328601,60,0
20166.03979561707,48930.843172049936,722.6336074239374,13254.008066322314,24,0
51344.01297954611,30673.910050401835,557.0883395198301,23419.291070170217,48,0
105462.41446044628,53001.458833332355,797.3603110162876,12636.120048982175,120,1
94394.61476199115,43918.39911689989,718.8333933841051,50308.55235232982,36,0
26630.17590988258,14000.132597190706,738.929811929346,654.5726611940554,120,1
24967.27752300237,34664.066043158455,541.9833223884864,24231.735009173633,48,0
98240.5154903846,63282.59963927313,767.1401240212618,42544.34880886123,12,1
25930.922857265126,51257.54120715876,618.3838423359597,14375.209845901009,60,0
75278.85970926024,47541.72552824506,588.877372985461,8693.38916886217,120,0
41517.86353991029,108121.52723538154,712.5463540045662,31506.54546225712,60,0
108511.34773565047,71931.12576156607,708.3211774787939,35060.97215414566,12,1
36887.25602586364,75573.23794464028,565.3181152242662,8001.444725130461,60,0
94300.84590617484,45020.947766152254,850.0,41932.94890858156,24,1
65545.75962181094,56604.35571053825,831.4350576389775,20768.316382218327,24,1
67565.8456270286,37067.00031422922,710.503514081177,27631.419441924005,12,0
20000.0,73326.49296572385,693.0403422731688,42324.217858092685,12,0
20000.0,46688.002877028695,682.9786226260296,31531.703386825982,48,0
53383.02179198058,56671.3324679167,495.00033739813284,19996.262368727388,60,0
67407.18190249836,54818.33906465505,661.2807387921463,9926.118402236085,120,1
26244.0651678683,49454.993557836366,659.9541581895749,60627.58476023524,84,0
27339.197685709736,138145.6420146731,592.3988313761619,8164.757329200818,36,0
76844.17889478398,30001.421675158326,619.0650827998415,24771.936409704074,12,0
76885.63441371391,29728.65409523923,411.8707605284527,27649.84081051444,48,0
55867.768188362184,70822.9024043527,540.2727069875009,28359.642029274146,12,0
83406.05163558225,32144.930027744624,742.182629150729,51920.253978597524,120,0
24773.931128395605,41257.80915953321,823.1196901639361,20713.555926333982,12,0
49321.95248739088,17407.671399331455,555.6619314704229,18574.010962045486,24,0
109436.3281735102,64746.73758207761,668.2848654975938,43284.170864113126,84,1
62049.66389819453,65127.71733452455,759.8382329397317,17961.737808999627,60,1
63789.37543760998,40544.23820229666,597.9784974105246,33140.36507028653,84,0
129178.39757903219,71444.50065440217,717.6248177234615,22915.84757894959,12,1
20000.0,5000.0,646.621030441984,33814.6237423574,60,0
83892.91099926332,28794.397954569693,769.0401988425349,30881.72415630053,48,1
109919.58839424298,44900.62441367208,521.7549260331377,13953.31850897329,12,0
50254.26220504362,14831.525092911412,539.5423371232347,0.0,84,0
85788.92360564538,5000.0,677.9539168942811,0.0,36,1
30539.41508367286,40763.12104884659,659.6206099900437,0.0,84,1
39398.02813297945,70820.60261182225,644.367610350667,18632.050291081236,24,0
71548.99248142903,88463.25174279537,707.5834160204483,0.0,36,1
83957.00019331771,33581.36350383882,556.9350435442263,17600.14519438427,24,0
93628.09537218738,71996.47512864781,513.0564388378572,22006.51020606489,12,0
107088.8576081848,69096.26114227003,599.9891891971274,32843.396668958776,84,0
57976.603243344536,86558.2452300349,611.1721441301901,27565.695089902838,12,0
95808.35265517764,39494.26908937995,621.6252818942089,33528.276023117185,60,0
49730.85469652553,5000.0,776.9045711353876,26208.576863530885,24,1
87062.73934764805,52105.57557268234,727.0417246799209,15146.876899123778,48,1
66224.66393556545,19586.18777090831,703.323986915543,18410.255841288854,36,1
73370.33721245771,28294.84672813977,672.1999594629311,7225.340566036208,84,1
72705.23622066113,40963.42567840453,606.5811544284445,23421.29792508437,48,0
20000.0,39832.17105952572,564.6054843216555,0.0,24,0
26276.344234176802,54246.778006873836,530.2842579307979,35990.53181009461,48,0
63076.24319452567,71094.68949258853,580.5493149529325,5651.091700522289,24,0
20000.0,38967.93250172101,645.7078011639012,22307.679825169766,60,0
84936.33309599267,61870.92519824014,534.5015799817334,24822.17502961382,60,0
86146.67898864426,50444.480297915165,666.9519757736609,37440.843794815664,48,0
69815.11658633371,78064.83187635336,630.5561872764355,0.0,120,0
26365.97961726234,44342.2444668105,610.2701588456797,15118.111956459683,120,0
101404.16816605545,47632.19972676333,766.1532901211638,28247.717535199896,48,1
121116.31919155073,38767.9865600328,403.93813777772687,46267.75269518193,84,0
64412.30482337922,45132.543801245134,611.627045471507,19417.584091483324,120,0
75316.0613535371,26495.356149623774,414.75625543705223,11084.81437985777,24,0
66052.15964388131,23522.081415694596,673.8562672929443,50404.83134300074,60,0
75911.07566996398,73272.96155848175,726.2181583198926,32038.410077821794,84,0
56413.237301208115,17503.949504461958,514.8893795786198,40604.49907767771,48,0
58963.0728046859,40426.4573090629,527.6942416108609,1856.8890845056194,84,0
87171.52801492096,80460.28358812988,480.17001682895443,27816.936561794166,24,0
130368.72485689321,39418.97614989179,656.3641992713168,3750.121086304398,24,1
20000.0,74862.21361056724,615.9211723795972,424.33995285624405,48,0
56885.62546791099,32268.62837819475,622.1345269608406,28728.200950094397,36,0
24586.18544303754,18465.091809494184,613.2028360514119,29777.710983775232,84,0
107760.7469572825,5000.0,552.6400935632062,12769.821228110475,12,0
42367.86092040305,89381.72207817984,763.1874023896037,41480.55842836258,24,0
20000.0,15893.864550967533,677.2340680131628,14464.703264908916,60,0
79145.6099654572,72415.5977037528,531.5336463222395,15950.284791437884,120,0
112329.33344229334,20001.58919619853,579.9453184167498,19459.418375084573,84,0
79907.93605682289,89521.51753819463,562.7931225532525,16355.858350215423,12,0
66143.93631845752,116203.48173845302,790.5927903473062,39158.93191025923,24,1
72274.22768327981,5000.0,721.1219272682865,4374.449967739189,84,1
102445.21988476664,17457.306975235584,637.3510543077447,8684.852138547982,36,0
33774.0218995755,73193.95591409675,820.722118495386,2128.8867968430422,12,1
56644.58687741061,65391.28770097445,795.2043595199184,48252.75609492974,60,0
46419.295544714,73307.65564280575,626.928910585823,15132.21019490916,12,0
24964.040781248696,32787.33348786872,608.943467787619,8472.251495303482,84,0
50148.74221749593,109626.02483070103,613.7636044102651,15690.384682005031,120,0
93231.63287947346,53541.48400069323,554.7253404031069,32735.841518636105,48,0
76998.06445178177,13491.122694694408,823.3974448467163,29956.48207974378,24,1
79329.31500324601,42405.54499871165,549.3587496941122,11372.315675035316,120,0
64394.268349599544,13892.993113135024,736.830431542744,14006.2073991346,48,1
75699.71348185766,97728.24075662316,719.0543130908829,0.0,36,1
35982.28972955684,30190.062115996505,619.5134021776435,22080.849817384016,12,0
50714.70342218312,64774.50454233867,831.0045103664451,39234.76153932635,48,0
65760.1271090603,35879.805650534596,494.09036789184717,11273.342569872451,36,0
68325.47576645672,31538.380707124605,642.0308699021109,29537.19545609739,48,0
69605.63564765619,5000.0,601.0959835059496,11268.305082780493,60,0
55849.94153950866,67945.23808971702,746.0593150270853,3565.2642661343525,48,1
48677.29796609011,88975.43757887551,685.3565864375169,30204.197041917098,24,0
154733.13849132892,22520.97255904545,477.27048213335075,55214.74081382228,84,0
87203.61818797197,5000.0,773.9479443746453,28151.354139314353,48,1
72394.42427857868,74099.48128213488,698.5461722924567,13792.157197100849,48,1
53003.74505380818,5000.0,546.450813803707,14759.510601753198,48,0
46463.435191683704,86585.98807844776,615.0320895213607,48637.78084147475,120,0
56075.98218819133,22868.146311361386,520.0115085027918,24604.700297542295,48,0
68784.8653076005,16901.217715261206,632.916197438352,8511.25969070059,48,0
20000.0,57453.87263393874,665.0117967359823,19066.62404940377,12,0
20000.0,18855.821449656876,616.5352841366051,23227.10694292323,12,0
40893.52833183127,28786.66756120372,604.9535500127146,27038.205523990135,84,0
66214.18310335706,60619.457980130195,488.7259630948821,42680.58221141048,120,0
52821.80558544446,5000.0,683.7241461503208,39138.47741143567,60,0
104343.63678298453,99272.57737784967,457.5545403137047,22973.58164720025,12,0
20000.0,51309.20397397214,653.1079518237262,19377.571813611743,36,0
37459.63591189889,11211.019627894158,470.0844175967539,25939.78614153143,24,0
105602.75222973304,19482.638921394755,655.0504890486286,10876.497615374758,48,1
63933.579740254405,79749.39134782407,649.3880995412252,34700.140154667715,48,0
86545.27748403476,68031.5880522231,690.334496767854,16947.92302104069,48,1
121537.4082980839,91603.41971855634,736.2285716801592,27363.519636756097,60,1
39185.86746294532,29517.714655872955,754.7588422250938,45698.80355534004,60,0
57020.569866239035,58897.51511452408,488.995740062407,28292.097057903295,36,0
51827.192972073855,62797.03735351033,644.1793946866919,23460.547490385237,120,0
20000.0,70858.0250075671,850.0,12239.188142677252,48,0
50688.09588732093,83818.43370296208,661.9100568497707,18828.889137267786,60,1
86431.86562141996,28482.082824669586,566.8651859698687,2959.2410315048583,48,0
76217.68625436723,46574.89196718558,642.0298873560664,27998.002201348325,12,0
78572.4950816403,31695.507632595647,611.6334059685939,0.0,48,0
48734.73058081501,48421.64379930873,532.3541842867846,34526.0984828104,36,0
40317.08291983076,70952.98346188926,736.9104188207008,30975.253389743968,36,0
98077.67015695861,5000.0,708.4352558275363,21472.72888269801,60,1
45080.48560926991,83281.14708377856,516.5490927887872,12004.746586792571,48,0
68822.46116379643,15824.536272087513,640.6725416183098,19756.10116474585,36,0
64900.04042032616,40778.890409083055,593.3536350817877,0.0,12,0
103851.51048771355,87318.25774898374,489.84074854750327,32357.009048966764,120,0
89142.37073017079,59840.291539502156,508.5180542524015,17542.631911093613,60,0
21142.24137998637,60185.89844790979,523.4040176199668,42728.467624475365,12,0
24373.404996748795,14581.218641146676,644.1570246557203,25879.85427686817,36,0
77367.29454207403,18677.421925284776,604.2046999796644,23471.506554943524,84,0
58069.87057862501,78237.69190006757,554.0812037904086,26014.222071621043,60,0
46344.84648138708,32325.69363546831,610.8116970379049,5367.341205492225,48,0
90468.83651983412,35152.643801004524,724.7534971845478,13235.091994299219,84,1
65623.78146266732,78918.53753164136,685.6696097272056,21994.234004160004,24,1
61573.72160668332,18502.59363891418,750.1868807621903,15461.535999201355,48,1
83394.85922265149,58077.053986587736,627.1687135280752,11352.312920654125,120,0
48746.73015169307,51287.21978503074,810.2557190681644,15764.055195531193,48,1
107055.56956417662,49919.42822410273,684.8079883698492,20661.94873089303,12,1
36358.571303009754,34446.931043674886,601.108257665861,54781.134006078544,48,0
79707.87199026265,32604.34455610015,659.2951809690369,15119.129674851894,24,1
103014.98515979534,17649.07508615404,525.1924047410182,9838.557818699317,60,0
20000.0,64479.9507812392,619.3814863752231,17709.065121145723,60,0
49699.944724426525,29955.524254497916,692.9974230226608,42523.9234774867,84,0
94266.22178656673,79062.33863501754,711.1669508098589,43596.37580210242,24,0
94717.33643193074,43263.34875228041,608.9837777168804,49236.47113532049,12,0
54855.13198835282,18246.485317368864,850.0,20914.632548398586,84,1
37959.86718969422,42865.58353554738,632.7792256844712,29623.884043962167,24,0
88678.07466992286,37674.28402590577,482.1605957856847,4249.632879546933,60,0
95506.47307744814,80273.10235184158,771.3267192008498,14698.38840366149,84,1
25060.09954462816,38929.99432245403,710.7127303849677,3273.728340043672,24,1
23882.590531008595,41713.688563990225,673.168882095525,27098.881356804384,12,0
66757.70045950799,92346.40116477307,603.5079108908222,20576.19144303372,84,0
78880.81900286676,65248.019643900465,689.3346516026442,23392.844899184427,48,1
51027.92744309835,99881.1804801049,811.9016245997631,7306.837723185443,48,1
80378.81459947048,87771.35012191714,670.1632937340146,32760.30987034485,120,0
38695.90179487853,23385.122349114365,502.9966413189074,0.0,60,0
20000.0,79698.52563200323,304.6645916812233,16219.577267483246,120,0
47282.96783002212,95759.09876223774,688.4559560638386,18400.331161820657,12,1
61896.964395393035,95984.39396970259,551.4086458739893,0.0,48,0
51724.801203106304,79642.87950730062,640.0287282604196,25761.925975512615,48,0
25241.902090215444,79025.68984727527,569.09223769866,17401.038138434786,48,0
20000.0,40920.16868973351,561.9091015803402,28416.753437179897,36,0
44577.33586896307,24878.537469512758,573.4725866713733,49997.428933019335,48,0
86929.6731494923,39433.4804330763,582.5124640083434,24869.35811375414,36,0
97685.92318241048,5000.0,727.6235988482836,34589.91956734496,24,1
95631.40152415365,90283.85946265116,707.3643793136584,40714.29634877044,60,0
35522.71394554341,41501.21121746864,529.2011177188826,27380.406444172786,60,0
25388.81029108908,88739.9218719488,542.8265273632992,7011.866265331953,84,0
74899.03844939686,13055.012683352012,687.9121904469373,0.0,84,1
79053.00034793776,82478.74763006631,755.2502365435522,25615.671492561105,36,1
72005.08815601493,35153.580254620414,753.7141359914126,13996.132662460994,12,1
20000.0,11468.917750724773,549.7091159219768,39254.01601380986,84,0
33993.462453496,98813.54156479273,748.9311431900225,12873.152585318276,84,1
59109.336291420645,83219.35008022323,472.373036568115,19785.39408348094,36,0
74616.54583891282,56353.772605573526,629.7115582989961,2614.8395498525097,120,0
83019.2208780746,51018.13655404889,698.7026442608653,14842.509925372484,48,1
64327.6056684612,63185.30056457355,442.11949869583486,5857.474998485657,84,0
69923.51419614708,55838.857337522335,850.0,7227.094303613587,120,1
62545.96375083312,26231.721374855864,782.6695182976616,19207.78628274545,12,1
80568.5812265545,37638.431906452344,714.700397236059,10896.230487500017,120,1
69385.96954472733,108821.53496116109,553.4971792435078,59438.57303192618,60,0
61972.12980141862,130164.70227884041,643.1896375422867,32538.41226710525,24,0
51948.936025878575,96880.05515692048,729.0420169763022,36269.598691687585,24,0
62438.74275127443,64346.7182048787,537.7338433000186,18336.605041415904,36,0
74537.74136517824,39867.52901894195,631.9525768761982,21586.282680236745,84,0
68024.26166694183,26054.423183091018,741.0383849810983,13556.105815152456,36,1
71424.79255035761,28031.527687093927,500.540499822695,59365.71350698021,36,0
100281.65584053556,33401.97023939718,683.2424711020456,18367.042720987953,36,1
67954.91768239762,114534.9212427731,474.523037037882,10943.735011477198,120,0
40530.044385805275,104188.46889147797,555.6153244421347,8689.936690270295,60,0
86508.20357982507,72388.35169806182,599.5407394323905,25030.25040420719,48,0
20000.0,21181.604707615217,701.3555612718778,41315.33064111812,60,0
27557.598577821384,76791.6778013311,579.9210897493797,36304.39257848221,24,0
70075.41794160208,42841.489144681844,662.554839132915,8655.119186509439,120,1
75491.90003359737,5000.0,581.2771862191767,8285.84978079271,24,0
22648.46329488015,58613.01912203778,596.9383227884848,38694.02763422301,120,0
48515.4755703975,24742.60877497834,775.0661507786149,51520.72060401564,24,0
41817.48503341024,25758.397127298886,534.9771821757762,17824.962385133673,48,0
45399.710313552096,42487.76019295977,725.9153973947184,38099.35112547424,48,0
88307.93328818837,35050.31081172761,649.8936114525018,0.0,12,0
81195.16390641758,48972.29542687976,592.4446311092009,7347.132485407828,48,0
59426.33460438877,47530.083499483844,528.2477167589882,4856.026361126294,24,0
43621.14218655216,5000.0,535.3763692900909,26183.20692721806,48,0
20000.0,95608.339666485,576.1354975242053,17315.359669420617,48,0
102605.54816345847,20498.698311539603,634.9945592778857,23571.389670169963,48,0
77763.41700854755,21428.04844608581,710.3509636156401,38286.739832754465,36,0
38799.92687780579,40143.402446291075,619.9760740077637,10202.507242822981,120,0
81587.98492874674,46749.95457892118,626.6689148117781,21409.89659919302,84,0
57893.29138276123,93769.39450495517,641.6009776677695,0.0,84,0
51386.714854129714,58082.70356164703,697.6777691438729,37456.78573612789,48,0
73056.34584868807,66993.96452328603,714.480281919651,36446.20570494801,36,0
37755.05250261825,58236.085627498454,511.3034524428152,25428.32221149191,24,0
49687.3044146967,56943.847474963186,621.7925290256688,21799.04153268066,12,0
63643.83192598638,59291.88509261026,772.7404017347922,12362.780981552225,120,1
45016.4642134436,5000.0,518.3880046280045,0.0,120,0
80072.55630802573,42502.445454814144,657.431289044896,24583.12911891762,60,1
116071.99511034782,84867.83331713472,632.9155996203219,31343.01215991631,84,0
37371.05602178571,150000.0,593.3324410063389,50290.574165798665,12,0
20000.0,13870.7320238147,809.0782651043357,14096.757263789295,120,0
20000.0,62692.398809730585,653.6835808867875,24052.724273156833,60,0
55485.955755150535,32868.60266376975,801.1145071944314,36716.06324601918,84,0
40105.06229621451,111429.55711690549,650.562720524441,37167.993182912265,24,0
66235.81503201241,9386.517176255555,696.0255889317732,10662.935648316783,36,1
63977.930160783035,68748.1847094764,592.2778491073019,15812.609101119244,48,0
20000.0,7783.6670148743,593.3906324702247,12122.740208605523,36,0
20000.0,40442.99995817502,690.934753024886,6472.331471970696,60,1
68877.99721038286,48970.60007750573,692.7697457633591,42075.04119534869,84,0
64062.86504159871,82090.75045218824,709.7987066591854,20940.707134743738,48,1
47225.460049003465,17684.995215244162,687.6678286954575,18886.318059021345,60,1
20000.0,69901.49146542157,516.3579072995915,23715.622437390597,120,0
74141.73788294972,50563.33170163841,569.3631323287584,20806.429477632224,60,0
98156.98636271831,58183.80158857939,734.9942886148694,16685.339391354904,84,1
68339.47320656767,78749.98144055423,454.1534634596662,8576.639952997806,120,0
34575.78328304806,11523.299209841374,679.2607241505603,43479.20687145398,48,0
61336.56496713454,74317.84919445777,638.8119900930819,11445.916056581877,12,0
20000.0,32932.85440731726,734.9581867472359,6042.319002387587,12,1
91738.82141516378,82876.20364930478,691.6621186070755,18791.665236199544,84,1
62455.33003588617,60036.7290361364,583.6019720291538,52362.72826154453,84,0
20000.0,43714.14855448834,579.0649961698336,7676.400434823865,60,0
50979.76918668952,32299.220927275357,597.7216527003081,30644.228280929347,24,0
73899.04530702693,74698.84983065992,708.0063047370628,16305.025926246719,36,1
50008.571370734324,87828.55056442783,419.77863204447556,23672.10872190458,12,0
51723.12835679478,34014.453774194466,665.7379444357061,33832.71327442369,48,0
23267.933788581846,16009.80302655809,561.6965412772632,0.0,60,0
76996.22961244968,70826.33128835677,669.0835297807257,6554.883368121247,36,1
40545.923999425875,6544.071738988991,684.4497786503368,33620.191923905775,84,0
20000.0,10834.626872510853,483.76734170713127,21461.76626122013,120,0
48862.27887988818,18118.991734163024,627.3133572999369,23178.119606816446,36,0
89434.4914671106,37536.48550883752,665.5570356800247,30670.754255682652,60,1
48392.11660200158,9910.04332353665,658.7950095275147,6655.977636460757,36,1
112139.54955370561,5000.0,637.7799046884035,35826.08806740981,24,0
72869.03845645551,15936.674169886304,527.9112480185988,32296.755869608245,60,0
70162.74486841098,69274.23339717856,543.1371969353459,23574.758108875558,84,0
56148.05202247173,11853.677836196985,512.195267724615,27021.975993012296,36,0
57951.41376707128,39791.9096613749,705.4045570839753,37474.6066648554,36,0
52097.29094641488,108400.95387096686,638.4429158193399,11092.41411898765,84,0
50931.91823752421,48524.776099187286,644.8246760707287,29920.355276918308,12,0
75926.01486201446,60275.929691887795,479.4506556155106,46165.35853572151,36,0
31925.063106283033,21618.799452453404,646.6397202738794,29609.39374232988,36,0
27723.18513827221,114904.24561100427,713.3637071982682,16664.101585119803,120,0
26304.14847373867,33761.16532584714,465.81604254257206,54773.08535558548,12,0
121369.63643031463,43156.8594664545,596.4593741255029,23462.217536157405,60,0
75910.2870501174,89511.76033902093,492.96508684551947,40978.873995196205,120,0
69134.76605040435,44547.97265439143,607.9717925270113,13677.028794789021,12,0
28274.559891197056,51436.66348025645,559.9008102429077,36017.03746858556,48,0
78700.26902024486,41549.35037632611,688.0908833641603,11803.624286883838,48,1
56502.85960640014,41755.02865828318,666.9239563426391,24850.763573818276,24,0
66425.0682339525,61115.06032484275,779.1504405634045,10898.898363405735,36,1
30701.39052409332,66588.29567594317,644.5922150699506,48517.339642955674,84,0
64808.0657225273,30702.547063622987,683.8487802104273,16683.030017169207,48,1
47284.99385380551,27017.58631559211,594.2292518351522,3381.0180956655277,60,0
37031.665289094366,31725.917334273105,539.6935348771422,21426.777828533563,60,0
82023.19007421746,7962.3795740069545,733.4762434690086,28056.42187911949,84,1
20000.0,5000.0,774.325505354708,19600.98533941488,48,0
76943.28792942452,58915.014416747224,720.5655699238253,7800.196572096884,12,1
80534.58400658988,78157.87409525336,663.1228123129532,35559.75210934968,120,0
33610.68973346278,76131.35879435652,552.5906445514723,38887.70043922697,84,0
35390.14616602598,5000.0,764.1628173426947,0.0,24,1
53309.22956200793,42648.04738870218,707.9509315637013,6844.595692090494,120,1
68461.08631386662,16937.24133222323,850.0,17608.585300512023,12,1
55414.35024557324,54312.123134625705,534.5576049760093,12036.114542613628,24,0
73006.87380575638,37465.29443571856,736.256650124738,27889.31874721909,84,1
112889.38957612198,67757.35718733765,704.9106504874798,47592.1581068176,48,0
44768.49692550858,49425.40728795976,615.7972799751944,14286.297357407313,120,0
20000.0,5000.0,786.3834880203103,43650.83301655995,12,0
84777.7074909196,20987.423816013783,690.2345148424548,0.0,48,1
110499.4372778259,50173.5534447996,556.3106971538347,26837.22218777369,24,0
71783.05089153373,52703.31287693259,638.1660983725591,11079.327698684072,60,0
27367.53973938996,7829.695768879945,555.1141192896887,27160.84895981396,84,0
56283.22910294397,5000.0,603.1484284614486,0.0,12,0
26444.29547365103,51687.36012719537,720.3826153539733,719.1428089540605,48,1
79285.66481888843,7889.980818484182,748.9274045234216,27129.687717651883,24,1
20000.0,5000.0,672.1212333789365,10549.986415052901,60,0
50996.136395154,36645.78462105975,574.9925123410468,15153.235910807447,12,0
29869.865211182805,35346.617259840474,688.1608420395357,47544.27762241036,24,0
63804.740554048854,23647.985679820966,722.3399637957637,22063.572037532827,12,1
49009.74968586727,28887.891298251114,452.78882547602825,33522.747714224504,12,0
65302.863097507914,50415.07169667184,661.6478775030918,8610.917755932618,120,1
60670.51664899097,28395.11288960542,630.9810201600669,0.0,36,0
30400.229168276688,52120.91064994518,745.3711255409572,18788.970184371854,120,0
78806.31190587065,38585.94391647997,688.5689164861499,0.0,48,1
58537.03044470654,55029.504661599676,698.4351701472785,9521.155951374882,36,1
30344.129764022986,76346.16696309936,601.8089033619037,23566.31327747097,12,0
127227.79668617378,75177.43536171786,650.1651717132436,18331.08654407374,24,1
74292.90500151375,88646.31413198251,744.3684969803888,25017.79078242683,48,1
55402.18339802083,75144.40690691481,643.5120267029723,29004.775940031224,24,0
102456.13580105471,57156.725946254126,667.4669555731574,2064.129262908413,120,1
115254.46828159821,36997.05087079566,496.40427015579337,5870.985928543498,24,0
55639.51733058345,38367.17231551328,643.1459963672785,0.0,84,0
70421.92459304286,23666.68080692569,448.80000318938903,14442.1503853568,60,0
30359.915459911776,50135.87873154674,598.3855130641743,31051.33936425846,12,0
55584.21747695965,70921.62436135804,656.35155577269,42369.1529540973,24,0
54028.1233872039,28229.971913509384,726.7030794484571,22857.228036247558,12,0
65544.81100864962,48883.46424008678,550.0840056548025,40598.43295314036,36,0
69982.81435911031,29679.13313834692,687.3684143470102,25757.405356639767,120,1
76794.8534648418,56280.62990562844,796.8493404362129,21611.741307515273,84,1
67129.27968899878,33518.49848150149,585.9256134284378,10830.636851222283,84,0
23677.721201125067,27814.682861178422,495.29470782773427,0.0,36,0
31845.98682776745,29600.99915203924,678.9839957057088,38347.84230829393,24,0
43607.77141608981,65099.863215367,530.8002993463707,19201.625374376013,84,0
51532.78224230313,47097.51784008935,568.1001426526481,40824.44787200774,12,0
91523.2287141634,37147.348099998926,742.3336941702486,5755.503217164878,60,1
25111.83039441261,57842.13507641632,837.6899275376682,56432.30315108521,48,0
49277.548554879,37564.51347597049,549.9309883658515,16268.1911800058,120,0
88590.2849464215,83795.5368105711,576.2580259984586,9617.165093857435,36,0
51003.67576510163,20784.015389202305,606.013103759118,16782.16930431521,120,0
73812.46949528472,44390.85461548155,595.2191946474574,22556.846337233823,120,0
55813.73871216289,7857.043349989974,843.3292513812034,18951.469908859613,36,1
67703.49771974169,39593.768243297185,596.9432170312214,12270.043863105439,60,0
53145.82368571378,5000.0,611.224808547387,0.0,24,0
80011.96418185062,72389.49567677379,811.6177473174826,7935.086313142399,36,1
20000.0,72995.11301016736,707.6676311539301,36116.53504213806,36,0
49100.639748343645,73525.10521173429,748.5899232949245,6804.159492906923,48,1
68897.18030082925,50866.17440523404,559.3887126977609,0.0,60,0
76010.85744018579,23603.88785869724,596.9820316824264,4167.5037834754385,60,0
104788.57868261484,25989.781038921512,546.028164232104,18670.30568241296,12,0
48269.259994032705,95905.16165661564,730.1261546035815,8611.682491523803,60,1
104384.45285582618,93070.3131139939,772.5243207783444,15802.443819362052,84,1
40229.28520020988,53676.65470852314,590.0225630818487,8023.201930312942,48,0
99859.3923463393,34530.97897759019,613.5758677095723,35146.15844593216,84,0
84524.01380095117,91058.70268095532,617.9509934961342,27362.74266197875,60,0
32596.242611033318,29164.905158455702,495.2776006721824,53269.39349792826,12,0
69211.17711755466,56865.47624287722,582.6177922240346,14274.18055095273,48,0
58462.92493403425,90558.71916195375,727.3266214763601,15726.812371411022,36,1
78767.53781025001,24909.84501006117,562.4581495554905,37752.530353129245,24,0
53301.85234700071,74876.70756911337,659.2981862204988,25865.125777943795,36,0
50782.613230148054,65616.8238753161,519.1981025535844,5877.399796963509,12,0
101072.83748288554,48814.50373305317,635.5999088871132,28346.31978235432,48,0
57038.37316632981,20196.99202600653,593.6678845413992,25947.933459695294,36,0
84792.66972575299,28266.807196901726,527.8328516216233,0.0,12,0
53239.45544867401,58683.532185519754,729.0386096155112,10230.339501306842,84,1
109999.8977768257,7299.896153558402,734.6627361201018,22854.802850894266,120,1
39649.9611199352,53922.315770547495,553.0461287764025,41694.1956086607,36,0
41575.69406258446,66231.5295218499,628.3816535806272,30469.976664404297,120,0
105735.51543347709,79556.60518427302,654.4318683072449,11539.330788020075,24,1
46651.60827314241,8049.2877661933235,468.52382128721507,9376.97143236351,84,0
108032.22918493178,89487.41891483821,510.2907273605968,31965.998658645934,36,0
86755.21738784439,100860.90482539806,778.6284436366781,0.0,36,1
55360.508803175,62304.54703140782,543.487310349743,7886.280147003861,36,0
20000.0,18858.542557260185,775.8183108251696,41139.620035626955,12,0
59420.45087184493,40156.72134919277,515.458632561667,24452.26218849569,48,0
63048.90160600274,48572.08264644479,715.8827777140402,8620.08271658106,60,1
95016.5319991312,58113.905261916705,618.8696892489664,1968.748617495039,12,0
107653.41528720336,50659.446579308074,632.9233730845633,32596.020019837215,84,0
39450.38462568757,58434.9542868385,835.5935913533964,21167.17019889511,120,1
84035.45291964548,47277.59727982632,524.5813365681319,16719.343104122254,60,0
82962.06468040048,57953.212835367296,709.4798196261071,25609.708359832883,120,1
92202.38107231335,36184.297365160586,705.3489663557822,22468.97074470346,84,1
74960.69736406633,39854.39849052594,850.0,21318.58711068181,60,1
20000.0,32719.244885699965,542.2869179768114,137.1947161567332,36,0
55337.32702416721,107517.78603512215,587.4015206496563,4603.622700091215,84,0
25328.772752492543,93917.02358522968,731.5922285832554,31224.20654141623,24,0
53921.82681245779,66658.82570040847,629.9736140798137,28387.271505173558,60,0
89400.12708401681,89759.26991803217,603.694904326825,25731.798886679742,84,0
69154.52507624918,73953.84016933647,745.7511488323165,11202.310057331206,84,1
94442.72599192298,55438.13478542166,623.343156369628,31477.84893146971,60,0
70252.61762140619,5000.0,560.8140929618583,14438.827826192339,36,0
21050.22180993292,42135.082396245794,722.6210154761981,39523.0019162341,24,0
20000.0,39948.86323944944,687.528800802786,8797.655158929094,120,0
64464.26285038771,16007.744807235293,618.7153404394023,12120.685454698,36,0
53582.20600946504,5415.131761801516,613.9698481239978,17728.268017816976,120,0
30691.627818543537,64781.58039701075,558.5093395059437,32709.50720861349,60,0
20000.0,59735.12967112439,722.5096855115341,19473.828939199884,84,0
37957.70359581872,14978.09059797164,613.9892182745625,20565.23523024347,12,0
54165.25545405672,27623.64480691432,573.015409642633,14126.131744293638,120,0
79976.33471119171,84836.66819462492,521.4444832808146,24021.37979961653,84,0
65658.9324470394,23669.104594503184,689.2154357908836,18939.04258858918,120,1
108242.01741518186,55123.96711801407,599.1417021087003,8235.464241279216,120,0
28931.87831863817,44306.65101296057,448.7324686010928,21909.372238225696,60,0
86431.766761723,65190.904131861884,529.6731210355954,22262.131529375325,12,0
61418.96229386184,24316.77042030709,626.6403064341017,55247.009731908875,48,0
80840.07372355754,52702.50432620321,629.4462335082832,10834.60881469532,24,0
46904.5541020337,55061.677320376315,625.645774962935,7409.363861466911,84,0
92150.4112167177,56905.42418687659,611.7243888432439,24185.51390890449,120,0
68856.74275035728,52372.215738878396,502.41462772635884,5107.45374243303,120,0
39616.65045246752,60338.279617823304,562.5451475850949,3904.2477818926473,48,0
59639.27913260436,115753.10996152433,768.3776986484102,0.0,36,1
52813.32423188702,126838.93330313318,753.6228126853066,8381.396522113471,60,1
74675.3505191338,30823.515776398344,707.7951782344052,8751.683810871818,48,1
24606.69751876474,5000.0,698.9502604040669,751.0673948899421,24,1
59119.44893652917,67864.85902165921,740.4755908065491,16245.743954815498,12,1
71859.21757947993,55587.573797037985,537.92052625079,0.0,12,0
60990.699215791,81831.25577550741,653.2928366756948,27376.486719675417,36,0
100408.23733166986,58546.576991459515,537.9732849353039,11648.090322239286,120,0
83220.68322213157,51758.11818577157,539.7085530234726,13853.2448376163,36,0
59775.5760977776,83867.19787631668,686.8064937746941,28803.125155404523,60,0
66500.6729249302,88063.41765241526,744.6750439135875,25576.15864075996,120,1
68869.96654445998,8403.198236570053,630.6150865577462,10551.409359443172,48,0
72098.98812500472,25501.814385812493,814.9000432209501,26776.861334872363,60,1
20000.0,46832.211221339654,671.1784327045536,43233.419124081236,12,0
50954.21112691959,52953.12871773751,572.3214467583489,4817.246283101622,12,0
20000.0,43220.50389943254,541.3271448126328,31306.620670346438,84,0
98348.42842378459,63026.21533585658,751.8131484184717,3303.413934583339,48,1
58174.514399912165,79883.14367951301,662.8459115739815,37631.39093520214,60,0
54199.77150961132,101681.29132162184,717.6047378169482,9321.09414328709,120,1
86903.91996099705,67367.390713187,384.2036739546758,8748.166993183913,36,0
72669.74392349624,24429.989646406706,674.4672034346938,37238.15211790954,48,0
26140.964568623785,45578.71324406545,598.8225811503763,30823.62418633647,84,0
57872.839124178936,47739.43276221329,510.6240464083136,9813.611488800663,36,0
49944.99080320846,65439.20719943477,643.7317657051575,21910.53108159912,120,0
20000.0,61645.04100301827,759.1813533654456,9350.721492701541,48,1
39291.71300288386,111511.89953334529,850.0,0.0,36,1
54493.790339506035,36154.60594235275,674.215240732251,22839.2767719123,24,0
56551.472055244725,61542.5160130041,579.0853410038478,14653.667482897821,12,0
20000.0,120641.34193232276,573.0497443481534,5812.4966561774545,84,0
94549.96749142426,32443.793092891963,746.31323620652,39570.72619418545,48,0
56936.90823325683,54354.46088511065,550.3125880847108,6319.697317479629,84,0
61126.59229981689,21653.584966279537,712.2427379527762,22159.679373208062,120,1
72019.2491501951,52462.60698882295,679.3681189959617,36198.673557184826,120,0
36357.71238288986,26593.485555870753,668.310139188288,16159.169771946075,24,0
73690.67919398089,81404.0271047404,493.1881410119208,8987.368238288991,48,0
48987.76061945451,54419.56577094186,614.3041797773675,24466.224567046924,12,0
33102.43378058425,21938.082200531197,504.18422086423874,26835.495853735625,84,0
77203.42480066197,75217.03093375015,591.1752598683235,33148.41045036964,12,0
104750.21576405423,55389.98116614762,741.7138661520512,48068.14177240265,36,0
81744.88120457495,78584.56331670364,773.1057903355565,13140.634775638384,84,1
87689.32695421293,15570.121161567542,671.3948649490885,22937.810082767402,12,1
44381.081803131034,61064.732367459845,592.9659487566015,961.3952553005583,84,0
20000.0,73200.25083934126,808.8099332360418,29995.65499320996,84,0
104704.12566299524,37298.6752929279,591.640936624382,22755.749640436487,120,0
121635.44668214279,12229.91819095546,536.4313508190995,17319.65901812003,12,0
106284.20321309046,48751.77513888818,719.6482967916784,10729.092311195847,12,1
49926.421830607505,86843.45881342786,695.7734042569707,14773.593719781711,60,1
25360.969838134675,83777.9099190217,595.7424089074159,23544.995147190617,60,0
28029.519065413002,37147.1469573327,660.0225229569568,5507.444183155079,12,1
20000.0,11507.436908706724,694.2159988851773,15393.206327370543,120,0
56778.64144769864,37064.608389512825,670.3678841051816,20250.170651979013,84,1
108170.33874247363,35945.67047804263,695.8938954964581,0.0,120,1
55750.1210438327,63393.40349914332,599.4285138440026,4230.539822401044,84,0
69069.68701044825,46849.954912876354,702.6245044239599,10099.931959708736,60,1
101267.90892912625,27402.07364788574,651.7557837583282,43523.475991059706,120,0
47877.14064502801,83127.89201782004,602.8189478463646,7539.122859123452,48,0
121065.94370158785,54212.776023345024,625.4115237766725,19163.12569933872,84,0
119762.8322249236,63062.46958192822,640.2098164075583,4391.543797092703,24,0
56066.65983958552,5000.0,505.4621662938721,8353.952117786655,24,0
42673.97207942362,5000.0,586.3340753430072,0.0,60,0
80917.14139170939,6873.626556667754,656.4905515592786,30054.535320105166,120,1
49574.25172443426,35583.69723179673,514.9008964611148,116.80613847436325,24,0
25303.34348797991,67290.68052841426,588.007633818542,33605.16519717001,60,0
98437.1596056894,5000.0,850.0,27018.45794082466,36,1
96493.4216183124,97785.56193115961,537.0741635178806,18868.972294001098,84,0
64665.348112906824,55116.98080310378,611.6186087349571,34100.388430897605,12,0
22114.057388154666,90808.8497884973,566.6282721471268,66548.01914171145,24,0
23114.21246347842,23420.89752577614,638.3129996046663,27162.884616895888,12,0
63216.87865257458,65115.79802517472,568.508165686502,3199.090670038131,120,0
45003.86896484903,52555.877899123625,625.6756876707567,42335.2648956888,24,0
49767.212035751756,74530.58939163663,578.1452964850107,22791.671847884514,48,0
90658.8946518001,42986.25897200849,755.5127816369825,51666.85101711077,48,1
81995.37952267673,64196.45627022766,658.1637037719547,12409.246670849101,60,1
101344.28041492839,83065.85956313601,549.702734303678,39229.160340358336,12,0
30281.303298682273,30464.711183246738,734.0796523832693,19997.648440290966,60,0
49704.25293939864,57267.326974689495,554.1733383969887,59850.92524196237,36,0
82769.45086380339,5000.0,493.5919811088349,15775.988667571446,60,0
73442.35023038676,71075.09057190073,649.6957512567193,65025.029566854726,84,0
105971.41147762866,108639.87630387468,840.7264424339979,26597.390792731538,120,1
72616.10117712208,12666.918567539142,467.23358710841126,32704.471371727446,84,0
115443.27312316658,47258.562187161704,516.9012078430903,45504.986659040966,60,0
76200.53405169422,76414.4390274234,725.2525663160844,8183.685647918515,60,1
91865.0234276598,50942.524203996516,585.767860038804,34536.45269040131,24,0
50294.551596466285,54952.986544796775,711.1948567246543,15608.699886937975,24,1
60428.61635651967,38270.01675429084,566.2511093058054,22266.78318981396,36,0
87328.33211518425,37155.43240736256,664.1962177409176,21245.91886115882,12,1
108389.34511779163,47399.175392438665,824.4473925385489,28586.16104647714,48,1
81877.10847932259,51250.142664180676,530.5410352978129,27952.76490877998,120,0
57504.846841961415,14556.762152680705,752.3760810137304,11372.076199767984,12,1
101320.05088585024,48019.34042161914,717.9706796632087,21872.812564923537,48,1
20000.0,97056.01816127979,501.0755748901091,0.0,24,0
20000.0,37425.98619233286,705.8900523741773,34852.60497176672,120,0
80449.02671005166,12882.350513761165,657.2806128862607,45409.12555521677,60,0
60423.25068759375,45457.517960407204,659.1094009913729,22859.42073023075,84,1
78165.40953372496,28561.6156362711,683.6517566451703,0.0,36,1
61932.22567295826,9849.745240341814,614.9634155584195,31144.21454340703,120,0
77128.37083811619,54175.05385197863,657.0098958942398,8543.457250996691,36,1
35567.91537020428,28691.53888546766,674.1452425040288,22734.74517091919,84,0
77114.58258239072,31258.57499440175,724.6057938885529,30282.636910945694,36,1
89832.43584622754,54602.82141156167,497.28389666219186,28196.755692779832,12,0
96616.51811793697,5000.0,779.0885896491104,36212.82874790065,24,1
120406.62883946099,5000.0,534.4709656940787,22195.709595943095,120,0
67322.9533050716,70126.16583505795,726.1628464146387,22600.424149355506,24,1
68217.33260541537,5000.0,657.944509927278,31051.855616654902,60,0
20000.0,20699.66914077936,521.8843657201303,18929.111456620434,120,0
44057.65796584725,5000.0,702.8145469704004,9681.463715827958,84,1
54207.53777980162,35415.90599453503,555.4593360804829,26780.276372343313,84,0
91509.58656829066,62841.76242953497,756.879555515764,3067.0553343217543,12,1
41669.96627731113,53370.1384619713,578.9165161498756,18786.647792177086,60,0
83890.20059246497,121756.20168371852,500.50139023946224,0.0,48,0
59951.34849109859,82607.46853367002,803.3845105036295,11677.810507934557,24,1
54684.95654655714,22065.264495301963,668.1323671236909,12299.886848927943,36,1
67466.8190739977,14088.349855207685,736.7191125761316,5236.758857362998,120,1
48265.308832414725,131200.63822926505,564.8528121246633,36507.97831167787,84,0
47128.88255722004,81877.16017200088,460.81894632917994,35269.87399698455,60,0
20000.0,67681.08821808716,817.5202424087777,39710.191141689065,48,0
52561.37378016331,52245.55436646854,649.3573187821052,17182.336657365115,36,0
45600.9556155382,58205.64702425052,699.1351894163547,13495.880172181329,36,1
44520.570319527615,5537.801735527217,715.6595780598269,32053.772078822047,60,0
72506.1918777012,54711.175105903036,616.460894698431,21926.193426648486,60,0
79758.95858371528,52136.941923770435,672.6229547615517,21852.761935487455,60,1
66965.83513926982,22875.834706955597,809.3952592505444,0.0,24,1
89862.45571348423,33844.20639294564,646.755877112067,31347.719047272185,84,0
77266.85777491095,95455.29180330667,744.2101316419576,29359.624736938484,84,1
51148.31430583073,46244.75239115413,450.8753019969379,19918.75365335517,12,0
46114.31142856861,112135.13907599333,762.3760630319215,32237.716616960905,84,0
69384.6671030054,5000.0,497.79957019940264,29025.529842058444,60,0
77213.01329705703,34336.09441322756,750.9408824033501,9549.723727303255,84,1
101935.32921094494,5000.0,689.0631220451271,16703.206235932106,24,1
95735.19134820288,13717.326383244967,640.4079323926122,4883.222074924526,120,0
43755.80980478493,25153.828830221086,640.041177879207,41933.58479862737,12,0
56939.811596182146,59459.288803117735,624.7268906642665,34657.70717871642,120,0
80130.5341475331,58004.78513241161,567.9330480556437,7791.239917269333,48,0
92039.93334176915,29621.290411171838,629.4023721369954,29283.132747423362,12,0
88169.08406114376,5000.0,850.0,24178.885022555238,24,1
58083.665015059596,94330.78619096459,780.2306710784729,9710.70611751099,24,1
22379.320427144507,41427.05851890931,562.8996821477566,21864.905129427054,84,0
30031.908712632263,16511.294890965823,676.7687402327288,32875.77046151776,12,0
68179.00542958242,58247.923432102616,659.5979163236432,34098.79291195335,12,0
70266.76738273037,56133.35511569522,635.7706556990329,54979.75544103765,84,0
27039.618796968454,40319.70605000104,549.7222443362521,21414.337297576487,120,0
61337.088326678146,54455.93046924514,694.5897984806652,16433.16598833036,24,1
78936.73070915349,15349.104787759446,734.6071629914636,28432.103958167558,24,1
25463.200274785675,72797.38529529452,566.610131493322,17255.561913984824,48,0
93149.91605413244,20093.98715729389,845.5541417289207,11226.43339575682,24,1
48674.065543205244,31832.910340897044,802.2003249235554,6113.251462003218,24,1
97728.39337729954,69464.05448454726,704.8165558951232,0.0,36,1
43996.42662672298,86118.76895030701,526.8280297331187,31022.59145311259,36,0
29201.235513474632,97573.23704139015,690.1408625984562,0.0,36,0
46255.89030474841,81673.94715399716,678.1978001564465,6802.198350584727,60,1
57145.556307680396,40277.83448594654,701.3155276218497,24386.653867925375,84,0
48345.60279685557,5000.0,809.0464272289736,15177.398081339717,60,1
53519.957352806596,92151.6675680868,632.402594538338,52239.45873767389,24,0
70018.95449028572,91120.87966714927,850.0,0.0,36,1
54864.618906108015,29840.71539939513,690.650434599375,53580.81643850031,84,0
58016.62818143979,77635.67113473681,620.9536824338735,40708.76913575869,48,0
20000.0,40034.66618207784,850.0,33636.44577647455,48,0
71750.94048031418,95038.30650535185,732.989190002009,41589.682647163136,120,0
57323.90106924996,34554.060127886536,604.5266113042527,26069.179980740606,48,0
108308.78941448612,109359.5386264551,658.4216588946442,0.0,24,1
31813.044982381252,73583.61642794737,713.5233021854534,27722.77521673889,84,0
20000.0,103926.3453405796,634.9138973214658,0.0,36,0
78542.05481790125,36086.08191050362,663.390786904495,12074.565814763126,24,1
70395.81054939001,62150.88813332579,568.2796396337278,18828.768534263927,120,0
29747.009384065626,20921.62404966904,481.4805469192092,6334.062231435399,120,0
20000.0,75319.6775635759,660.6419322744712,34190.667055467085,24,0
106121.9019205287,76971.24598511374,664.0027822225887,16793.63634501242,48,1
102423.31171820345,121910.7175460356,702.7119591557854,26139.623465066994,36,1
20000.0,64461.19391658947,592.3810292893803,19858.80256459454,60,0
46253.30912230497,71722.82607518279,515.9445705459335,21892.687395102075,12,0
109925.76164351698,35875.08870488655,553.4675530252651,6696.9907335972275,24,0
45718.12326666399,66241.38117905715,755.5633756839825,2389.3783219739344,36,1
45281.63297920042,38603.26373937249,583.3388687792428,17693.4699446167,12,0
51517.22017111895,53475.822765259996,605.7919014196239,5508.285845776794,12,0
26373.090786955217,55235.46984637385,618.7586436168888,40903.33557436359,120,0
20000.0,39430.853799524884,588.0723830713209,0.0,60,0
91576.41932204246,51888.35289625981,580.6789172467167,55055.03466566032,60,0
20000.0,38741.14490859738,562.887643536619,24530.37691290926,24,0
67418.14356326268,38608.066248984826,790.06565745682,21039.903573508203,24,1
86597.3847827295,82299.93954506815,718.010068334293,11896.00626170111,36,1
20000.0,55262.40925479234,774.7820773150238,29853.8154852897,120,0
32271.94792214785,60411.98816600831,794.9339756460838,16935.874839184646,60,1
96395.37565174769,6280.856930433925,415.01202025670193,24507.112917019243,84,0
75986.7516068112,62703.7499549117,684.3454642028076,32627.347505596827,120,0
41481.428793633386,65912.70391925714,591.3821366101681,30039.642037904705,60,0
96067.47010083514,38049.84131933742,761.6809644353349,38597.918014215524,84,1
96196.07170362907,112550.89028782074,575.8528796757439,28067.61610491172,36,0
68071.58079047121,5000.0,544.585024363629,5730.984676810791,84,0
32995.193163790114,73531.01407311638,506.59541393468976,0.0,60,0
47596.53889584614,71384.14414864586,619.7325089021198,23165.505939364248,48,0
68591.60231866171,66247.48795998236,741.4945262528311,23381.947316835576,12,1
54342.15512557535,55286.38116915869,675.6167216861312,48888.94722665849,48,0
88168.71534704554,66520.37967875112,529.7351734863856,18262.39074603578,12,0
20000.0,76045.26438667682,850.0,25617.384546713685,84,0
20000.0,28223.372485040178,714.9538639491568,31657.64608648509,36,0
65426.133344472975,58975.86866540269,727.7410115757687,27701.12181481264,36,0
45253.667585792864,44500.494739300884,778.5028827347658,32659.15687725942,12,0
41188.54155906777,17186.947993234746,485.978441137422,7726.86037811212,12,0
20000.0,71515.09923839869,558.8565861412118,5354.504993488272,12,0
60586.37534394545,33069.187259479004,732.3011356924272,15791.587541649948,12,1
58417.34675997703,5064.239756615985,568.9261671978524,0.0,24,0
79604.36945855222,33826.68017895053,622.4986527744952,19406.30614598051,60,0
62067.183993629165,26033.033057206085,642.22593471687,10106.253613876825,60,0
56021.8776527851,80854.37027570332,522.2594611370082,24833.200004416016,36,0
95310.01910371012,54595.79421674233,613.918281786636,16023.968164951424,24,0
20625.9808965435,91471.4823706982,741.4503217351833,4768.507810480465,12,0
76091.67656542729,30003.313063008623,722.9453889817842,39662.85294513597,24,0
20000.0,76225.09615689499,761.3014661967468,21237.786563119742,12,0
34849.14359997577,135188.68744423738,750.9875873790796,32942.88262137916,84,0
23620.286021300584,60680.97401381421,690.5873925702584,22752.71691131138,60,0
83458.27606355754,75849.46586969458,682.66784983097,26959.92696810577,12,1
58037.69299213818,70805.52992676219,675.3330760106618,0.0,84,1
59594.9026622107,7337.740177225198,587.2952832746039,39171.55255934439,60,0
26798.01036811647,67574.51892402352,547.0055276279386,33180.22475564443,12,0
51009.19512201333,59193.689619487064,581.04026538801,19717.395489912913,84,0
37096.04090072665,42207.57849805072,617.3970683442531,24320.031408098937,120,0
71503.65044562648,23478.90877385358,584.4174055257224,35039.087903393825,36,0
30267.26594005159,70819.49720981112,691.3831738483916,14419.996938343076,60,0
99893.83095615228,20827.88781168136,670.1895216064252,0.0,84,1
20000.0,114009.3681404569,680.9323498720219,14701.040384250198,36,0
35804.40502630316,53425.07250464385,685.140806591578,22285.842382321105,24,0
110316.01529898288,13300.788566404895,769.5663937784533,19513.4031188995,120,1
46945.837561138964,34580.11165014983,649.14271076129,39763.49235993154,12,0
20553.640067867644,41655.96985130548,750.8369433834612,5601.464166210471,24,1
66572.14687613006,122371.29961771537,701.6585357979168,7500.64054299829,12,1
45738.23273356373,23462.331595715106,762.9633536635085,4129.302474836188,60,1
34923.89233145083,46513.48210245838,811.4629834386571,26431.11642586226,12,0
27123.87567603848,33865.148904049325,707.664957997907,0.0,84,1
143051.20816877828,64977.75456744993,660.3768249671998,31156.34597049967,48,1
52453.44299447591,34343.497588848666,659.7307817443308,6006.7321803580435,48,1
20000.0,15828.300015808687,602.9833920438161,8403.464603682247,48,0
104811.29277016602,44141.16260611404,599.6227853423944,46553.37889986849,36,0
78332.12715331712,41018.18470003271,740.2117163311535,38488.695930435184,48,0
37006.00706940637,32232.668671279596,553.6329707552444,21788.19976635353,12,0
32006.42733941575,33835.68923308648,811.4772635562226,334.4277418596066,24,1
80204.18388474692,85540.87393643009,634.827674709598,50216.33684976287,36,0
52592.450175316364,40407.79357197487,850.0,17055.17671346198,60,1
20000.0,15976.170125647019,580.6884573170382,23713.71464702335,120,0
113617.19893814005,36136.521086004315,675.0188919980335,33679.00653667186,36,1
46980.28613352129,51630.06978396178,614.815072975158,0.0,84,0
104867.15209447278,9911.910903459378,570.6915908456729,10399.440022525876,84,0
98353.04873897145,98779.33880019197,756.3800350878719,18978.878899494255,24,1
29969.713665515574,76027.38432518816,539.4445805602194,21960.79567567172,120,0
90995.69593089444,92905.18230856338,582.3925493025765,445.8973689550221,48,0
40456.72350408956,61763.84376463048,708.631970891491,24895.06491971411,120,0
20000.0,5000.0,724.4960810949405,20506.106059078244,24,0
47262.05501933573,96060.0114991554,510.8114578772479,45009.76473538892,36,0
71929.12505328837,24092.94920870322,708.1676885215375,35004.361835085605,36,0
46117.90056010986,26534.397679937036,662.8899913416338,15961.163190869926,36,1
50788.54977224696,54689.75431866331,558.227664213847,17058.957695729954,24,0
94306.98134785838,91346.89540010449,571.1118464664446,35217.45155484333,12,0
63194.81940870275,81598.614018572,446.6548572051599,24254.364329756685,12,0
34701.05066145143,77188.43360528062,821.7444427797577,0.0,84,1
81060.9097100198,40645.188413763404,751.5420414977007,51406.86252935418,48,0
65930.26700862736,40171.77421723665,521.0854989821781,5151.9696062704825,120,0
20000.0,60378.310039402,729.8907672791796,57184.5431509912,84,0
72850.58741314345,46097.87476149402,592.5977656050334,26419.32383119465,60,0
71754.86123148305,76679.53721988059,741.48105363497,10468.380654910936,24,1
60603.6338874258,74903.5299348568,600.3926430840918,0.0,12,0
86751.01743208725,67740.23963518116,613.6645904892042,31651.467038725485,48,0
39828.19247020493,5000.0,621.1652732242335,0.0,60,0
70094.99366462702,53839.65091031792,584.2644658338687,25359.41837552328,48,0
20000.0,46734.38357801896,789.9271375233304,49004.490537835794,48,0
72212.71150196495,55040.76805278594,739.8526993081479,2934.8170215482787,84,1
118591.79086619688,27370.260843607794,660.994853833328,31070.831181095084,84,1
30154.309425973766,10256.422688023245,752.456816398581,7826.005777131682,60,1
37205.93604036674,63894.1543992512,487.2928284754541,36997.24305153354,120,0
38699.53671325343,39310.960468038145,527.1541221448967,20987.340199322076,36,0
63899.94677404786,67240.78981122798,697.4554762357963,19714.049032196675,12,1
28108.911814388455,29872.568669456865,723.5536555807889,38109.32467212832,120,0
72637.42136072941,92477.31921478029,677.9407546255752,29379.386617253407,12,0
85405.19836407495,80031.9452771229,461.7305324921681,7929.664422132564,60,0
76030.41640361353,58904.81325637641,543.7665475662252,46806.701326314505,12,0
20000.0,43601.347598421584,691.6591866504168,0.0,24,1
89855.02995475818,75572.26633394591,850.0,24135.456434714364,24,1
88121.0224276104,61776.43445712218,771.7912665058428,7657.029636660534,24,1
84904.84117038913,57157.525637918145,807.7304298470773,0.0,60,1
71185.26745967475,81285.96228678826,683.97254221903,2987.2848530041774,84,1
66605.67942615398,92796.0846321992,683.2490980789377,19261.40720239054,48,1
90971.6819437919,12427.664465433663,546.6514532743925,25245.901462228518,48,0
117705.40462810363,18488.47677950581,745.1822053051617,35883.97746799127,36,1
31408.786099054505,26592.17823563606,642.6818297458997,42140.54764090512,36,0
92343.76187384315,5000.0,719.2732375463719,24165.30720656055,24,1
57413.48705977642,48117.544232925466,653.0686352880934,13352.100816937877,24,1
56109.808439141976,68003.49365733519,677.911842475074,35585.259605068844,60,0
20000.0,49357.4511514299,641.2271883701378,10780.377736366177,24,0
51456.31771453815,33976.35075161313,672.4624697822893,0.0,24,1
30082.051260947537,83793.73271387475,750.0076557545231,34085.17268664007,24,0
46084.36711482163,54216.69209620249,523.3770470930776,39858.67777720239,12,0
27054.408486655506,60289.48902098955,500.707757368489,7672.825278893995,48,0
46532.74838060981,84627.04414699279,692.5864577638899,49412.347452484995,120,0
47816.6892892979,46302.74183446599,794.0574297907617,28745.78478253808,12,0
62902.64755316401,111806.42217874042,819.2744616801082,26509.429669473393,84,1
20000.0,36565.54988384702,527.5589782289928,12249.70851798595,24,0
20000.0,109938.446135387,609.7126164597627,35259.33152365343,120,0
70857.4281219158,20757.94454262738,502.07847455550905,0.0,24,0
36076.856487897036,65524.547086413244,594.938837361288,14903.14331634943,12,0
92235.89370689793,30724.034935812888,762.2848095049362,9002.551460566647,12,1
66758.0916604514,83586.98350943277,648.71082164416,366.0087477891866,60,0
78202.86450619221,35653.02176424715,612.6125920376212,32944.81182973484,60,0
102320.76961262684,58726.13571932258,704.508575641121,25117.077148863485,24,1
50708.675645802825,30483.740118752914,570.4947910190529,32070.372577912367,12,0
42765.39883751173,78116.75520999843,809.2978364881858,15825.499866147205,84,1
86151.0775679644,30327.46218082582,650.7284972241473,34776.193279596235,60,0
75285.40691789058,100502.44534228006,609.82057570401,21157.126344727945,120,0
54380.09070536098,20120.08679115829,708.6849234795611,12917.804990413279,36,1
101743.73900867827,9631.1624501556,743.9286160211046,10416.668516534415,12,1
53632.67070480208,78546.56234237259,809.5975240149259,0.0,48,1
60983.20912667344,32250.69079209435,629.0031093741836,37465.569551254055,120,0
60636.67952502775,49782.88059651393,758.6056522693717,35763.577534021366,36,1
31962.183153045866,40332.765384928374,660.1211611899997,63910.53347327272,36,0
62327.56168459173,10621.751985419294,588.8619979026305,14980.70443014328,120,0
101902.80532195474,47690.19007584986,572.3188470995765,9998.095965873088,84,0
73349.04946128528,87947.47684916906,540.3016556366996,0.0,12,0
60931.90279196794,80094.11009916697,575.8306001110886,34399.49515698608,120,0
55146.98156502993,56953.78287877775,761.5706621760085,30947.396518184927,84,1
69926.01085219053,83368.04879105321,720.6709601786038,43276.69878947654,120,0
82492.99885467555,18214.4424591747,525.878834405805,6250.369708671407,24,0
78277.16492669258,40236.370132849814,475.3609079785065,30745.483466977632,48,0
50044.054145340626,61874.148221906245,538.770684420359,12169.391354820196,60,0
69743.44782330343,46087.555195486646,572.3263791752852,40155.742909212735,84,0
74398.19223444836,42595.30008570328,619.6734289422991,28043.22682238424,60,0
29784.15037419065,13980.688030367142,767.2863523008714,0.0,24,1
65046.91623551083,5000.0,595.2283141100334,18032.04440483084,48,0
20000.0,74535.99274848908,818.0499960177274,0.0,84,1
74476.01129463555,57296.647197566774,481.98001076786323,2550.7743159759884,48,0
79810.29163688044,77059.95134630278,615.1367479237693,3458.037717594969,36,0
82426.38377359379,36882.92173524877,728.5548669136401,10385.878261035863,36,1
48148.59443491297,28616.66345517218,734.7205252366434,16059.713239930337,48,1
69271.40505072105,50196.43899909903,616.4286043611608,22468.746426141162,84,0
102718.615366235,75625.98945838449,750.1753433784197,21718.18551191488,84,1
102413.08944873777,43056.43355037037,731.2196442506882,19642.102558997347,84,1
59124.81902320318,74053.55552985458,581.788534068749,24985.781420721403,12,0
64179.588921886796,19810.759832207394,681.4928468444422,1253.0803798868183,84,1
93327.33434203299,45156.586004903984,720.3613284076845,21097.680717572264,12,1
20000.0,47896.57567765907,588.9465232427175,41516.88539777519,12,0
50307.72771968926,86791.6983176576,819.4325450269163,17512.957597041233,48,1
100067.1136661027,56228.821940477246,566.4638053382357,27420.09148349699,60,0
89256.01625054298,102382.32554882584,664.4092883294512,26024.370675400183,12,1
71077.91332949714,9569.45600157552,525.0222683580491,32934.02645903875,60,0
20000.0,53897.56713233839,660.336019866256,24307.083496060706,12,0
58502.69300876514,55381.941175413376,543.2926783929178,32680.478430489973,48,0
42302.53811250201,68602.79592760601,620.5870858670737,27609.37068766165,12,0
69931.1670845164,25599.201906533264,491.3402438678903,29859.275130411246,84,0
35719.59945615359,100533.39018232508,729.9813400325721,26631.914634175584,60,0
29228.298150761777,50388.918244152774,685.6280049741607,4898.1597825596145,24,1
20000.0,17387.974611952457,758.74105536367,2438.534799610934,84,1
96654.14054930105,49519.25028759144,615.2194835360164,14701.588122436062,60,0
48006.88465670828,40605.15431359659,763.3847366880998,43274.60792264524,24,0
64714.37351107603,133497.05426741985,653.9279645394836,17425.204341090226,84,1
59932.856505774565,81498.3079857504,661.3167459428737,24643.39227137995,60,0
27976.98201118502,51489.84067124652,850.0,0.0,84,1
22228.052656554202,46642.49944402386,601.5324035061396,22906.128510021594,84,0
29840.546220082935,78531.70587444396,772.745903115485,21288.620276249458,120,0
38304.946835118215,79965.86480984643,697.9684940547613,0.0,120,1
70998.18741041415,5000.0,592.8095107754517,24363.33412956182,12,0
36128.47009438166,69289.79464200002,518.4309109536528,0.0,12,0
112394.71894783864,50838.9963193588,546.691494954451,9119.762526318855,60,0
90814.53107679453,10665.685346390717,763.0674797854512,34917.08019912415,12,1
84250.78648997124,76406.4241887253,823.4399526836957,22361.77290256598,12,1
56410.232925805496,117385.64040674796,659.1439903210226,13273.24863545355,48,1
105428.4220716145,66703.87840483342,664.3881762621123,11988.872009791938,36,1
53459.83106636628,83012.85326770593,727.6453433156487,13730.116495502458,36,1
59062.15757537262,104123.5727589321,657.3302029353185,22413.33431736198,84,1
65099.236192478085,25092.13547839845,759.9700037970322,1990.3571390620782,120,1
81054.69121630031,5000.0,679.1622250663185,36866.26202219995,60,0
79107.24237008956,69705.98189928505,663.5541313652443,2786.544816836791,36,1
45746.2416466619,42571.653906756466,580.0787152505882,0.0,24,0
44010.18841722139,8774.796428853711,555.4732920526718,34867.296979206054,60,0
79197.08871456253,47654.9019159262,334.09119864547574,13446.180139107977,60,0
81457.09751673698,71826.4212137186,773.4116799941871,21056.893859886535,24,1
48199.46625531382,45530.850057069205,635.3392944777675,29819.465255142524,36,0
20000.0,26395.17107794888,609.9602655264218,9208.445781581711,24,0
53780.517119752665,43294.78819110469,454.8292703614567,22057.186285301173,12,0
78705.77396477576,49415.70604095964,585.9887234227648,29723.22472382805,60,0
114162.50539259342,5000.0,572.8313541717105,44648.523288124634,48,0
24061.26112978014,45716.7514048792,570.5226912769225,12334.116612518112,120,0
47202.862415082796,9669.785835653245,683.2836143152628,13055.791994617493,24,1
48317.8931542387,69770.77856063288,662.2248553196004,28449.89928987992,120,0
100674.16018294504,5000.0,513.8704066380294,23128.894460882573,60,0
58951.754986241016,80380.76613652808,520.2158900092668,17944.46360757755,84,0
32780.20321883203,37725.047923581755,520.0321447669634,43890.3497376288,84,0
76760.85848765458,33710.728796839634,831.0526087567177,0.0,120,1
47860.84439877161,58833.63791905916,799.272262869163,0.0,60,1
23268.38179926137,24018.96664329824,564.7701000900403,0.0,24,0
33216.80078171548,58362.37262390192,452.3405680004269,38025.19941499962,120,0
112021.25863267857,28036.73675934888,662.804424301252,27720.849818306775,48,1
71526.27664948387,33297.964630256916,654.6940116237672,0.0,60,1
63232.80166357629,62160.62507987406,681.6916986988398,18154.4991297616,12,1
52503.18792563862,15842.577987968521,724.1373892477333,19584.866099915467,12,1
68764.46526356396,12069.880947129292,695.1703953395942,0.0,120,1
68407.07838007483,57446.765222310256,538.3560468499746,22824.156919185716,12,0
68765.06484621979,49193.00442531846,679.4041087164018,2336.8090680003843,48,1
63445.35270833259,55060.78234428176,735.3823575335655,30600.02820336505,36,0
86063.95014916649,59829.17710164262,577.5998276996627,2795.8813133030053,12,0
60693.13038002193,51721.26661420944,679.9956468755859,23287.397307815438,120,1
30661.83493342084,68242.77871901207,594.7219282532192,39418.55349184777,120,0
41627.31327297396,52923.08860935975,849.616972094123,34618.401215198406,24,0
20000.0,5000.0,517.317286113298,27607.47325575725,36,0
120804.51348127177,5000.0,765.5948936528602,18779.966353373802,24,1
85882.6377585806,107838.47540726248,482.9187238574731,0.0,48,0
35097.88514612289,50002.15601176589,829.3052685216608,13413.56239550787,12,1
51544.654518087,78507.24955151291,535.845093257559,16609.90746090639,60,0
40893.705773807,39628.88283118772,668.9671543989336,15532.664847751174,120,1
106276.4163412235,48259.547168182085,487.0806813303195,0.0,12,0
20000.0,36399.06037187469,515.0018882978289,26516.52117235805,48,0
63434.28176456338,123977.81994384095,739.7747047624622,2286.2649151207042,12,1
56744.164723054564,57597.27267092427,752.8162311469471,43191.63415408481,120,0
84805.15892127343,33954.26283481407,673.9358932367647,22220.31777978042,12,1
56879.72316825915,5000.0,724.1081665490241,34688.93942021679,12,0
20000.0,109212.00328207557,754.4878742653973,34378.89710518013,48,0
52466.46496072677,45101.6484431509,581.5823136200686,51168.97462407247,12,0
30835.13346170025,72326.87358684791,510.1038565683185,22728.215078585792,84,0
62387.38639669682,75679.91870919638,648.6296613797206,14149.081252850872,60,0
103025.3110956098,36115.084297088884,592.2798814102791,14438.222128326252,120,0
20000.0,70173.58326158469,688.8621480200995,42441.53962009703,120,0
35993.31793800289,31875.851397451475,704.8028612087926,196.46876116048952,60,1
43419.21138649509,20287.209138817525,581.8349209430719,6828.131327102272,36,0
48551.06713760366,84933.94077536637,720.4108542966443,23554.876410971952,36,0
82203.76992315732,45254.31860533402,715.4138375951309,17708.038189662562,36,1
54793.66747315838,65555.38500807965,722.331757888902,34514.66686557511,36,0
72474.08177161336,62327.62981645313,609.2207622989407,0.0,60,0
41226.80868804671,69137.95880165866,727.9922164828575,18995.809885502018,36,0
66897.73036253813,5000.0,702.0002280675193,17194.82386222011,24,1
83333.92892633144,32441.284060508904,714.0184644756561,3916.3404400127,84,1
38031.01350788734,40265.74527510725,817.7788563088526,33179.90180949369,48,0
83440.74359419545,25055.639812955284,682.7774189925411,18623.235655578716,84,1
61571.183061827054,62870.205440491634,589.3037776002533,17988.880837290813,48,0
91363.80721446758,85606.79232787693,538.9545469000536,7629.4481409734635,60,0
53957.40299769079,90355.53966038894,762.7936159993822,14452.016258219186,48,1
71437.33965486297,39823.857043703494,685.7307676035448,4675.586166191511,48,1
58781.8130496441,58758.97587373722,817.0021988320225,32956.4957804664,120,1
57113.63213878263,63369.305134702976,447.044780879953,35492.23995132959,12,0
67767.91284677069,68637.68282610588,741.0667087786442,45200.92287203377,36,0
76104.22407674711,23655.947807820685,623.8862664579372,26510.800653821774,120,0
22513.05264227985,104617.408047949,614.6479005118829,14911.721100303217,36,0
103009.00826453633,77795.60553039334,573.5192159851409,12965.551653564693,120,0
20000.0,78579.48031077323,739.9571013885143,27359.72065610479,120,0
39455.636707833124,86103.80170701191,711.3536177283224,23012.953318413707,12,0
57171.92787705298,66024.07826797954,535.7617974960559,17386.87780487182,60,0
72370.67907257844,19180.597308470828,666.4921437925071,16068.821346862896,24,1
107285.17583224135,45830.8180533468,720.6114330680471,37567.85631158738,60,1
20000.0,5000.0,667.8010525925906,13522.289842744376,24,0
44769.17614830868,62452.175290972526,760.7840300026938,40200.13890254063,24,0
20000.0,44923.590255033596,620.9961456110817,22732.042910003074,120,0
60948.65921730743,48784.32849419205,424.56423268955257,14481.78775126071,12,0
68150.50753500091,86120.03390256953,668.6717560768236,8220.961320363627,60,1
107723.87226513759,36290.17884330622,668.0625769405079,17682.129051008757,36,1
63619.04282680363,42436.30523683771,681.1186496704354,27550.485058273407,120,0
91320.75388327139,50659.19887889649,760.6979097967701,14344.805624090077,84,1
77515.11244617177,5000.0,454.75367467066934,32755.03329470661,60,0
46942.554089844954,42018.0903271399,626.151669566734,13595.617453574481,60,0
20000.0,5000.0,557.7342191998449,18128.231264133014,84,0
68250.06894875433,32434.353143127824,529.1969611881515,699.5839626275483,24,0
20000.0,75655.67160178482,642.7701000437107,28392.152552065418,24,0
98856.21218008932,63417.996747532074,720.1822030280675,15992.364596456528,36,1
55138.13693889528,32155.390686377716,680.0946604859159,43683.05761003836,84,0
95855.32234534249,51223.94654671437,581.247757750424,30572.150259024253,84,0
45593.566976028014,17750.312986087836,635.4528400456281,21267.49660591469,36,0
68065.52359202976,49929.6979055144,742.9896444629617,38377.640315403616,84,0
66280.46572004067,137909.60856477532,718.3129245060022,26076.632741331603,24,1
58648.67645967228,105374.03961115795,594.722998677337,35123.90181282157,60,0
47020.21459810223,51578.66390051784,588.2503624336022,7064.427505140851,24,0
71773.6805541156,54804.32494746123,478.3515839401002,26917.83287361676,48,0
32215.10209550375,20613.04056096347,607.0588666417636,27540.827909045147,48,0
23716.940131228243,25946.32676146849,476.4211069561484,0.0,24,0
97284.80679980482,60865.52966314082,850.0,42599.38196134542,36,1
81815.03966676301,34253.22303090545,564.4881843133289,2595.0161344292756,24,0
61976.7482580672,77124.48784554747,760.8980855313217,515.5645310134605,60,1
109954.27147631344,97090.57042933271,831.810620789199,0.0,48,1
51967.034438254654,59978.62354343117,671.6201408527988,27107.839097401975,12,0
99681.09659966938,53052.1161751978,639.9985743613094,0.0,36,0
65267.222547774654,5000.0,517.7634743944918,12246.20770464536,12,0
29257.477497708296,72428.3073581615,599.5399878351225,32568.025812098225,36,0
115441.20575312548,15689.860953828254,810.3965047869026,22880.793645393427,12,1
89721.32539872255,37459.72614099741,685.1252629622269,10644.541090816088,12,1
56369.36906971307,78787.27677155405,652.8348207458837,0.0,84,1
81815.13778601847,80892.74492927096,781.2123209175662,18385.806718827473,120,1
47888.8969800628,36004.77417949648,719.6290548455715,32829.128954795815,24,0
84874.47105178625,37732.53395240041,635.2126852220238,30512.54670129039,36,0
20000.0,29020.433802299845,671.6255835673597,46801.71253861279,84,0
29405.959989162187,14064.387640222674,573.1934962568693,10198.121400045407,48,0
89377.79232860889,30956.135536872745,593.8959353636413,244.49459428662158,12,0
52510.33385343242,5000.0,629.3701370741342,24649.264682666326,24,0
66226.26884666225,70491.87744524796,705.7471062373689,23171.31842810063,60,1
20000.0,61835.70815485627,525.2637027309954,19927.105808241242,36,0
115436.00987106308,66815.87854611539,657.6240330422729,8804.029853537833,36,1
95715.8893115303,21367.878482745717,611.0137839936936,0.0,48,0
53979.44344874011,14147.883094548313,559.9070781533795,4900.801067724795,12,0
47859.12429410021,51605.42822940681,611.5508450508346,28356.02699442615,24,0
90888.13084259079,51923.07694850676,417.8596736949778,24259.45397601886,12,0
119474.11350506783,45581.90517461164,574.241132597162,34478.96000879089,24,0
88612.80767434061,41315.501924364515,540.0513117924044,25177.72863548693,48,0
125154.08002189806,101323.2733308316,622.0083957399236,31040.258638749525,12,0
32329.460128142462,62780.75035378935,422.02101770360673,31470.980315161294,60,0
35418.395085036274,109120.35174399472,669.0892743509469,20307.12755492749,48,0
24331.766458399543,88068.950762949,740.9423296406864,20412.48130599252,48,0
73252.81948948438,101098.12778052034,638.2703627770101,0.0,36,0
65268.106494131105,17766.11700931994,699.8791873404376,10151.23874956793,24,1
55441.46629584042,67795.12972994089,598.7269443598757,10798.959108935103,84,0
84277.75884369896,37047.03533019881,494.53788762241265,18367.944077885128,12,0
96969.85815643992,5000.0,650.1691321285653,6044.917480353393,24,1
20000.0,94880.09508666577,718.0378376985219,34063.46020637342,48,0
42090.839162966535,41189.224228831124,517.5611874392342,6777.350529882207,12,0
84604.3078236918,18346.951091999465,603.4772723678165,36536.48962425829,60,0
45967.83948424254,37563.0841025392,625.2883599095583,5582.674471060718,24,0
36053.81770925538,26113.27631678542,850.0,10943.30306040273,24,1
90556.12282951185,29189.06097149998,672.3371194719891,9802.814703851824,60,1
21314.997908280602,43351.89829452051,459.44264211362224,12556.489859962852,84,0
50952.605766266846,101924.45579134228,434.71490981577904,37679.56919062391,84,0
69859.32077414426,30010.483503661228,723.049883026375,15093.730581094856,48,1
42785.402582696435,99778.11992657572,850.0,15475.163065880935,84,1
83494.66968039525,75465.10387938564,621.9025515399281,8873.0505775933,24,0
42933.69074407893,61888.14690758258,615.9180407941491,16103.097888771114,36,0
102258.58480337757,72443.60096755625,693.0774176197597,23246.72764240161,36,1
56227.61107512682,50409.669915123726,570.1703591654891,16772.586902074618,12,0
80138.1041011606,88581.50311590277,395.5845379571327,17745.624822189697,60,0
82380.71858948449,67009.40789801303,753.7264389275687,35240.45590406767,48,1
41173.79991767782,5000.0,588.6817871598171,24104.74178811521,36,0
20000.0,58887.557956698955,755.0117865821371,2736.727688921823,12,1
70822.67263991505,73519.19428977845,573.9013209689319,18721.02139051111,120,0
62168.65041374609,41329.96344196348,662.1779127460538,11924.747278249275,12,1
76674.78082725382,53787.67618141798,735.4831947488694,27815.389363120266,84,1
53204.17582851486,31614.260159767793,757.0350951071872,21544.097110758994,24,1
47087.16903597853,8671.230318093185,673.2988667481424,36954.662155054815,48,0
120254.19032945098,5000.0,668.3239095798999,8899.380759125399,120,1
20000.0,5000.0,711.9706180179112,17113.697565802853,120,0
82018.51435092716,70071.34227411596,696.4169534394152,4038.2876878452116,120,1
42761.944254498274,5000.0,520.8819465828687,19372.956001202176,120,0
49926.64146778734,30005.602191095568,522.7917645696158,0.0,84,0
50486.91502278103,27030.401442638668,439.09408969791207,24822.268487750895,84,0
35896.971774862286,41535.21392037607,726.6508000839647,19168.1062200372,120,0
77136.72630708718,5000.0,610.4270226289,22327.771070718954,36,0
101719.30787849872,62116.642842218556,732.0197245376302,31822.019655412467,60,1
74100.40983739984,11805.158175203032,690.3710573454491,23372.03733943437,84,1
63101.459886362856,83972.16622127808,549.7573318429031,848.3369542412693,24,0
30406.7850270226,31347.02937233503,637.9777566465222,11661.908366895577,36,0
75504.75797473353,47131.60929764239,604.5177948335908,18797.276428546345,12,0
124690.48895187897,50113.21569665619,589.0776519736438,15078.507949885623,84,0
48579.161286147224,57327.23158581716,741.5287325493281,16910.62940967699,60,1
48720.49261944402,51110.431324884266,850.0,44321.78762228052,12,0
43167.32607057008,37186.68353802104,761.6203641743548,21505.331691301395,84,1
45317.57296516739,60291.455920821296,647.3043632642596,25733.894248224766,24,0
20000.0,63984.41391484863,775.9507759956124,0.0,60,1
72151.06157567138,27045.959986711387,821.2902650310804,31190.06978349301,60,1
34633.43470936159,62791.03456920671,510.7629217689703,62779.42819337604,24,0
20000.0,85751.60907205088,772.485476136253,40184.812044276834,120,0
82595.69849197647,71176.82588313658,726.9682018743205,13397.147241317041,12,1
27539.466448741918,77971.2572494156,768.81190566565,54215.86135458823,84,0
49839.92838348727,55157.62546722336,731.3287456016901,20412.445498933088,60,0
103993.2717356574,21915.486617753624,627.2270992465859,24598.194147820992,48,0
20000.0,25710.66620889065,850.0,15988.456763182758,48,0
20000.0,59596.63903563235,683.9598608582149,15600.21697692083,84,0
68079.18568687014,78282.91175456932,606.5672979305747,0.0,12,0
94484.62092031105,133577.35741982167,700.5978015040374,31812.410478296857,60,1
20000.0,79454.6583331581,747.239590172786,15545.026887911723,120,0
72230.69210511532,14886.927275074944,659.4761075861996,17179.08968189431,12,1
77429.98619885076,26981.82282920053,689.3136383522225,24100.064662077035,48,1
20000.0,118355.51947867995,658.8367082103651,13781.326485486334,60,0
83955.04013721661,43568.33204069665,583.9924266899357,23957.401658044968,60,0
86298.17639526539,51425.439042838654,567.8175541372229,38045.90764168374,84,0
50646.43280231926,21187.492387723134,509.7183713428413,26072.200305425256,84,0
97570.39086894025,96953.1021672273,801.8020034046745,17697.54294732866,84,1
94093.66722974536,65009.99621961876,627.6582751870338,18147.573441759905,84,0
63093.537771516145,26761.95956344065,307.242489824471,23008.903686166304,12,0
46456.63829025199,20185.241334281865,689.6533079279509,7517.745535096521,120,1
30815.163222511288,59216.11837693617,687.5827104507302,23117.895519138776,60,0
58873.09471901426,51326.18524641357,463.3432317169604,30268.56338710902,12,0
77092.76759112538,74963.30651663382,566.7603791666738,21312.741441661416,120,0
50274.69416878076,66409.05419381599,562.3710965439071,13638.006530999379,36,0
20000.0,42065.58953694132,575.7732309207723,15693.447202551131,120,0
98061.41683729712,33685.95213615901,771.277586170357,29782.532604648033,36,1
65706.69665534681,45201.73555103498,635.1122451933163,3497.3569312451473,120,0
48611.26509969498,33479.57460029713,607.276511518385,7753.142842305639,120,0
85714.75165269864,46094.13401585715,762.2389942220593,0.0,48,1
105739.15789448269,50493.22785858145,699.5347745183706,20509.98049009705,48,1
20000.0,23062.07319859829,475.9021742023451,32928.31513611834,24,0
73027.90949766214,68920.3958629364,588.3376360832096,39972.22739686284,36,0
20000.0,38887.16856590989,682.1962087133945,43229.98764792083,120,0
74973.31520396823,24743.4694914397,556.6109865987967,9642.887867131725,120,0
63837.81607123738,39451.77715154396,850.0,23750.46448267475,36,1
79071.7957932165,57267.744698608585,661.2878763652584,13965.314882239463,120,1
45022.571565160346,52491.14599439911,574.6623660422475,44714.65928337679,84,0
20000.0,62663.54344713387,537.705635666395,39551.69450158707,84,0
46488.95426229996,76950.38375226587,742.7527588035703,22521.07158465891,24,0
72205.42905419349,89148.206120241,585.2138063006043,10709.663806831137,12,0
90461.7698602567,58564.584880641596,687.9924178291707,0.0,36,1
24845.060985824246,17917.928382935097,534.8480643125567,0.0,84,0
90811.81280619052,41926.675924090974,657.0197791524503,0.0,36,1
40563.831310604364,19870.448468509756,586.4114102116539,0.0,120,0
70873.4964478358,100905.62221136845,618.4605586524946,48182.71426867894,48,0
44703.181414031016,109622.0264758149,570.3719199614543,574.3787988241274,24,0
65465.11883136305,69509.33592489029,752.562627780827,4085.855077424714,24,1
86756.32903710824,75753.76527917091,600.8996024875673,6192.138015259183,48,0
23189.577681343922,57528.295797099774,635.6542805080297,58978.170934645015,120,0
39602.82309759506,60981.67746382374,640.4857719201256,19063.216583132828,36,0
65548.8776202626,5000.0,811.2270121633628,34913.06399156392,60,1
132047.50983091057,47782.02904229269,739.03085873914,22630.931172837885,24,1
34104.30863499516,23565.408129612206,729.068075827796,0.0,36,1
121204.01657990756,58440.6961261511,492.21133769736986,42989.59201474307,12,0
120132.69911025513,48211.704638343974,584.3607612397461,26016.45127010966,120,0
57080.665478952265,108404.65887038343,768.8618715828916,18174.305314771493,24,1
51055.42421400299,77498.83066168524,532.906918457835,46401.9119651739,48,0
39238.04404005925,58535.35947564935,658.4013548121729,14801.765934353429,120,1
57953.92409001993,41991.80938581122,543.4738495739211,17833.77252864823,24,0
20000.0,100280.6437627979,553.5092744590593,14823.459191071193,48,0
57712.829480382075,49101.3606162041,818.0785652864204,36144.36927969508,12,0
104906.40821552568,59950.218849058336,721.9270641576388,32207.343980353027,36,1
41667.44812569847,51267.48813280505,748.3140227794587,24179.282927928507,48,0
52778.27088032848,37875.38282878032,728.374148016378,4223.486787312804,48,1
20000.0,51095.18667156561,636.0711637770498,14446.496082862097,84,0
71221.86264393131,5000.0,580.8403292096103,4218.735991478989,12,0
67934.45054854122,5000.0,609.7909740582506,37405.517325757115,60,0
61911.07079297313,60488.91625008883,630.8173545613254,0.0,24,0
53495.1884933357,97045.99071582459,827.6286069327917,43915.56782246681,120,0
51217.26243682636,60446.63312432507,516.3643568970471,39314.793160987916,84,0
75057.00701102016,28388.934353100383,594.6338551381206,6222.066640474615,60,0
59135.5019523413,6714.38737797994,558.7036633694618,13752.7360454021,24,0
69449.15614665997,73535.81781426916,755.662319752048,9313.543933486202,12,1
66449.48452363643,32984.14546954697,835.3788259339096,26453.506965476296,12,1
93702.81861287286,69297.0625565768,680.8786359826396,41186.72340030987,60,0
80309.82292125163,61695.954741971516,689.1015834843585,37784.28974508736,12,0
65785.85529450572,64349.01176764068,659.1320923041935,13506.042898767631,36,1
105552.66091956539,51008.05122060668,693.7478989281125,38822.106016166916,60,1
72608.05587169685,61509.33154908924,727.3155162357627,37577.33051691907,48,0
99148.88066371257,46416.367962309945,692.5640512886821,17167.4913686916,48,1
78208.27825159914,30940.803968953893,699.8834328278294,19858.122831156237,12,1
20000.0,21095.028184518455,727.5414363493875,43125.711269701584,12,0
99145.04289957989,5000.0,472.17218987449326,35875.42820369534,24,0
64055.28724028007,44566.713127864714,650.2008930145726,38371.759767638534,120,0
58441.35687297666,95581.34548855858,680.5209042084517,58780.76168075154,60,0
68440.45042468731,71902.40277612791,691.6148180519291,28209.005244685577,84,0
49650.50514128798,56831.27355427875,632.9113738216046,24884.970813661836,60,0
66810.86581166837,27979.85017132547,666.0751499797152,40369.0619198849,36,0
42243.71800970723,79920.17677277232,578.0093595319232,49817.31367200508,120,0
98228.16776203111,46420.720645909256,472.515526430227,10829.091042262076,48,0
56592.356591368494,97248.02941367176,748.3137101305656,16972.122182200586,120,1
48522.484718326996,20567.38210115956,536.5628396680497,4721.440691793672,48,0
32252.225528421783,27500.91416082031,633.9546136886238,25141.24961616751,36,0
68063.27367445924,24581.90167341115,575.0870367097995,33338.87905736109,24,0
65613.21300375275,5536.448886979611,808.7009279876079,5766.840730481446,36,1
71652.7384103252,21888.659444247125,642.0355285491285,37006.93280332505,24,0
29182.443374846134,53096.487792977525,618.9543537117934,13200.096311437424,24,0
20000.0,28633.969254481173,724.7865868725983,11978.138692534107,120,0
78767.73907519679,5000.0,850.0,36949.07379835652,84,1
104539.25585629523,82228.19892260365,690.5689527058089,10622.891626446892,24,1
29209.391328303114,5000.0,612.2580538368164,0.0,120,0
107683.23850685096,67676.84854659911,719.659398135469,31154.85664863576,12,1
68517.33176209143,50936.43769008695,492.73209314184345,18024.465546602776,12,0
59788.11286347511,113521.18449261028,654.6429260064397,37970.88249765536,24,0
48073.53910362666,79908.72444567858,849.3957654956412,32494.860061452047,36,0
20000.0,34861.86213545077,665.7747396685772,0.0,36,1
89631.85547773799,28938.09312934064,660.7777656157648,39733.016350833794,36,0
36731.80915687191,95081.83042397856,652.0636540357506,48496.24929270432,12,0
36605.79972787199,5723.867086957645,610.45237195738,35504.05263896348,84,0
89757.78929660864,55726.39807756124,681.449067236487,36107.906353205544,120,0
20000.0,46066.38610250984,727.5273011660303,16284.918786383678,24,0
20000.0,39703.21793885972,616.8179947509225,12849.569695481008,48,0
59455.97269475755,60605.41953345276,400.9248261699179,23186.67042539284,36,0
68798.53287014556,55686.79581526027,696.5617505278755,33798.580370307885,120,0
74542.03943906771,63722.022283752325,850.0,33421.00412179472,120,1
50946.04519811241,54169.26957089852,612.3738591943869,13433.260285922443,84,0
135911.09005925068,62530.44215051743,502.8836617243396,11912.613522565862,12,0
53163.22323702498,52800.95578794784,717.741298473248,0.0,60,1
53076.41543691834,30217.193383510566,824.3832264184003,29703.798880332382,24,1
36090.39993558367,50120.03780709786,702.9373569715235,14153.280889369893,36,1
63717.20449563213,28568.4032088794,822.470005416651,15484.32804329763,12,1
78448.83696140324,26588.701858074488,729.3668545625712,45918.12769666258,60,0
96107.34163600381,39915.499918467445,720.6850985677693,28975.833601765837,24,1
20000.0,46417.305177924725,598.1999317257887,24843.480292537115,48,0
52620.139849328974,51056.75919043433,678.5406890753217,32452.95935713526,24,0
73401.10832427432,77491.36482089991,647.0529043282223,41309.21011163721,24,0
77611.72603783607,35046.0775237747,643.6264279433349,0.0,120,0
60196.45973413618,55905.55779424462,624.6134872048933,11515.573445773343,36,0
76272.71908596305,53540.83141831456,672.5613467458554,16517.97802134965,84,1
35731.08321222599,31741.151376018046,520.3655015863274,5324.871015446903,24,0
106737.1629695507,52212.22358619635,731.1718399281575,16021.676405090233,60,1
89778.84308938289,80081.64245531941,562.2254707219804,0.0,60,0
20000.0,55595.186506502,624.9728774995292,33832.688904485665,24,0
27746.908556497332,56797.51787081924,683.0559893035165,12237.431138983527,24,0
28592.347496792816,28840.15007171998,557.2726581604488,23014.345968292597,84,0
80339.09912689586,109065.76553614628,453.3536937694747,20769.629294857892,60,0
21458.167007475982,30549.30889032497,611.6953322302493,28361.291016860432,60,0
50069.26997375758,5000.0,506.89025074163,0.0,36,0
73641.13189250324,75805.5236065423,721.2310932670471,26753.955815869518,48,1
58015.02196360696,46555.48881054722,534.6496427457874,15873.624197310313,60,0
67766.62547138118,40908.74537158775,798.5155563709162,26102.958908220407,48,1
28025.918659537252,33633.38658765418,649.4207110764775,2308.2018839248485,48,0
77845.63120191733,106151.43872947514,655.917419459423,26205.1110550971,60,1
41603.64322572011,60637.70835814048,451.9368671455336,39477.67789586319,84,0
50261.40976806176,66492.53664935255,664.4862628850524,22846.493896987537,84,0
67131.95183717959,54878.46870746802,641.9820083126747,9241.387600520748,36,0
63092.34664592544,58101.488403355885,520.091096507453,9897.029106000302,24,0
60719.40057046779,91958.73831678243,658.7268338796808,28643.619513428603,84,0
37481.19534069733,42474.36016316915,610.2076989192576,28544.66468289621,12,0
51013.517664024235,6291.873634378106,628.321218210464,25348.12974090129,24,0
60065.50772511108,76041.6396268333,652.5881762194047,19437.124550086162,12,1
20000.0,64901.04836727176,602.8545786841798,23044.399630266373,60,0
46124.01101059864,53239.39438655128,674.6456626948868,19026.36375194431,24,0
71630.3963709854,64122.597246433594,641.3444517649036,14286.78441100359,24,0
21676.901884639723,38877.67339117478,697.2768468386575,31362.153652303714,12,0
94697.44954782719,50620.77748562779,597.1325406028009,24651.752617116596,36,0
98088.39787799529,46048.992384202706,543.508024706604,39358.12492883403,84,0
22645.482721197433,32255.352287872494,579.1131471561862,36752.980702760484,60,0
100728.58899150418,85675.18349315008,794.2656768851779,24162.207985160665,60,1
55692.55233863597,7632.241177465985,745.5966526206746,28930.709497944692,84,0
72555.43677471165,120826.465154389,771.3379132599109,5642.191028961783,60,1
45100.4684361526,76320.86627619425,778.2713958170219,18836.157830581273,24,1
87691.34481680286,5000.0,603.3681942826797,25139.942451264567,120,0
72182.82056546002,43275.01011527212,679.5811935408462,0.0,48,1
35575.402302071896,44943.62252289327,657.5839002847962,26441.33090478706,120,0
25043.940001041345,61756.59886826337,715.9538525591422,5611.595381255962,12,1
20000.0,20318.651877808396,621.0831754769033,7256.24164207252,84,0
65638.2532929827,50960.76030104652,659.2974157091004,12057.716642520634,24,1
77174.14235339208,46366.41805632059,657.2271477619686,19542.400006390137,36,1
79528.97036338324,27871.449122796836,703.2262399915697,79.57164452809229,36,1
56460.567161778665,23697.433055863043,715.5717221071599,32849.65211920742,24,0
25290.10633006908,77564.13940107072,659.36710323402,22661.273590432727,12,0
39537.756059286505,5000.0,662.3990784065808,48874.68545840768,84,0
94570.45916885778,64336.36808288154,672.5898020748705,24501.206832798744,60,1
45461.14306199756,73925.30920634372,814.6551420623043,28562.077668544924,60,0
64302.52892044428,43443.2498498475,477.0002208683068,7192.035983710528,48,0
27730.485492753378,51571.18519174988,553.0320338782192,2272.845633300756,84,0
70097.49136377106,84904.84999092144,717.3679596445942,29287.341836257507,24,0
46269.46314962766,28854.454678278293,676.9784398839091,3600.6505173986952,48,1
91401.3814132729,31950.42713332628,676.2749550150877,29627.742283284722,36,1
83206.7311862044,35135.489567020755,716.7495498713356,45597.86708317249,120,0
45128.82160275301,84959.76797669844,671.3992893123764,34186.53029365595,120,0
56200.0791795701,88768.81240654123,594.0717521550777,28556.69924353061,60,0
43466.512798781136,8123.292966091431,712.8809140108259,24042.456647141305,120,0
20000.0,80187.2224193491,652.0887162999078,14240.600611824262,84,0
34276.7271135835,74567.24919041852,605.2422821110447,18281.58291480276,60,0
65946.51983162461,96607.84431349483,719.0360624577911,11518.569894078659,120,1
69757.78494688746,61553.24096379139,715.1033858282,268.93673549288724,48,1
64456.437107779166,48672.1963916427,671.4766491600792,20531.410138723997,24,1
50948.00838124093,84356.50059714977,821.7119153994557,36618.33592332951,48,0
87991.99817162956,70967.11374505296,782.6826734770284,668.022288933731,84,1
61906.25713682812,117346.9524244618,750.1857194053802,40977.44649204989,36,0
81097.61484287842,78761.23534885484,850.0,38257.76349292367,84,1
20000.0,54606.43929271746,635.3536598002283,25954.982360178437,24,0
20000.0,14776.86858871486,603.5199670683907,26075.680224115964,84,0
68513.6408351424,32572.48468417645,736.0363099303358,17206.304007346793,36,1
20000.0,6921.350659159514,624.7365702005719,20630.249050029288,24,0
53626.44891860832,43548.1389181741,651.1927715647822,13046.21789553104,48,1
50937.08876926183,77782.02779698536,551.4080034249695,20474.57116368759,12,0
107622.0180724661,49889.867345584535,710.6659457713127,22097.392417062612,48,1
71999.8965883082,80651.75806280218,502.899275446239,48218.660005271086,24,0
64975.770803960186,60127.2120031704,640.3561778840631,28484.240665680485,84,0
85109.73463901022,37907.23130737971,648.4644262484244,16858.953972588828,36,0
71054.92760517116,52628.754655098914,606.3961157580169,18516.39969844471,48,0
46269.690210347006,64162.90073165288,474.27852413385,9301.125975246285,24,0
92144.2779076368,54176.70195390848,473.53689062255495,11773.563138220003,36,0
26707.496163351774,54520.52686555742,575.38275933282,33660.43537614372,120,0
69697.41562600687,26928.49677239881,703.9050328762064,12590.493487540341,36,1
20000.0,37010.71204273352,678.8924861441944,10736.960799280854,36,0
66118.31572547986,117753.82388463934,648.3564641168858,11112.31105954841,84,0
65789.68925318788,86853.99471270628,561.5411513982522,9062.314217350126,24,0
110293.64885743988,5784.773095708522,684.1132221261107,36907.776130152786,36,1
20000.0,5000.0,470.0970721961082,22140.546137929774,36,0
41973.38472438562,52285.77264346167,410.3450517628022,15765.280632477372,48,0
84680.47279722431,76804.1868327797,625.6928448784995,20439.22459785058,36,0
70059.51769191923,34401.74487733378,595.3948619902972,23259.357645870135,120,0
65409.151540125094,80649.76184593813,751.3171297647458,8790.59718385172,84,1
31315.928911243824,51789.63695021252,665.7983777772835,0.0,12,1
42275.449557257125,45108.161608190756,815.0735309999851,40077.54077207891,24,0
97351.2302466977,72683.45528525545,595.1784931304541,34820.356148846855,36,0
58454.72418738216,34043.72621293193,698.6772291522161,25667.038907954542,120,0
71260.7908843342,41398.81034589041,624.772287058437,33787.90904993154,120,0
56544.35013670563,70105.01786391389,788.1719724131137,48715.46072646392,36,0
24507.434542507042,49058.121888019276,629.594955287592,11968.944452657324,60,0
88014.31278224991,107263.28820133208,735.4406780145765,3199.4891379640685,48,1
75096.9715359749,70814.76238568054,542.2381035475839,29922.74931916471,36,0
129169.10512101567,68864.41484998286,608.4787356867955,0.0,48,0
29532.558610483647,48514.860618047955,641.5956588072534,20569.58980809769,48,0
84677.18763601442,76242.6403012882,776.3417539962801,15523.528754588646,12,1
20653.68101888996,40321.766815950614,430.2813058991961,30108.31676613145,24,0
64720.39703019233,58471.33253598545,616.7355553554221,12765.87803364158,12,0
89295.19767189494,22511.208589863192,613.35198735727,37996.54666555223,24,0
20000.0,81183.24176691775,442.30264776056197,8796.747417031555,60,0
53852.02577275176,58718.14091785376,603.5964239253185,30587.009920580538,120,0
43103.70797872139,109475.3919109363,495.9332868808706,10003.794340078726,12,0
38941.28105114635,121768.95151009274,416.93365219626077,28226.81742837309,48,0
71556.37956778062,72899.58354299443,623.7687171504678,4780.3131995844415,36,0
93620.57119267786,52052.759336237104,620.3854879196142,19638.29235242873,60,0
56001.63854312534,21618.06463623294,625.5046417040668,39831.37385241242,24,0
66164.59282680061,77142.49409776472,675.2858245898351,21725.078002126116,12,1
63429.262591777435,56308.53691685685,562.0603176786301,37746.15771676472,60,0
60054.105190692426,66141.04517463385,829.0856013445921,19605.882801088737,84,1
27319.72086863681,101893.6216236873,646.6705991868497,12424.261095347843,12,0
93253.33805168679,25267.301340099595,778.6430463061484,22579.737418436755,48,1
68855.86104476509,22270.874945559903,482.0100758511288,29275.94983824953,84,0
71846.44470007734,42907.2218488796,566.5470349908126,0.0,12,0
35804.711129232535,74636.0344925547,718.631480504423,27834.275665380184,24,0
46223.38806032278,66646.01720643464,627.3435724322067,5902.4724075800095,84,0
54715.974068676645,23129.344649126826,542.6820612627033,2173.4332555894944,120,0
20000.0,72696.58702107448,466.1370101355919,28078.650002426526,84,0
20000.0,13963.61543320211,723.3203672240364,40077.54391219208,24,0
41977.56208084297,24867.74976953427,715.1602254948855,23246.092772192274,36,0
75675.6229932717,46536.280484324314,674.3320691419228,0.0,36,1
40405.87830210177,33397.062620743396,600.4093809214083,9941.592345664561,24,0
29435.844072278593,76695.78465952804,538.6909972370195,13725.99237711326,120,0
35559.4304028699,58591.354490032834,644.7018460103299,22941.454103431035,24,0
46339.72730564063,102966.8353288178,518.4681396354599,18921.802274955593,24,0
49384.23111539689,42584.43903936757,574.841591943541,27428.447051652587,60,0
124965.6435661967,46333.935468777694,776.125058139955,34999.592459644,84,1
91638.61885461955,86311.47827185289,464.9164236868581,25171.16867286432,120,0
90743.22336845184,47272.375906286135,717.7527826900367,33471.21038867155,12,1
95057.41092820144,94820.15743122637,799.4195951449162,15954.345334629346,60,1
30035.373919978516,66224.84631153475,731.6259719382654,69438.56689891327,120,0
23329.061550382823,5000.0,689.8212878426484,28297.708907543805,48,0
26793.891253978298,85327.11242448393,603.6427153828876,30260.729471804596,36,0
100035.18400013514,77381.80439359427,585.4111945565987,46365.21215581754,12,0
43584.24633352527,78539.97818331634,425.1869133936679,21322.682042881635,36,0
22459.314532821394,5000.0,653.7006680267315,10317.37532899571,120,0
47070.11399340561,30110.30116186857,609.7759551270906,39596.51068878408,48,0
52841.83404856118,32338.854993296904,580.1965591318093,40477.14449901892,24,0
68052.39821083687,24766.35897318823,647.9918971120987,22302.594575868723,36,0
67528.5306213613,102257.67595681814,656.2369480204655,46394.413067663045,24,0
35154.58308379476,49646.96486529098,586.4442702632946,18750.712861323154,36,0
80569.69177541132,48903.17172112488,811.3080783476787,33984.24423684722,120,1
40824.19398749526,66560.24930947337,723.0602779112425,42732.985951305076,48,0
55311.70989884871,67079.05003668147,739.6278558373278,21474.935231342228,36,1
80603.22211510065,5000.0,639.6697216360591,26851.971647543207,48,0
40745.357881669755,30609.2738855191,701.1235732261143,35390.2266658064,120,0
42919.45729256587,7616.3426662616985,560.4295399401437,14507.226376816783,12,0
77750.04149079393,62009.182794644585,716.6258540250307,7787.724267222613,60,1
34268.004701849415,41333.22756997858,629.5597392686261,39994.72715266318,48,0
48456.23929187788,50461.62693503806,547.8016464985674,24601.48751993139,36,0
76672.26534128678,5000.0,647.723332878077,12416.156900036829,12,0
121622.77324307925,40704.433259285055,620.794596975011,21411.751575211012,120,0
78162.1351428824,83453.90755498446,850.0,27627.98443949815,48,1
74179.19288970035,92283.48449306503,693.5394248479912,0.0,36,1
75924.04751018189,71565.902586221,807.9717467448222,30739.893463761422,84,1
27804.291777988517,9936.041196556434,763.1287106358727,26126.693057628625,48,0
63467.902160397236,87782.05408976371,653.77805997975,44826.486216643665,48,0
59107.005349907944,71720.06765000048,605.6280797069955,16715.130242620784,24,0
69647.53621118268,46484.328978063844,475.9773418799677,40656.76150262387,36,0
63495.24157427612,5000.0,562.905644933526,19330.316880022812,60,0
71390.99032251337,78607.84851987551,716.2753457754214,22087.61132989083,48,1
50655.98415302395,32235.010100498625,619.7869614879297,24214.268732869932,12,0
61758.26752115378,60384.97463164343,687.5820325738441,51398.79988142182,36,0
23165.14301829024,52051.81581909987,446.9724848652663,1407.6410355861408,60,0
50402.78165991259,96151.84953314834,695.3514849097373,27426.127682463022,36,0
101725.00644529931,46238.99042007474,759.6481557199286,20633.471558858422,84,1
69564.25018884768,49546.592297421565,472.4241710193746,19571.972582375416,60,0
59372.368878507696,97358.4617143589,687.1563906356799,28745.161389054338,60,0
116883.6982876304,30253.33268749434,784.353465360846,36590.01606953383,48,1
20000.0,74429.68554223332,818.0086649339465,27974.48129872833,24,0
26716.33333661341,44041.52831364608,599.650092914204,38528.070514940526,36,0
111381.34233828817,19923.741139852125,727.9930344611533,16235.582110561889,12,1
61378.82808146802,50034.82960162618,792.9789820005415,19271.716719634573,84,1
52722.508911306184,70751.15340823962,690.1381390780379,4986.932713868282,12,1
24023.870247130704,90611.29519929533,778.5077588996811,49743.58535137306,24,0
73430.88799185035,94240.81956037047,646.4138346661699,17199.312963851633,12,0
76333.79608582387,41157.07777323402,689.4314143770797,15541.77685197206,36,1
27165.16917495311,20382.523039033593,587.8390773537798,29099.94085440297,12,0
55791.73243348715,40437.83301267562,633.5399842326241,36606.191910845664,84,0
49934.52503900802,14554.077400095332,693.3716169876363,9618.78153323032,36,1
67679.31439256313,43478.414017504845,580.3380674954233,37800.3121584195,60,0
26422.492733380685,39750.041491407246,627.6413626859246,15450.472667009399,48,0
97558.42363539472,71824.70612470296,726.0873680946803,41459.293313411574,24,0
87474.71344792812,5000.0,850.0,11886.36494474666,24,1
49104.73323801551,27991.761617400807,445.0561508351426,31031.7098709259,120,0
53507.43865084887,28234.450866742536,847.6576667323617,20640.647298716944,12,1
55907.33549167152,85613.81757224076,624.0128235577232,3104.332344575858,36,0
36650.7434098049,16584.668677969494,746.4899869027385,0.0,84,1
46697.11745294893,56799.720789469815,766.109269999174,8855.707090660893,48,1
51891.88896976173,46156.14756740656,806.4496773940547,34888.35337870748,84,0
108386.05112121385,81291.27580509146,577.2038135270209,0.0,12,0
88398.5492499131,67874.95593531642,627.4728691882202,25009.189598388715,84,0
88039.64122009871,53637.31195461139,644.6403901047097,23703.35783770976,48,0
71097.7683901317,33359.993762357946,614.2566157502655,0.0,36,0
26480.189732062965,5000.0,781.8760974839139,8046.572839678509,84,1
58755.266862678625,57412.569670622164,642.3172298988534,8018.227164704484,12,0
89114.6537884014,65914.69395589619,488.14523351916307,20790.372066586115,12,0
22252.061118981364,5000.0,586.6986177686236,41995.03674106563,84,0
79096.59620619792,12989.175070143523,492.15999733031197,36124.42890946738,120,0
129678.27675788298,57569.89920115028,627.1661213306659,14595.373273519355,48,0
91854.49937969196,60174.2505862361,717.2549674567937,7558.737660291516,12,1
102420.87406685963,20280.58069723822,584.5523327696311,0.0,84,0
66550.16251326482,32778.058592958856,609.6967035365423,14320.872746776498,48,0
89037.9584629497,5000.0,622.5234707661806,6518.191708108505,84,0
38464.403569378934,91317.91711439702,664.0742493835245,19457.78027441729,84,0
83875.91437023679,11003.767778946429,701.6082778635524,20026.157946162042,36,1
79631.6440218229,66267.78173745652,730.7255427935369,12866.211013041433,48,1
68697.33522112989,48951.17911539859,850.0,13180.33729264616,36,1
99480.22259155495,88687.80858874277,662.3495931000073,9593.077684471577,36,1
43836.45486457834,26232.377216757308,723.5793053979714,12312.807551846003,60,1
54388.27450579012,51837.581310211615,491.2443252321725,41538.7302605812,48,0
62863.8612407489,5000.0,612.0817014434466,27767.1206275443,24,0
29111.670867317982,5000.0,622.9583106537926,27970.254131670736,120,0
66807.95831400744,67890.00751596421,548.2685111012896,35179.14361989993,60,0
20000.0,5000.0,596.4007268632464,33852.838988029274,60,0
91408.63603284628,43153.47396696408,639.2515282344373,41371.465879593554,48,0
61399.12099697897,80338.86343918758,599.5336625835192,28826.271642748135,60,0
44373.2128828871,72400.54568284038,850.0,23077.166610704622,60,1
34968.791631146356,30062.43536154219,701.227534157773,11138.430531795444,120,1
52962.62911142437,5000.0,850.0,7637.720123270734,12,1
80647.79132317241,65284.84584966586,799.2651178834005,33233.85892594668,120,1
76432.16936212682,90267.70348580542,586.0753866549614,18334.175335931475,120,0
38833.86158164617,30132.857640031296,653.7560467419811,0.0,36,1
34618.809821170966,25900.614247786503,606.5175378925424,0.0,24,0
79706.96118958942,34252.94111393004,633.8177240713668,52214.41728172221,48,0
38329.577861549114,67148.26132421347,552.3566330811269,5210.956644937985,120,0
61797.29322238511,86855.52819244738,605.8464670829777,9706.419240208474,12,0
63712.63927572831,12811.795658584328,685.9518881533238,38421.16884443484,84,0
69361.86395180215,5051.545720260408,683.3122056942204,1871.3805000472385,84,1
85748.11290545616,120199.88965797344,675.3403665216267,27971.150035932194,24,1
22111.11189398032,44680.31636329884,644.0325175116441,47329.65248073141,120,0
20000.0,57586.78387070929,736.074242523694,51707.454316117604,120,0
42976.58156314945,29242.07478147083,624.2956973921462,13288.275732248716,24,0
114045.85223496558,64698.86928358148,789.1552339761615,19819.446607611186,12,1
120665.22300262135,78801.82624104567,465.24024429824374,14054.241904676197,84,0
114935.31406697663,58993.88514718789,715.6811023975756,19730.745579708066,48,1
54210.55896717931,102225.74231043304,698.8371112247357,39474.0735036479,36,0
20000.0,40197.66230176724,582.543344274845,0.0,120,0
20000.0,42113.52580893871,614.4768973144724,29719.35194037861,12,0
41578.85515351767,56942.190538322466,696.4790939109037,17067.535503661515,60,0
54057.79109551919,63948.84936518291,741.593524714875,40527.51620042287,84,0
99018.76203167877,56838.417861878275,475.05368316688936,39731.29852113547,120,0
86034.16378627336,11467.549191347272,712.8246067654255,13893.02751318417,24,1
66822.15236974861,59375.45498586684,604.2348814442444,18338.284223969415,60,0
33304.65687176575,38774.79245589688,762.5289774298553,33391.441151497056,48,0
31176.613252653293,32570.68957776063,466.0724786183823,34749.814909207744,84,0
67623.83061214307,50974.46164259731,850.0,0.0,84,1
80911.52936519179,21154.319380123572,561.3860066985902,33343.257442289934,36,0
71756.43786736754,15938.260283803058,792.9961186789678,44697.228383113805,36,0
28962.061211800356,5000.0,643.0815380267167,23834.140491707385,36,0
79520.02886376259,102417.11985529674,568.1333262799869,34252.64633983352,84,0
72777.32901304234,66671.93957309007,676.5114005381412,39181.34190302322,120,0
27880.00781429465,46497.07636081085,752.9125444956369,23323.905640621735,120,0
36470.37089099233,29983.302893400556,494.72951992552373,32213.46214813066,60,0
80654.87923684699,5000.0,720.1588849287009,20190.29746044863,120,1
52964.773945623274,28144.13371335547,648.782150134291,19217.477725948946,48,0
107674.41904909372,71475.99011492229,707.7044082566334,10076.878587067786,60,1
75033.87828193729,78265.22910781606,651.097535733898,22595.33670401314,84,1
45401.06435432193,69268.75980809904,592.8131161245346,48302.85252664254,24,0
59693.83198827202,54751.758672574055,538.6876748628121,6462.576379131628,36,0
61901.50177913155,89116.22437794137,717.2645112047026,29253.093868770495,48,0
38148.290602748704,40143.88333734379,716.7271992198835,24814.326161736644,60,0
32622.354054671203,82555.66748403084,716.2272247690809,42122.41653493352,120,0
81041.69681428498,38462.52668839361,692.7596319440573,44943.39965324274,60,0
85358.19891126287,23565.76073366713,744.469887183947,6135.837446696545,120,1
78113.44408658876,19828.610587324365,790.6069279769642,11386.768221405453,60,1
105459.54282971405,18065.107364811414,462.3582152593482,12206.206062550498,60,0
43746.80291965194,69772.04086407456,415.82025561309115,12737.0091848401,84,0
110228.12298213391,27717.632867087646,821.7947359879645,14023.272699236877,60,1
32972.36644337542,19009.134648951684,515.8953485414811,25205.967787555423,24,0
29619.433098945217,71412.0565898408,541.375671321038,7229.195377337492,36,0
20000.0,59839.11171416698,621.2385688125075,9338.127585437374,120,0
46626.14058519549,78877.75948537406,484.60284212868976,8141.145342299194,60,0
44888.32989511639,65377.98533818395,611.8413302692362,27389.36739049293,24,0
75778.11840763951,27406.65259408065,555.1894655877335,19043.47487493001,84,0
67316.72824861352,52283.072494057626,626.6659130302993,16380.478172342539,120,0
24210.798869425897,53753.989723090315,677.9841304907102,7371.8045324534105,48,1
48218.21284722547,22425.24024577993,615.6461774570436,0.0,48,0
48856.13936736944,16861.25077718022,610.5952714602853,44473.00591014625,84,0
20000.0,29578.351726468863,675.7995796791646,15669.084682778259,24,0
30571.598189598917,111097.4707001624,754.4291797949948,60657.38666424551,120,0
36875.591081577324,37617.677173353535,810.2964346921666,31591.87086351477,24,0
103008.75059462839,86986.00374160142,628.1461745997784,47438.792495263595,120,0
65743.52147872058,35940.18471560606,832.4889151923237,34902.30919271166,24,1
79865.06261842498,76665.16458619977,737.6706834761246,22377.742365304526,48,1
20000.0,77074.74966673541,526.7991546026824,11035.136629100301,60,0
95826.43449041975,78577.71523856134,523.8791744386325,5347.401269052798,120,0
99033.06189072278,61634.82026026876,592.271214939733,36794.76525478903,120,0
20000.0,91320.99736343454,794.4603983359726,23975.510735609932,36,0
38840.49828252455,61350.61908058183,599.8632684434464,29247.515611752082,60,0
74872.96719046531,101405.8918802084,460.76431754937266,32219.35257423105,120,0
79331.65360614547,5000.0,627.1115791112289,25339.61581588697,12,0
